X,Y,RSRP
0.5792207792177703,0.539358600581518,0.7307692307692307
0.571428571425603,0.508746355683648,0.6410256410256411
0.5584415584386575,0.5043731778410951,0.5833333333333334
0.25714285714152135,0.7317784256538432,0.358974358974359
0.5532467532438793,0.5189504373162713,0.6510256410256411
0.6129870129838286,0.5320699708439298,0.6132051282051282
0.5896103896073267,0.5451895043715884,0.6346153846153846
0.5376623376595446,0.516034985421236,0.6814102564102564
0.5454545454517119,0.5116618075786832,0.6347435897435898
0.6155844155812178,0.5306122448964122,0.5937179487179487
0.5480519480491011,0.5218658892113065,0.6553846153846155
0.5428571428543228,0.5131195335262009,0.6305128205128206
0.5558441558412683,0.5174927113687536,0.6614102564102564
0.6103896103864396,0.5335276967914474,0.6424358974358975
0.5506493506464901,0.5204081632637889,0.6503846153846154
0.6181818181786068,0.5291545189488946,0.6410256410256411
0.5610389610360466,0.5029154518935776,0.5925641025641025
0.6025974025942723,0.5262390670538594,0.6425641025641026
0.670129870126389,0.4883381924184014,0.4230769230769231
0.5636363636334357,0.5014577259460599,0.6007692307692307
0.5688311688282139,0.5102040816311656,0.6553846153846155
0.5402597402569338,0.5145772594737185,0.6623076923076923
0.6779220779185563,0.49562682215598947,0.47115384615384615
0.6805194805159454,0.4941690962084718,0.373974358974359
0.6727272727237781,0.4985422740510247,0.38461538461538464
0.6051948051916614,0.5247813411063418,0.658076923076923
0.5766233766203812,0.5058309037886127,0.6410256410256411
0.5740259740229922,0.5072886297361303,0.6378205128205128
0.5662337662308248,0.4999999999985423,0.5961538461538461
0.6077922077890504,0.5233236151588242,0.6244871794871794
0.5870129870099376,0.5349854227389651,0.6025641025641025
0.5999999999968831,0.527696793001377,0.6538461538461539
0.446753246750926,0.6822157434382443,0.42948717948717946
0.42597402597181316,0.6705539358581034,0.46153846153846156
0.37662337662142015,0.6428571428552686,0.6264102564102564
0.4285714285692023,0.672011661805621,0.476025641025641
0.4311688311665914,0.6734693877531386,0.48358974358974355
0.43896103895875865,0.6778425655956914,0.48371794871794876
0.43636363636136954,0.6763848396481739,0.47487179487179493
0.43376623376398044,0.6749271137006562,0.45846153846153853
0.44155844155614776,0.679300291543209,0.48384615384615376
0.44415584415353687,0.6807580174907266,0.4230769230769231
0.3350649350631945,0.747813411076537,0.38461538461538464
0.36363636363447466,0.740524781338949,0.36461538461538456
0.3532467532449182,0.7346938775488785,0.40807692307692306
0.35844155843969644,0.7376093294439137,0.41961538461538467
0.3506493506475291,0.7332361516013608,0.40564102564102567
0.36103896103708555,0.7390670553914314,0.3733333333333334
0.3428571428553618,0.7521865889190898,0.375
0.3454545454527509,0.7536443148666074,0.391025641025641
0.35584415584230733,0.7361516034963961,0.4325641025641025
0.34805194805014,0.7551020408141251,0.3782051282051282
0.29870129869974704,0.7740524781318541,0.3076923076923077
0.36623376623186377,0.7419825072864665,0.41102564102564104
0.3402597402579727,0.7507288629715723,0.46794871794871795
0.5402597402569338,0.47959183673329564,0.5333333333333332
0.31428571428408164,0.7230320699687376,0.42948717948717946
0.69610389610028,0.5204081632637889,0.3525641025641026
0.5584415584386575,0.4927113702609542,0.6205128205128206
0.6779220779185563,0.5072886297361303,0.5051282051282052
0.5610389610360466,0.4912536443134366,0.591923076923077
0.6675324675289999,0.5014577259460599,0.5
0.31168831168669253,0.7244897959162552,0.4415384615384615
0.5662337662308248,0.4883381924184014,0.6358974358974359
0.6129870129838286,0.4737609329432252,0.358974358974359
0.5454545454517119,0.4766763848382604,0.5214102564102564
0.5558441558412683,0.4825072886283309,0.6837179487179487
0.7012987012950582,0.5174927113687536,0.41974358974358966
0.3272727272710272,0.7274052478112903,0.4288461538461539
0.6909090909055018,0.5116618075786832,0.471025641025641
0.3090909090893034,0.7259475218637728,0.4508974358974359
0.6753246753211671,0.508746355683648,0.5055128205128206
0.620779220775996,0.527696793001377,0.6247435897435898
0.6727272727237781,0.5102040816311656,0.5088461538461538
0.31948051947885986,0.7317784256538432,0.3724358974358974
0.6883116883081127,0.5131195335262009,0.4291025641025641
0.5766233766203812,0.4941690962084718,0.32051282051282054
0.6831168831133345,0.516034985421236,0.44294871794871793
0.5688311688282139,0.4985422740510247,0.6538461538461539
0.6857142857107236,0.5145772594737185,0.4273076923076923
0.5532467532438793,0.4839650145758485,0.5824358974358975
0.32207792207624897,0.7303206997063256,0.4248717948717949
0.6311688311655524,0.5335276967914474,0.658076923076923
0.6805194805159454,0.5058309037886127,0.4051282051282051
0.6285714285681633,0.5233236151588242,0.5897435897435898
0.5428571428543228,0.47813411078577805,0.5448717948717948
0.6259740259707742,0.5247813411063418,0.6196153846153846
0.6233766233733851,0.5262390670538594,0.6515384615384614
0.5506493506464901,0.48542274052336615,0.5608974358974359
0.3246753246736381,0.728862973758808,0.4396153846153847
0.6987012986976692,0.5189504373162713,0.36692307692307696
0.571428571425603,0.49708454810350705,0.5833333333333334
0.5376623376595446,0.4810495626808133,0.7371794871794872
0.6337662337629415,0.5320699708439298,0.6602564102564102
0.4701298701274279,0.7332361516013608,0.47435897435897434
0.472727272724817,0.7346938775488785,0.4166666666666667
0.7402597402558948,0.5174927113687536,0.25
0.7064935064898364,0.5043731778410951,0.26282051282051283
0.7090909090872255,0.4999999999985423,0.38461538461538464
0.7324675324637275,0.5131195335262009,0.3641025641025642
0.7246753246715602,0.5145772594737185,0.3141025641025641
0.7142857142820037,0.508746355683648,0.39602564102564103
0.7168831168793929,0.5102040816311656,0.38461538461538464
0.7272727272689493,0.516034985421236,0.3025641025641025
0.7038961038924473,0.5029154518935776,0.36115384615384616
0.7298701298663384,0.5116618075786832,0.3552564102564102
0.7220779220741711,0.5072886297361303,0.4248717948717949
0.7194805194767819,0.5058309037886127,0.47987179487179493
0.36623376623186377,0.5699708454793878,0.6602564102564102
0.5012987012960972,0.4941690962084718,0.6089743589743589
0.37662337662142015,0.5174927113687536,0.6282051282051282
0.49870129869870805,0.4985422740510247,0.5897435897435898
0.35844155843969644,0.577259475216976,0.5298717948717948
0.36103896103708555,0.5728862973744231,0.5705128205128205
0.34805194805014,0.5830903790070464,0.5897435897435898
0.4493506493483151,0.5233236151588242,0.6652564102564102
0.3896103896083657,0.5131195335262009,0.46794871794871795
0.4285714285692023,0.5349854227389651,0.6497435897435898
0.5350649350621556,0.47813411078577805,0.5512820512820513
0.5272727272699882,0.47959183673329564,0.46794871794871795
0.42077922077703495,0.5422740524765531,0.623974358974359
0.3506493506475291,0.5787172011644935,0.5726923076923077
0.4103896103874785,0.5014577259460599,0.5855128205128205
0.42597402597181316,0.539358600581518,0.6358974358974359
0.3324675324658054,0.5918367346921521,0.3076923076923077
0.43896103895875865,0.5291545189488946,0.6326923076923077
0.4077922077900894,0.4999999999985423,0.6185897435897436
0.397402597400533,0.5058309037886127,0.6025641025641025
0.446753246750926,0.527696793001377,0.6757692307692307
0.42337662337442405,0.5379008746340003,0.6361538461538462
0.43636363636136954,0.5335276967914474,0.6293589743589744
0.3870129870109766,0.5116618075786832,0.4630769230769231
0.44155844155614776,0.5306122448964122,0.6358974358974359
0.41818181817964584,0.5408163265290356,0.6624358974358975
0.5298701298673774,0.4810495626808133,0.6217948717948718
0.44415584415353687,0.5262390670538594,0.6071794871794872
0.43376623376398044,0.5320699708439298,0.6515384615384614
0.4311688311665914,0.5364431486864827,0.636025641025641
0.35584415584230733,0.5758017492694584,0.5608974358974359
0.5324675324647664,0.4766763848382604,0.517051282051282
0.37402597402403104,0.5218658892113065,0.5953846153846154
0.4129870129848676,0.5437317784240707,0.6794871794871795
0.5064935064908754,0.4912536443134366,0.6282051282051282
0.3999999999979221,0.5072886297361303,0.5855128205128205
0.4051948051927003,0.5043731778410951,0.617948717948718
0.3532467532449182,0.5801749271120111,0.623974358974359
0.4519480519457042,0.5247813411063418,0.6688461538461539
0.36363636363447466,0.5743440233219407,0.5271794871794873
0.3948051948031439,0.5102040816311656,0.6038461538461538
0.4025974025953112,0.5029154518935776,0.613974358974359
0.38181818181619837,0.5145772594737185,0.5307692307692309
0.5246753246725991,0.4839650145758485,0.5833333333333334
0.3922077922057548,0.508746355683648,0.6051282051282052
0.4103896103874785,0.5422740524765531,0.48717948717948717
0.6233766233733851,0.3877551020396859,0.42948717948717946
0.35584415584230733,0.5583090378992469,0.6410256410256411
0.4051948051927003,0.5451895043715884,0.658076923076923
0.37402597402403104,0.527696793001377,0.5192307692307693
0.44415584415353687,0.5204081632637889,0.6870512820512821
0.37922077921880926,0.5247813411063418,0.5883333333333334
0.4077922077900894,0.5408163265290356,0.6153846153846154
0.4129870129848676,0.5029154518935776,0.5
0.3948051948031439,0.539358600581518,0.6135897435897436
0.42337662337442405,0.508746355683648,0.616923076923077
0.4493506493483151,0.5174927113687536,0.6794871794871795
0.42597402597181316,0.5102040816311656,0.5384615384615384
0.43896103895875865,0.5116618075786832,0.6007692307692307
0.37662337662142015,0.5233236151588242,0.5608974358974359
0.397402597400533,0.5349854227389651,0.5737179487179487
0.3999999999979221,0.5364431486864827,0.5820512820512821
0.43636363636136954,0.516034985421236,0.6810256410256411
0.4025974025953112,0.5437317784240707,0.6666666666666666
0.4285714285692023,0.5058309037886127,0.6303846153846154
0.3922077922057548,0.5379008746340003,0.5538461538461539
0.3896103896083657,0.5306122448964122,0.5794871794871795
0.4311688311665914,0.5072886297361303,0.6593589743589744
0.446753246750926,0.5218658892113065,0.66
0.44155844155614776,0.5131195335262009,0.6760256410256411
0.3844155844135875,0.5335276967914474,0.623076923076923
0.5298701298673774,0.47521865889074283,0.5576923076923077
0.41818181817964584,0.4999999999985423,0.5897435897435898
0.43376623376398044,0.5145772594737185,0.6810256410256411
0.4155844155822567,0.5043731778410951,0.5833333333333334
0.38181818181619837,0.5320699708439298,0.5842307692307691
0.3870129870109766,0.5291545189488946,0.6217948717948718
0.4519480519457042,0.5189504373162713,0.657051282051282
0.42077922077703495,0.5014577259460599,0.6303846153846154
0.7584415584376185,0.49562682215598947,0.3269230769230769
0.48571428571176256,0.6428571428552686,0.5239743589743591
0.5428571428543228,0.6107871720098811,0.6346153846153846
0.5922077922047159,0.6326530612226453,0.22435897435897437
0.5402597402569338,0.615160349852434,0.6538461538461539
0.43376623376398044,0.7186588921261847,0.3925641025641026
0.5376623376595446,0.6137026239049164,0.5997435897435898
0.4909090909065408,0.6399416909602335,0.5384615384615384
0.43636363636136954,0.7201166180737023,0.4184615384615385
0.42597402597181316,0.7259475218637728,0.532051282051282
0.4285714285692023,0.7215743440212199,0.3794871794871794
0.43896103895875865,0.7157434402311494,0.45205128205128214
0.44155844155614776,0.717201166178667,0.4282051282051283
0.4311688311665914,0.7230320699687376,0.41794871794871785
0.446753246750926,0.7142857142836319,0.4230769230769231
0.5454545454517119,0.6122448979573987,0.6153846153846154
0.37922077921880926,0.7055393585985261,0.3333333333333333
0.5506493506464901,0.6093294460623635,0.5983333333333334
0.4545454545430933,0.6122448979573987,0.5769230769230769
0.5116883116856535,0.6326530612226453,0.7980769230769231
0.5298701298673774,0.6166180757999515,0.6282051282051282
0.42337662337442405,0.5830903790070464,0.6624358974358975
0.4025974025953112,0.5481049562666236,0.6923076923076923
0.4753246753222061,0.6005830903772578,0.7307692307692307
0.37922077921880926,0.5670553935843526,0.3269230769230769
0.4155844155822567,0.5874635568495993,0.6089743589743589
0.4909090909065408,0.5976676384822226,0.7102564102564103
0.4129870129848676,0.5889212827971169,0.620897435897436
0.4649350649326497,0.6064139941673282,0.7435897435897436
0.5142857142830427,0.6311953352751277,0.7102564102564103
0.4571428571404824,0.6107871720098811,0.5983333333333334
0.3999999999979221,0.5553935860042117,0.5576923076923077
0.5246753246725991,0.6253644314850573,0.6474358974358975
0.41818181817964584,0.5918367346921521,0.6142307692307691
0.44155844155614776,0.5787172011644935,0.665
0.35844155843969644,0.5320699708439298,0.6025641025641025
0.4103896103874785,0.5495626822141413,0.6324358974358975
0.43896103895875865,0.5801749271120111,0.6146153846153846
0.42597402597181316,0.5816326530595288,0.6516666666666666
0.5324675324647664,0.6209912536425044,0.7043589743589743
0.5194805194778209,0.622448979590022,0.6516666666666666
0.44415584415353687,0.5714285714269055,0.6810256410256411
0.446753246750926,0.5699708454793878,0.7024358974358975
0.4285714285692023,0.5860058309020816,0.647051282051282
0.5350649350621556,0.6195335276949868,0.6610256410256411
0.47792207791959523,0.5991253644297402,0.8076923076923077
0.48311688311437345,0.6020408163247755,0.7243589743589743
0.43376623376398044,0.577259475216976,0.6510256410256411
0.4311688311665914,0.584548104954564,0.6538461538461539
0.48571428571176256,0.5947521865871873,0.717948717948718
0.5090909090882645,0.6282798833800926,0.7216666666666668
0.4493506493483151,0.5743440233219407,0.6384615384615384
0.4935064935039299,0.5962099125347049,0.7643589743589744
0.35584415584230733,0.5335276967914474,0.5673076923076923
0.52207792207521,0.6268221574325749,0.6474358974358975
0.43636363636136954,0.5758017492694584,0.6382051282051282
0.4519480519457042,0.5728862973744231,0.6752564102564103
0.48831168830915167,0.5932944606396697,0.6955128205128205
0.36623376623186377,0.527696793001377,0.5833333333333334
0.5038961038934863,0.6370262390651982,0.6987179487179487
0.3948051948031439,0.5524781341091765,0.5833333333333334
0.49610389610131894,0.6355685131176806,0.5448717948717948
0.49870129869870805,0.634110787170163,0.5897435897435898
0.48051948051698434,0.603498542272293,0.6474358974358975
0.4701298701274279,0.6093294460623635,0.6602564102564102
0.42077922077703495,0.5903790087446344,0.6041025641025641
0.5272727272699882,0.6180758017474692,0.658076923076923
0.5168831168804318,0.6239067055375397,0.6941025641025641
0.5064935064908754,0.6297376093276101,0.6923076923076923
0.05194805194778209,0.09183673469360981,0.5512820512820513
0.7766233766193422,0.4985422740510247,0.36538461538461536
0.4311688311665914,0.7725947521843365,0.3333333333333333
0.4025974025953112,0.7332361516013608,0.3525641025641026
0.42337662337442405,0.7682215743417836,0.3974358974358974
0.42597402597181316,0.7696793002893012,0.41025641025641024
0.4103896103874785,0.7376093294439137,0.4230769230769231
0.42077922077703495,0.7784256559744069,0.38461538461538464
0.4285714285692023,0.7711370262368189,0.40602564102564104
0.3922077922057548,0.7390670553914314,0.3974358974358974
0.3948051948031439,0.740524781338949,0.46794871794871795
0.4155844155822567,0.6107871720098811,0.5641025641025641
0.4649350649326497,0.5830903790070464,0.6538461538461539
0.4935064935039299,0.5728862973744231,0.6506410256410257
0.49610389610131894,0.565597667636835,0.7756410256410257
0.41818181817964584,0.615160349852434,0.5897435897435898
0.42597402597181316,0.6049562682198106,0.6176923076923078
0.42337662337442405,0.6064139941673282,0.6496153846153846
0.37922077921880926,0.6370262390651982,0.5352564102564102
0.46233766233526064,0.5903790087446344,0.6217948717948718
0.37402597402403104,0.634110787170163,0.7307692307692307
0.4519480519457042,0.5962099125347049,0.5855128205128205
0.42077922077703495,0.6137026239049164,0.6025641025641025
0.48571428571176256,0.5714285714269055,0.7862820512820513
0.4909090909065408,0.5743440233219407,0.7051282051282052
0.34805194805014,0.46793002915315474,0.46474358974358976
0.43896103895875865,0.603498542272293,0.6256410256410256
0.446753246750926,0.5932944606396697,0.6516666666666666
0.4285714285692023,0.6093294460623635,0.5980769230769232
0.37662337662142015,0.6384839650127158,0.5961538461538461
0.44155844155614776,0.6020408163247755,0.6558974358974359
0.44415584415353687,0.5947521865871873,0.6538461538461539
0.43376623376398044,0.6005830903772578,0.6333333333333334
0.43636363636136954,0.5991253644297402,0.6214102564102564
0.4493506493483151,0.5976676384822226,0.6153846153846154
0.49870129869870805,0.5641399416893174,0.7435897435897436
0.5012987012960972,0.5685131195318702,0.6880769230769231
0.37142857142664193,0.6355685131176806,0.6410256410256411
0.4753246753222061,0.577259475216976,0.7724358974358975
0.48051948051698434,0.5801749271120111,0.7371794871794872
0.4311688311665914,0.6078717201148459,0.6112820512820514
0.3454545454527509,0.4693877551006724,0.4974358974358974
0.5090909090882645,0.5014577259460599,0.623974358974359
0.48311688311437345,0.5451895043715884,0.6698717948717948
0.36103896103708555,0.6049562682198106,0.6089743589743589
0.33766233766058357,0.603498542272293,0.5769230769230769
0.43896103895875865,0.4737609329432252,0.47435897435897434
0.36623376623186377,0.6078717201148459,0.5055128205128206
0.49610389610131894,0.5058309037886127,0.6067948717948718
0.5168831168804318,0.5174927113687536,0.69
0.4909090909065408,0.5379008746340003,0.7037179487179487
0.4935064935039299,0.539358600581518,0.7137179487179487
0.5298701298673774,0.5131195335262009,0.6358974358974359
0.43636363636136954,0.4723032069957076,0.4914102564102564
0.3999999999979221,0.4985422740510247,0.5426923076923077
0.48831168830915167,0.5364431486864827,0.7061538461538461
0.48571428571176256,0.5349854227389651,0.7101282051282052
0.4077922077900894,0.4912536443134366,0.6496153846153846
0.4545454545430933,0.5291545189488946,0.6194871794871794
0.5194805194778209,0.5189504373162713,0.6794871794871795
0.4571428571404824,0.5306122448964122,0.6615384615384615
0.472727272724817,0.527696793001377,0.7058974358974359
0.46233766233526064,0.5335276967914474,0.7037179487179487
0.5350649350621556,0.516034985421236,0.6666666666666666
0.5272727272699882,0.5116618075786832,0.6923076923076923
0.47792207791959523,0.5422740524765531,0.717948717948718
0.4675324675300388,0.5247813411063418,0.7120512820512821
0.4597402597378715,0.5320699708439298,0.689871794871795
0.5064935064908754,0.4999999999985423,0.7128205128205127
0.5324675324647664,0.5145772594737185,0.6676923076923077
0.5246753246725991,0.5218658892113065,0.6794871794871795
0.4753246753222061,0.5408163265290356,0.6960256410256411
0.52207792207521,0.5204081632637889,0.6864102564102564
0.397402597400533,0.49708454810350705,0.5961538461538461
0.4701298701274279,0.5262390670538594,0.7137179487179487
0.4103896103874785,0.4927113702609542,0.5683333333333334
0.5038961038934863,0.5102040816311656,0.7243589743589743
0.35584415584230733,0.6137026239049164,0.5769230769230769
0.5012987012960972,0.508746355683648,0.7051282051282052
0.48051948051698434,0.5437317784240707,0.6708974358974359
0.35844155843969644,0.615160349852434,0.5769230769230769
0.4649350649326497,0.5233236151588242,0.6666666666666666
0.3454545454527509,0.5962099125347049,0.42948717948717946
0.5116883116856535,0.5029154518935776,0.767051282051282
0.49870129869870805,0.5072886297361303,0.6730769230769231
0.36363636363447466,0.6064139941673282,0.5282051282051282
0.4545454545430933,0.6428571428552686,0.4423076923076923
0.46233766233526064,0.641399416907751,0.6410256410256411
0.42077922077703495,0.7113702623885966,0.34846153846153854
0.5428571428543228,0.5932944606396697,0.46794871794871795
0.5402597402569338,0.5976676384822226,0.6730769230769231
0.41818181817964584,0.709912536441079,0.35435897435897434
0.4311688311665914,0.717201166178667,0.39487179487179486
0.4129870129848676,0.7128279883361143,0.3697435897435898
0.44155844155614776,0.7230320699687376,0.4423076923076923
0.43376623376398044,0.7244897959162552,0.4499999999999999
0.43636363636136954,0.7259475218637728,0.41500000000000004
0.4155844155822567,0.7142857142836319,0.38461538461538464
0.43896103895875865,0.7215743440212199,0.4358974358974359
0.5376623376595446,0.5962099125347049,0.7564102564102564
0.4285714285692023,0.7157434402311494,0.2991025641025641
0.7116883116846147,0.5043731778410951,0.4641025641025641
0.7168831168793929,0.5072886297361303,0.47051282051282056
0.7142857142820037,0.5058309037886127,0.5448717948717948
0.7324675324637275,0.516034985421236,0.23076923076923078
0.7298701298663384,0.5145772594737185,0.33974358974358976
0.7194805194767819,0.508746355683648,0.3875641025641026
0.7090909090872255,0.5029154518935776,0.3375641025641025
0.7220779220741711,0.5102040816311656,0.40858974358974365
0.7246753246715602,0.5116618075786832,0.3666666666666666
0.7272727272689493,0.5131195335262009,0.3066666666666667
0.7064935064898364,0.5014577259460599,0.2948717948717949
0.5428571428543228,0.6297376093276101,0.532051282051282
0.3948051948031439,0.7128279883361143,0.46153846153846156
0.5194805194778209,0.6428571428552686,0.6153846153846154
0.5584415584386575,0.6209912536425044,0.6987179487179487
0.5766233766203812,0.622448979590022,0.41025641025641024
0.4285714285692023,0.7055393585985261,0.4298717948717949
0.5688311688282139,0.6268221574325749,0.5512820512820513
0.5454545454517119,0.6282798833800926,0.6553846153846155
0.37662337662142015,0.7230320699687376,0.4279487179487179
0.4311688311665914,0.7040816326510085,0.42179487179487185
0.44155844155614776,0.6865889212807972,0.47064102564102556
0.38181818181619837,0.7317784256538432,0.3974358974358974
0.3844155844135875,0.7303206997063256,0.382948717948718
0.24935064934935403,0.421282798832591,0.4166666666666667
0.37142857142664193,0.7259475218637728,0.41371794871794865
0.3870129870109766,0.728862973758808,0.34794871794871796
0.37402597402403104,0.7244897959162552,0.4292307692307693
0.3896103896083657,0.7274052478112903,0.368076923076923
0.43896103895875865,0.6880466472283148,0.47346153846153854
0.37922077921880926,0.7215743440212199,0.46474358974358976
0.43636363636136954,0.6895043731758324,0.46525641025641035
0.43376623376398044,0.6909620991233499,0.4224358974358975
0.42597402597181316,0.7069970845460437,0.3932051282051282
0.3922077922057548,0.7142857142836319,0.4807692307692308
0.44415584415353687,0.6967930029134205,0.47012820512820513
0.4103896103874785,0.7157434402311494,0.3685897435897436
0.49870129869870805,0.641399416907751,0.483974358974359
0.5012987012960972,0.6428571428552686,0.4230769230769231
0.37662337662142015,0.7128279883361143,0.4230769230769231
0.5376623376595446,0.6166180757999515,0.6346153846153846
0.5584415584386575,0.6282798833800926,0.5192307692307693
0.3870129870109766,0.7186588921261847,0.40910256410256407
0.5506493506464901,0.6239067055375397,0.650128205128205
0.5402597402569338,0.6180758017474692,0.6102564102564102
0.3999999999979221,0.7259475218637728,0.4116666666666667
0.4311688311665914,0.6967930029134205,0.46769230769230774
0.4285714285692023,0.6953352769659028,0.4430769230769231
0.4025974025953112,0.7274052478112903,0.3867948717948718
0.43636363636136954,0.6997084548084557,0.44397435897435894
0.4051948051927003,0.728862973758808,0.3573076923076924
0.5480519480491011,0.622448979590022,0.5932051282051282
0.397402597400533,0.7244897959162552,0.3632051282051282
0.43896103895875865,0.7011661807559733,0.46153846153846156
0.3896103896083657,0.7201166180737023,0.42897435897435887
0.3948051948031439,0.7230320699687376,0.3717948717948718
0.44155844155614776,0.702623906703491,0.4373076923076923
0.5454545454517119,0.6209912536425044,0.6011538461538461
0.43376623376398044,0.6982507288609381,0.4282051282051283
0.3922077922057548,0.7215743440212199,0.378974358974359
0.38181818181619837,0.7157434402311494,0.4230769230769231
0.42597402597181316,0.6938775510183852,0.4893589743589744
0.37922077921880926,0.7142857142836319,0.44871794871794873
0.5532467532438793,0.6253644314850573,0.5833333333333334
0.5428571428543228,0.6195335276949868,0.6153846153846154
0.5558441558412683,0.6268221574325749,0.4935897435897436
0.5038961038934863,0.6443148688027863,0.5641025641025641
0.4025974025953112,0.7142857142836319,0.40089743589743587
0.4285714285692023,0.6997084548084557,0.4382051282051283
0.3922077922057548,0.7201166180737023,0.40628205128205125
0.4103896103874785,0.709912536441079,0.358974358974359
0.4311688311665914,0.6982507288609381,0.45025641025641033
0.37922077921880926,0.7274052478112903,0.3741025641025642
0.43376623376398044,0.6967930029134205,0.4633333333333333
0.4051948051927003,0.7128279883361143,0.3694871794871794
0.37402597402403104,0.7303206997063256,0.41051282051282045
0.3870129870109766,0.7230320699687376,0.38730769230769224
0.3896103896083657,0.7215743440212199,0.39833333333333326
0.3844155844135875,0.7244897959162552,0.3933333333333334
0.38181818181619837,0.7259475218637728,0.39602564102564103
0.43896103895875865,0.6938775510183852,0.45320512820512815
0.3948051948031439,0.7186588921261847,0.3782051282051282
0.4077922077900894,0.7113702623885966,0.35128205128205137
0.397402597400533,0.717201166178667,0.3664102564102564
0.43636363636136954,0.6953352769659028,0.45961538461538454
0.44155844155614776,0.6924198250708676,0.481025641025641
0.37662337662142015,0.728862973758808,0.40141025641025646
0.3999999999979221,0.7157434402311494,0.3758974358974358
0.37142857142664193,0.7317784256538432,0.40461538461538465
0.5662337662308248,0.622448979590022,0.391025641025641
0.5584415584386575,0.6268221574325749,0.5352564102564102
0.43636363636136954,0.7448979591815018,0.4358974358974359
0.4311688311665914,0.7419825072864665,0.358974358974359
0.446753246750926,0.7507288629715723,0.24358974358974358
0.4285714285692023,0.7434402332339841,0.40384615384615385
0.43376623376398044,0.7463556851290194,0.3974358974358974
0.41818181817964584,0.7376093294439137,0.3333333333333333
0.4077922077900894,0.5758017492694584,0.6496153846153846
0.5090909090882645,0.615160349852434,0.6666666666666666
0.4155844155822567,0.5626822157417998,0.6512820512820513
0.5636363636334357,0.6632653061205153,0.4551282051282051
0.5038961038934863,0.6064139941673282,0.7512820512820512
0.3948051948031439,0.5743440233219407,0.5512820512820513
0.4701298701274279,0.634110787170163,0.6191025641025641
0.5064935064908754,0.6137026239049164,0.7256410256410256
0.42337662337442405,0.5670553935843526,0.6121794871794872
0.37402597402403104,0.5860058309020816,0.5288461538461539
0.4753246753222061,0.6195335276949868,0.569871794871795
0.4103896103874785,0.577259475216976,0.6346153846153846
0.4493506493483151,0.5524781341091765,0.6506410256410257
0.46233766233526064,0.6297376093276101,0.7019230769230769
0.4311688311665914,0.565597667636835,0.6511538461538462
0.5116883116856535,0.6107871720098811,0.7478205128205128
0.5168831168804318,0.5962099125347049,0.6870512820512821
0.5324675324647664,0.5991253644297402,0.6217948717948718
0.4675324675300388,0.6384839650127158,0.6624358974358975
0.48311688311437345,0.6180758017474692,0.6523076923076923
0.4285714285692023,0.5641399416893174,0.6401282051282052
0.4649350649326497,0.6370262390651982,0.6314102564102564
0.52207792207521,0.5932944606396697,0.7008974358974359
0.4597402597378715,0.6282798833800926,0.6837179487179487
0.49610389610131894,0.6078717201148459,0.7857692307692309
0.4571428571404824,0.6326530612226453,0.6548717948717948
0.49870129869870805,0.6093294460623635,0.7601282051282052
0.5246753246725991,0.5947521865871873,0.6752564102564103
0.5194805194778209,0.5976676384822226,0.6439743589743591
0.44415584415353687,0.5553935860042117,0.6566666666666666
0.446753246750926,0.5568513119517293,0.6775641025641025
0.43376623376398044,0.5495626822141413,0.6126923076923078
0.48051948051698434,0.6166180757999515,0.6591025641025641
0.44155844155614776,0.5481049562666236,0.6419230769230768
0.42597402597181316,0.5685131195318702,0.6730769230769231
0.5012987012960972,0.6049562682198106,0.757051282051282
0.4051948051927003,0.5801749271120111,0.6346153846153846
0.48571428571176256,0.6253644314850573,0.6725641025641025
0.4545454545430933,0.6311953352751277,0.6889743589743589
0.47792207791959523,0.6209912536425044,0.6648717948717948
0.4935064935039299,0.6239067055375397,0.6047435897435898
0.43636363636136954,0.5510204081616589,0.6466666666666666
0.37142857142664193,0.584548104954564,0.5589743589743589
0.42077922077703495,0.5597667638467645,0.6762820512820513
0.472727272724817,0.6355685131176806,0.6752564102564103
0.5142857142830427,0.6122448979573987,0.717948717948718
0.4025974025953112,0.5787172011644935,0.5833333333333334
0.36103896103708555,0.508746355683648,0.5192307692307693
0.4909090909065408,0.622448979590022,0.6410256410256411
0.48831168830915167,0.6268221574325749,0.6814102564102564
0.43896103895875865,0.546647230319106,0.5448717948717948
0.42337662337442405,0.6588921282779624,0.5192307692307693
0.42597402597181316,0.6574344023304448,0.5160256410256411
0.4285714285692023,0.6618075801729977,0.476025641025641
0.44155844155614776,0.6428571428552686,0.5444871794871795
0.43636363636136954,0.6399416909602335,0.54
0.4311688311665914,0.6603498542254801,0.5325641025641027
0.43376623376398044,0.641399416907751,0.5687179487179487
0.43896103895875865,0.6443148688027863,0.5476923076923077
0.44415584415353687,0.6472303206978215,0.5423076923076923
0.446753246750926,0.6457725947503039,0.5042307692307693
0.6077922077890504,0.5495626822141413,0.6410256410256411
0.6051948051916614,0.5510204081616589,0.6794871794871795
0.37662337662142015,0.7069970845460437,0.4358974358974359
0.5454545454517119,0.615160349852434,0.6602564102564102
0.4909090909065408,0.6428571428552686,0.6566666666666666
0.4701298701274279,0.6545189504354096,0.3525641025641026
0.446753246750926,0.7113702623885966,0.38884615384615384
0.44155844155614776,0.7201166180737023,0.46576923076923077
0.4129870129848676,0.7274052478112903,0.2692307692307692
0.4285714285692023,0.7244897959162552,0.40538461538461545
0.43376623376398044,0.7157434402311494,0.39230769230769225
0.43896103895875865,0.7186588921261847,0.41858974358974366
0.4155844155822567,0.728862973758808,0.376025641025641
0.43636363636136954,0.717201166178667,0.4323076923076923
0.4493506493483151,0.7128279883361143,0.1858974358974359
0.4311688311665914,0.7259475218637728,0.38461538461538464
0.5402597402569338,0.6122448979573987,0.5491025641025641
0.5792207792177703,0.634110787170163,0.46794871794871795
0.44415584415353687,0.709912536441079,0.3782051282051282
0.5428571428543228,0.6137026239049164,0.6525641025641027
0.37922077921880926,0.7084548104935614,0.38038461538461543
0.7012987012950582,0.4810495626808133,0.26282051282051283
0.5584415584386575,0.5058309037886127,0.6526923076923077
0.5948051948021049,0.5379008746340003,0.6666666666666666
0.5688311688282139,0.4999999999985423,0.6025641025641025
0.6753246753211671,0.48979591836591896,0.42948717948717946
0.6181818181786068,0.527696793001377,0.650128205128205
0.571428571425603,0.5014577259460599,0.559871794871795
0.6051948051916614,0.5320699708439298,0.6305128205128206
0.5402597402569338,0.5189504373162713,0.6624358974358975
0.6103896103864396,0.5233236151588242,0.6080769230769232
0.6129870129838286,0.5247813411063418,0.5991025641025641
0.6077922077890504,0.5335276967914474,0.6560256410256411
0.6025974025942723,0.5306122448964122,0.648076923076923
0.6155844155812178,0.5262390670538594,0.5983333333333334
0.5506493506464901,0.5131195335262009,0.6326923076923077
0.5454545454517119,0.5218658892113065,0.6611538461538461
0.5428571428543228,0.5204081632637889,0.6883333333333334
0.5636363636334357,0.508746355683648,0.5483333333333332
0.5480519480491011,0.5116618075786832,0.6506410256410257
0.670129870126389,0.4985422740510247,0.4423076923076923
0.5662337662308248,0.5102040816311656,0.6442307692307693
0.5558441558412683,0.516034985421236,0.6346153846153846
0.6805194805159454,0.4927113702609542,0.46794871794871795
0.5610389610360466,0.5072886297361303,0.6267948717948718
0.5376623376595446,0.5174927113687536,0.6753846153846155
0.5999999999968831,0.5291545189488946,0.6474358974358975
0.5974025973994941,0.539358600581518,0.6602564102564102
0.5766233766203812,0.5043731778410951,0.6256410256410256
0.5532467532438793,0.5145772594737185,0.6730769230769231
0.5558441558412683,0.6195335276949868,0.6153846153846154
0.37922077921880926,0.7186588921261847,0.38461538461538464
0.5532467532438793,0.6209912536425044,0.5555128205128205
0.37402597402403104,0.7157434402311494,0.4321794871794871
0.5506493506464901,0.6166180757999515,0.5705128205128205
0.5454545454517119,0.6253644314850573,0.6588461538461539
0.4285714285692023,0.6909620991233499,0.4406410256410257
0.44415584415353687,0.6997084548084557,0.4230769230769231
0.5688311688282139,0.6297376093276101,0.44871794871794873
0.37662337662142015,0.7201166180737023,0.4273076923076923
0.44155844155614776,0.7069970845460437,0.44961538461538453
0.43636363636136954,0.7040816326510085,0.4580769230769231
0.397402597400533,0.7317784256538432,0.3828205128205128
0.43896103895875865,0.7084548104935614,0.4469230769230769
0.3948051948031439,0.7274052478112903,0.3665384615384616
0.3922077922057548,0.728862973758808,0.34794871794871796
0.43376623376398044,0.7055393585985261,0.4175641025641025
0.5428571428543228,0.6268221574325749,0.6632051282051282
0.3999999999979221,0.7303206997063256,0.3573076923076924
0.4077922077900894,0.7259475218637728,0.3974358974358974
0.4311688311665914,0.6895043731758324,0.4575641025641025
0.5402597402569338,0.622448979590022,0.6923076923076923
0.5376623376595446,0.6239067055375397,0.6435897435897436
0.42337662337442405,0.6880466472283148,0.40166666666666667
0.42597402597181316,0.6865889212807972,0.4692307692307692
0.5480519480491011,0.6180758017474692,0.5448717948717948
0.5064935064908754,0.641399416907751,0.631923076923077
0.5090909090882645,0.6399416909602335,0.6708974358974359
0.42077922077703495,0.6443148688027863,0.5448717948717948
0.4129870129848676,0.6399416909602335,0.5811538461538461
0.4285714285692023,0.6486880466453391,0.5521794871794871
0.44155844155614776,0.6559766763829272,0.5282051282051282
0.4155844155822567,0.641399416907751,0.5371794871794873
0.48051948051698434,0.7244897959162552,0.01282051282051282
0.41818181817964584,0.6428571428552686,0.5907692307692307
0.4311688311665914,0.6501457725928568,0.5689743589743589
0.43636363636136954,0.653061224487892,0.5156410256410257
0.43376623376398044,0.6516034985403744,0.5525641025641025
0.43896103895875865,0.6545189504354096,0.5324358974358975
0.44415584415353687,0.6574344023304448,0.5128205128205128
0.42337662337442405,0.6457725947503039,0.5448717948717948
0.2831168831154124,0.7361516034963961,0.36461538461538456
0.27792207792063417,0.7332361516013608,0.36692307692307696
0.2935064935049688,0.8236151603474531,0.3717948717948718
0.2857142857128015,0.7376093294439137,0.3701282051282052
0.2805194805180233,0.7346938775488785,0.34192307692307694
0.9792207792156924,0.553935860056694,0.21153846153846154
0.7558441558402295,0.5058309037886127,0.37692307692307697
0.7610389610350077,0.508746355683648,0.40384615384615385
0.7662337662297859,0.5116618075786832,0.32474358974358974
0.7584415584376185,0.5072886297361303,0.3076923076923077
0.7532467532428403,0.5043731778410951,0.5064102564102564
0.34805194805014,0.717201166178667,0.3782051282051282
0.6415584415551088,0.5145772594737185,0.6025641025641025
0.36623376623186377,0.7274052478112903,0.4238461538461539
0.3428571428553618,0.7201166180737023,0.3525641025641026
0.6181818181786068,0.49562682215598947,0.5128205128205128
0.670129870126389,0.5247813411063418,0.4935897435897436
0.6493506493472762,0.5131195335262009,0.5641025641025641
0.6571428571394434,0.5174927113687536,0.5160256410256411
0.6675324675289999,0.5233236151588242,0.4316666666666667
0.3506493506475291,0.7244897959162552,0.4420512820512821
0.36363636363447466,0.7317784256538432,0.39410256410256406
0.6649350649316108,0.527696793001377,0.42948717948717946
0.3532467532449182,0.7259475218637728,0.4108974358974359
0.36103896103708555,0.7303206997063256,0.40358974358974364
0.3688311688292528,0.728862973758808,0.40858974358974365
0.6597402597368326,0.5189504373162713,0.44551282051282054
0.6441558441524979,0.516034985421236,0.5207692307692309
0.35584415584230733,0.7215743440212199,0.4282051282051283
0.35844155843969644,0.7230320699687376,0.45551282051282055
0.646753246749887,0.5116618075786832,0.4807692307692308
0.6545454545420544,0.5218658892113065,0.5256410256410257
0.6779220779185563,0.5291545189488946,0.3333333333333333
0.34805194805014,0.6836734693857619,0.3974358974358974
0.31688311688147075,0.6428571428552686,0.3525641025641026
0.5870129870099376,0.5379008746340003,0.7756410256410257
0.5792207792177703,0.5364431486864827,0.717948717948718
0.571428571425603,0.5058309037886127,0.6196153846153846
0.5818181818151594,0.5349854227389651,0.6837179487179487
0.26233766233629957,0.7317784256538432,0.34615384615384615
0.6129870129838286,0.5291545189488946,0.6103846153846154
0.5480519480491011,0.5189504373162713,0.6688461538461539
0.5168831168804318,0.3848396501446506,0.3076923076923077
0.5454545454517119,0.5145772594737185,0.6428205128205128
0.5584415584386575,0.5014577259460599,0.5683333333333334
0.6181818181786068,0.5320699708439298,0.6666666666666666
0.6779220779185563,0.4985422740510247,0.44871794871794873
0.6103896103864396,0.5306122448964122,0.6097435897435898
0.5766233766203812,0.508746355683648,0.6452564102564102
0.5999999999968831,0.5247813411063418,0.6244871794871794
0.6051948051916614,0.527696793001377,0.6410256410256411
0.6675324675289999,0.4927113702609542,0.45294871794871794
0.6155844155812178,0.5335276967914474,0.6007692307692307
0.6025974025942723,0.5233236151588242,0.6771794871794871
0.5402597402569338,0.5116618075786832,0.6730769230769231
0.6077922077890504,0.5262390670538594,0.6264102564102564
0.5636363636334357,0.5043731778410951,0.623076923076923
0.5428571428543228,0.516034985421236,0.6526923076923077
0.5688311688282139,0.5072886297361303,0.6923076923076923
0.5506493506464901,0.5174927113687536,0.6632051282051282
0.5662337662308248,0.5029154518935776,0.6648717948717948
0.670129870126389,0.4912536443134366,0.5
0.5558441558412683,0.5204081632637889,0.6467948717948718
0.5740259740229922,0.5102040816311656,0.6560256410256411
0.5532467532438793,0.5218658892113065,0.6444871794871795
0.6753246753211671,0.4941690962084718,0.40384615384615385
0.6727272727237781,0.49562682215598947,0.47435897435897434
0.5376623376595446,0.5131195335262009,0.6575641025641027
0.5610389610360466,0.4999999999985423,0.625
0.44155844155614776,0.6836734693857619,0.4765384615384616
0.44415584415353687,0.6763848396481739,0.5239743589743591
0.42597402597181316,0.6632653061205153,0.517051282051282
0.3870129870109766,0.6443148688027863,0.5192307692307693
0.4285714285692023,0.6676384839630681,0.45217948717948714
0.43636363636136954,0.6807580174907266,0.4633333333333333
0.4311688311665914,0.6661807580155505,0.48512820512820515
0.38181818181619837,0.641399416907751,0.5769230769230769
0.43376623376398044,0.6822157434382443,0.46269230769230774
0.43896103895875865,0.6851311953332795,0.4898717948717948
0.3896103896083657,0.6428571428552686,0.5384615384615384
0.3844155844135875,0.6399416909602335,0.5769230769230769
0.25454545454413224,0.7332361516013608,0.34615384615384615
0.5922077922047159,0.5349854227389651,0.7371794871794872
0.571428571425603,0.4999999999985423,0.6752564102564103
0.5584415584386575,0.5072886297361303,0.628974358974359
0.6675324675289999,0.4985422740510247,0.3974358974358974
0.6051948051916614,0.5335276967914474,0.6364102564102564
0.5402597402569338,0.5174927113687536,0.6791025641025641
0.5454545454517119,0.5204081632637889,0.6525641025641027
0.5999999999968831,0.5306122448964122,0.6121794871794872
0.5688311688282139,0.5014577259460599,0.5576923076923077
0.5428571428543228,0.5218658892113065,0.6496153846153846
0.6103896103864396,0.5247813411063418,0.5973076923076923
0.6181818181786068,0.5262390670538594,0.6153846153846154
0.5636363636334357,0.5102040816311656,0.6696153846153846
0.5376623376595446,0.5189504373162713,0.6806410256410257
0.5532467532438793,0.516034985421236,0.6314102564102564
0.6155844155812178,0.527696793001377,0.6557692307692309
0.6129870129838286,0.5233236151588242,0.6089743589743589
0.5662337662308248,0.508746355683648,0.6393589743589744
0.5558441558412683,0.5145772594737185,0.6557692307692309
0.5610389610360466,0.5058309037886127,0.6056410256410256
0.5480519480491011,0.5131195335262009,0.6362820512820512
0.5974025973994941,0.5379008746340003,0.6217948717948718
0.5506493506464901,0.5116618075786832,0.6794871794871795
0.6753246753211671,0.4883381924184014,0.3932051282051282
0.6077922077890504,0.5320699708439298,0.6243589743589744
0.6025974025942723,0.5291545189488946,0.6107692307692307
0.4545454545430933,0.6618075801729977,0.3269230769230769
0.44155844155614776,0.7157434402311494,0.5
0.5428571428543228,0.6122448979573987,0.6191025641025641
0.5454545454517119,0.6107871720098811,0.6378205128205128
0.446753246750926,0.7128279883361143,0.3717948717948718
0.4285714285692023,0.7230320699687376,0.4166666666666667
0.43896103895875865,0.717201166178667,0.4329487179487179
0.43376623376398044,0.7201166180737023,0.40846153846153843
0.43636363636136954,0.7186588921261847,0.4337179487179487
0.5896103896073267,0.6326530612226453,0.42948717948717946
0.4311688311665914,0.7215743440212199,0.38230769230769224
0.5402597402569338,0.6137026239049164,0.6182051282051282
0.42597402597181316,0.7244897959162552,0.358974358974359
0.5844155844125485,0.6355685131176806,0.4935897435897436
0.5870129870099376,0.634110787170163,0.3333333333333333
0.48831168830915167,0.6428571428552686,0.5298717948717948
0.5376623376595446,0.615160349852434,0.6025641025641025
0.4935064935039299,0.6399416909602335,0.6538461538461539
0.3038961038945252,0.8265306122424882,0.34243589743589736
0.3064935064919143,0.827988338190006,0.32448717948717953
0.47792207791959523,0.5131195335262009,0.7008974358974359
0.472727272724817,0.5102040816311656,0.6602564102564102
0.43896103895875865,0.4912536443134366,0.6474358974358975
0.42077922077703495,0.4810495626808133,0.5833333333333334
0.4675324675300388,0.5072886297361303,0.7307692307692307
0.5922077922047159,0.3906705539347211,0.44448717948717953
0.42597402597181316,0.4839650145758485,0.5576923076923077
0.48051948051698434,0.5145772594737185,0.6487179487179486
0.52207792207521,0.5379008746340003,0.7197435897435898
0.5194805194778209,0.5364431486864827,0.7508974358974358
0.4285714285692023,0.48542274052336615,0.5384615384615384
0.4935064935039299,0.5218658892113065,0.6944871794871795
0.5116883116856535,0.5320699708439298,0.6841025641025641
0.49610389610131894,0.5233236151588242,0.7125641025641025
0.5012987012960972,0.5262390670538594,0.7208974358974359
0.5090909090882645,0.5306122448964122,0.7138461538461539
0.49870129869870805,0.5247813411063418,0.7137179487179487
0.5246753246725991,0.539358600581518,0.6516666666666666
0.5272727272699882,0.5408163265290356,0.6025641025641025
0.19999999999896104,0.7303206997063256,0.391025641025641
0.43636363636136954,0.48979591836591896,0.6343589743589744
0.5038961038934863,0.527696793001377,0.7164102564102564
0.48311688311437345,0.516034985421236,0.732948717948718
0.5064935064908754,0.5291545189488946,0.7424358974358974
0.5168831168804318,0.5349854227389651,0.7123076923076923
0.42337662337442405,0.4825072886283309,0.5416666666666666
0.43376623376398044,0.4883381924184014,0.6041025641025641
0.5142857142830427,0.5335276967914474,0.7166666666666668
0.4753246753222061,0.5116618075786832,0.7051282051282052
0.48831168830915167,0.5189504373162713,0.6641025641025641
0.4571428571404824,0.5014577259460599,0.6794871794871795
0.4909090909065408,0.5204081632637889,0.6865384615384615
0.4311688311665914,0.48688046647088373,0.6185897435897436
0.48571428571176256,0.5174927113687536,0.7051282051282052
0.4077922077900894,0.5728862973744231,0.6987179487179487
0.37402597402403104,0.5889212827971169,0.5737179487179487
0.46233766233526064,0.6384839650127158,0.5512820512820513
0.4597402597378715,0.6370262390651982,0.6730769230769231
0.5038961038934863,0.615160349852434,0.7029487179487179
0.4155844155822567,0.565597667636835,0.6666666666666666
0.49870129869870805,0.6122448979573987,0.7678205128205128
0.42077922077703495,0.5685131195318702,0.6324358974358975
0.4935064935039299,0.6209912536425044,0.623076923076923
0.5116883116856535,0.6078717201148459,0.6880769230769231
0.5142857142830427,0.6093294460623635,0.717948717948718
0.397402597400533,0.5787172011644935,0.6025641025641025
0.37142857142664193,0.5874635568495993,0.5769230769230769
0.37922077921880926,0.5918367346921521,0.5875641025641025
0.4909090909065408,0.6195335276949868,0.6378205128205128
0.44155844155614776,0.5568513119517293,0.6584615384615384
0.3999999999979221,0.5801749271120111,0.6410256410256411
0.4051948051927003,0.5714285714269055,0.6217948717948718
0.41818181817964584,0.5670553935843526,0.6153846153846154
0.5194805194778209,0.6005830903772578,0.7061538461538461
0.5298701298673774,0.5947521865871873,0.6624358974358975
0.5324675324647664,0.5962099125347049,0.7051282051282052
0.3948051948031439,0.577259475216976,0.5726923076923077
0.4519480519457042,0.5510204081616589,0.6496153846153846
0.4571428571404824,0.6355685131176806,0.6076923076923078
0.37662337662142015,0.5903790087446344,0.5329487179487179
0.5350649350621556,0.5976676384822226,0.6111538461538462
0.5168831168804318,0.5991253644297402,0.6716666666666666
0.52207792207521,0.6020408163247755,0.7282051282051282
0.49610389610131894,0.6107871720098811,0.7371794871794872
0.472727272724817,0.6326530612226453,0.6832051282051282
0.4701298701274279,0.6311953352751277,0.6828205128205129
0.48051948051698434,0.6253644314850573,0.7114102564102563
0.446753246750926,0.5481049562666236,0.6547435897435897
0.44415584415353687,0.546647230319106,0.6465384615384616
0.4649350649326497,0.6282798833800926,0.6852564102564103
0.47792207791959523,0.6239067055375397,0.6893589743589743
0.4753246753222061,0.622448979590022,0.6282051282051282
0.42597402597181316,0.5597667638467645,0.6153846153846154
0.43376623376398044,0.5524781341091765,0.6184615384615384
0.4545454545430933,0.634110787170163,0.6532051282051282
0.4493506493483151,0.5495626822141413,0.6716666666666666
0.43896103895875865,0.5553935860042117,0.6135897435897436
0.5064935064908754,0.6049562682198106,0.7505128205128206
0.43636363636136954,0.553935860056694,0.6484615384615384
0.48831168830915167,0.6180758017474692,0.6647435897435897
0.5090909090882645,0.6064139941673282,0.717948717948718
0.4285714285692023,0.5612244897942822,0.6666666666666666
0.4311688311665914,0.5626822157417998,0.6439743589743591
0.4675324675300388,0.6297376093276101,0.6602564102564102
0.48311688311437345,0.6268221574325749,0.7271794871794872
0.4103896103874785,0.5743440233219407,0.5961538461538461
0.48571428571176256,0.6166180757999515,0.6757692307692307
0.5012987012960972,0.6137026239049164,0.7344871794871796
0.42337662337442405,0.5583090378992469,0.5769230769230769
0.3688311688292528,0.5568513119517293,0.6474358974358975
0.35584415584230733,0.5495626822141413,0.6410256410256411
0.4285714285692023,0.5204081632637889,0.6371794871794872
0.44155844155614776,0.5043731778410951,0.6496153846153846
0.37402597402403104,0.5364431486864827,0.5897435897435898
0.42597402597181316,0.5189504373162713,0.6107692307692307
0.4519480519457042,0.5102040816311656,0.7393589743589744
0.43376623376398044,0.4999999999985423,0.6376923076923077
0.43896103895875865,0.5029154518935776,0.6
0.4493506493483151,0.508746355683648,0.6410256410256411
0.3922077922057548,0.5233236151588242,0.6564102564102564
0.4051948051927003,0.5306122448964122,0.5897435897435898
0.41818181817964584,0.5145772594737185,0.6274358974358974
0.4155844155822567,0.5131195335262009,0.6510256410256411
0.4103896103874785,0.5335276967914474,0.5616666666666666
0.4311688311665914,0.5218658892113065,0.6839743589743589
0.4129870129848676,0.5116618075786832,0.6388461538461538
0.42077922077703495,0.516034985421236,0.6396153846153846
0.4077922077900894,0.5320699708439298,0.5825641025641025
0.4025974025953112,0.5291545189488946,0.5496153846153847
0.37922077921880926,0.539358600581518,0.5769230769230769
0.43636363636136954,0.5014577259460599,0.6335897435897436
0.6103896103864396,0.41253644314748533,0.46794871794871795
0.446753246750926,0.5072886297361303,0.7019230769230769
0.397402597400533,0.5262390670538594,0.6346153846153846
0.44415584415353687,0.5058309037886127,0.6282051282051282
0.3948051948031439,0.5247813411063418,0.6244871794871794
0.42337662337442405,0.5174927113687536,0.5971794871794872
0.37142857142664193,0.5349854227389651,0.5641025641025641
0.36363636363447466,0.553935860056694,0.5961538461538461
0.693506493502891,0.4985422740510247,0.46153846153846156
0.6727272727237781,0.48688046647088373,0.40384615384615385
0.5974025973994941,0.5291545189488946,0.6358974358974359
0.5376623376595446,0.5043731778410951,0.6060256410256409
0.7012987012950582,0.4941690962084718,0.3717948717948718
0.5558441558412683,0.5058309037886127,0.6447435897435898
0.5740259740229922,0.5189504373162713,0.6591025641025641
0.5922077922047159,0.5320699708439298,0.6388461538461538
0.6025974025942723,0.5379008746340003,0.6474358974358975
0.5480519480491011,0.5102040816311656,0.6217948717948718
0.5532467532438793,0.5072886297361303,0.613076923076923
0.69610389610028,0.49708454810350705,0.4230769230769231
0.5610389610360466,0.5145772594737185,0.6598717948717948
0.5402597402569338,0.5029154518935776,0.5742307692307693
0.6077922077890504,0.5349854227389651,0.657051282051282
0.5818181818151594,0.5262390670538594,0.642948717948718
0.5454545454517119,0.4999999999985423,0.5894871794871795
0.5844155844125485,0.5247813411063418,0.6506410256410257
0.5584415584386575,0.516034985421236,0.639102564102564
0.6181818181786068,0.5408163265290356,0.604871794871795
0.5506493506464901,0.508746355683648,0.6688461538461539
0.5428571428543228,0.5014577259460599,0.5983333333333334
0.5662337662308248,0.5116618075786832,0.6538461538461539
0.5636363636334357,0.5131195335262009,0.6311538461538462
0.6051948051916614,0.5364431486864827,0.628974358974359
0.5870129870099376,0.5233236151588242,0.662051282051282
0.571428571425603,0.5204081632637889,0.6207692307692307
0.5766233766203812,0.5174927113687536,0.6153846153846154
0.5688311688282139,0.5218658892113065,0.6334615384615384
0.5792207792177703,0.527696793001377,0.6742307692307693
0.5142857142830427,0.38921282798720347,0.30128205128205127
0.6103896103864396,0.5451895043715884,0.6461538461538462
0.6155844155812178,0.5422740524765531,0.5238461538461539
0.27792207792063417,0.7317784256538432,0.3261538461538461
0.2805194805180233,0.7303206997063256,0.41448717948717945
0.5999999999968831,0.539358600581518,0.532051282051282
0.5896103896073267,0.5335276967914474,0.7093589743589743
0.5948051948021049,0.5306122448964122,0.7243589743589743
0.2701298701284669,0.7244897959162552,0.40384615384615385
0.6129870129838286,0.5437317784240707,0.6141025641025641
0.7662337662297859,0.4985422740510247,0.3782051282051282
0.25454545454413224,0.7361516034963961,0.38461538461538464
0.36363636363447466,0.6166180757999515,0.5705128205128205
0.48571428571176256,0.5014577259460599,0.6410256410256411
0.48831168830915167,0.4999999999985423,0.7564102564102564
0.4909090909065408,0.5043731778410951,0.6858974358974359
0.36623376623186377,0.6209912536425044,0.6217948717948718
0.5038961038934863,0.5437317784240707,0.7564102564102564
0.4649350649326497,0.5131195335262009,0.6923076923076923
0.4597402597378715,0.5218658892113065,0.6666666666666666
0.5999999999968831,0.3906705539347211,0.41025641025641024
0.472727272724817,0.5145772594737185,0.6367948717948718
0.3688311688292528,0.6195335276949868,0.6452564102564102
0.49870129869870805,0.5408163265290356,0.650128205128205
0.36103896103708555,0.6180758017474692,0.5983333333333334
0.5194805194778209,0.5291545189488946,0.6934615384615385
0.42597402597181316,0.4883381924184014,0.5833333333333334
0.5142857142830427,0.5379008746340003,0.7061538461538461
0.43636363636136954,0.4825072886283309,0.623076923076923
0.47792207791959523,0.5058309037886127,0.6324358974358975
0.5168831168804318,0.5306122448964122,0.737051282051282
0.5350649350621556,0.5262390670538594,0.7003846153846153
0.5324675324647664,0.527696793001377,0.6808974358974359
0.5116883116856535,0.539358600581518,0.7029487179487179
0.46233766233526064,0.5204081632637889,0.6346153846153846
0.5090909090882645,0.5349854227389651,0.6852564102564103
0.4753246753222061,0.5072886297361303,0.6923076923076923
0.5012987012960972,0.5451895043715884,0.7307692307692307
0.5298701298673774,0.5233236151588242,0.6946153846153847
0.43376623376398044,0.4839650145758485,0.6142307692307691
0.5246753246725991,0.5320699708439298,0.7005128205128205
0.5272727272699882,0.5247813411063418,0.6930769230769231
0.41818181817964584,0.4985422740510247,0.597051282051282
0.5064935064908754,0.5364431486864827,0.6685897435897437
0.4545454545430933,0.5189504373162713,0.5961538461538461
0.48051948051698434,0.5102040816311656,0.7076923076923077
0.4311688311665914,0.4912536443134366,0.623076923076923
0.44155844155614776,0.48542274052336615,0.7093589743589743
0.4701298701274279,0.516034985421236,0.6717948717948719
0.42077922077703495,0.49708454810350705,0.6512820512820513
0.43896103895875865,0.48688046647088373,0.5860256410256409
0.48311688311437345,0.508746355683648,0.597051282051282
0.52207792207521,0.5335276967914474,0.7457692307692307
0.4675324675300388,0.5116618075786832,0.7532051282051282
0.42337662337442405,0.48979591836591896,0.6116666666666666
0.4129870129848676,0.49562682215598947,0.6452564102564102
0.4285714285692023,0.4927113702609542,0.5983333333333334
0.49610389610131894,0.5422740524765531,0.6333333333333334
0.35844155843969644,0.565597667636835,0.6624358974358975
0.3948051948031439,0.5451895043715884,0.6452564102564102
0.38181818181619837,0.5262390670538594,0.5784615384615385
0.3506493506475291,0.5670553935843526,0.5961538461538461
0.3532467532449182,0.5685131195318702,0.5769230769230769
0.37922077921880926,0.5306122448964122,0.5846153846153845
0.4909090909065408,0.4883381924184014,0.717948717948718
0.37402597402403104,0.5335276967914474,0.6067948717948718
0.4129870129848676,0.508746355683648,0.6324358974358975
0.4311688311665914,0.5014577259460599,0.6206410256410256
0.44415584415353687,0.5145772594737185,0.694871794871795
0.620779220775996,0.3921282798822387,0.5128205128205128
0.397402597400533,0.5408163265290356,0.6698717948717948
0.3844155844135875,0.527696793001377,0.5993589743589743
0.42337662337442405,0.5029154518935776,0.5783333333333334
0.4077922077900894,0.5349854227389651,0.5624358974358975
0.3999999999979221,0.5422740524765531,0.6730769230769231
0.43376623376398044,0.5204081632637889,0.6811538461538461
0.4493506493483151,0.5116618075786832,0.717948717948718
0.43896103895875865,0.5174927113687536,0.5961538461538461
0.446753246750926,0.516034985421236,0.6817948717948719
0.42597402597181316,0.5043731778410951,0.604871794871795
0.3922077922057548,0.5437317784240707,0.5897435897435898
0.43636363636136954,0.5218658892113065,0.6769230769230768
0.4103896103874785,0.5364431486864827,0.5870512820512821
0.37142857142664193,0.5320699708439298,0.5923076923076923
0.4519480519457042,0.5131195335262009,0.717948717948718
0.3896103896083657,0.5247813411063418,0.5603846153846153
0.3870129870109766,0.5233236151588242,0.5292307692307693
0.4025974025953112,0.5379008746340003,0.5944871794871796
0.4155844155822567,0.5102040816311656,0.623974358974359
0.4051948051927003,0.539358600581518,0.6703846153846155
0.42077922077703495,0.5072886297361303,0.6017948717948718
0.47792207791959523,0.4985422740510247,0.6461538461538462
0.4285714285692023,0.4999999999985423,0.623974358974359
0.44155844155614776,0.5189504373162713,0.6516666666666666
0.37662337662142015,0.5291545189488946,0.6025641025641025
0.41818181817964584,0.5058309037886127,0.6025641025641025
0.42337662337442405,0.7871720116595127,0.391025641025641
0.43636363636136954,0.7915451895020655,0.47435897435897434
0.4701298701274279,0.766763848394266,0.21794871794871795
0.4103896103874785,0.5262390670538594,0.5961538461538461
0.4051948051927003,0.5233236151588242,0.625
0.33766233766058357,0.5670553935843526,0.4935897435897436
0.3324675324658054,0.5641399416893174,0.47858974358974354
0.43376623376398044,0.5072886297361303,0.6675641025641025
0.42337662337442405,0.5131195335262009,0.6267948717948718
0.3999999999979221,0.5320699708439298,0.5652564102564103
0.38181818181619837,0.5364431486864827,0.5352564102564102
0.37142857142664193,0.5422740524765531,0.6089743589743589
0.42077922077703495,0.5204081632637889,0.643076923076923
0.3844155844135875,0.5349854227389651,0.5608974358974359
0.4077922077900894,0.527696793001377,0.6217948717948718
0.4285714285692023,0.516034985421236,0.5811538461538461
0.41818181817964584,0.5218658892113065,0.639102564102564
0.3896103896083657,0.5379008746340003,0.5811538461538461
0.397402597400533,0.5335276967914474,0.5806410256410257
0.42597402597181316,0.5116618075786832,0.631025641025641
0.43636363636136954,0.5058309037886127,0.6791025641025641
0.3948051948031439,0.5291545189488946,0.6053846153846154
0.43896103895875865,0.5102040816311656,0.6003846153846154
0.44415584415353687,0.5014577259460599,0.7083333333333334
0.3870129870109766,0.539358600581518,0.5737179487179487
0.4155844155822567,0.5174927113687536,0.6560256410256411
0.44155844155614776,0.508746355683648,0.5512820512820513
0.4129870129848676,0.5189504373162713,0.662051282051282
0.47792207791959523,0.4825072886283309,0.7234615384615386
0.4311688311665914,0.5145772594737185,0.6814102564102564
0.3922077922057548,0.5306122448964122,0.5825641025641025
0.4025974025953112,0.5247813411063418,0.6324358974358975
0.42337662337442405,0.634110787170163,0.5384615384615384
0.3896103896083657,0.615160349852434,0.6538461538461539
0.37662337662142015,0.6078717201148459,0.6196153846153846
0.4935064935039299,0.5568513119517293,0.7692307692307693
0.5116883116856535,0.5903790087446344,0.7862820512820513
0.48571428571176256,0.5524781341091765,0.7884615384615384
0.4155844155822567,0.6297376093276101,0.5801282051282052
0.5168831168804318,0.5699708454793878,0.6089743589743589
0.4077922077900894,0.6020408163247755,0.5544871794871795
0.4103896103874785,0.603498542272293,0.5865384615384616
0.42077922077703495,0.6326530612226453,0.6153846153846154
0.5038961038934863,0.5860058309020816,0.6564102564102564
0.47792207791959523,0.5481049562666236,0.6730769230769231
0.3532467532449182,0.47813411078577805,0.4358974358974359
0.4701298701274279,0.5670553935843526,0.6923076923076923
0.49610389610131894,0.5816326530595288,0.7106410256410257
0.3999999999979221,0.5976676384822226,0.6056410256410256
0.4519480519457042,0.6268221574325749,0.6088461538461538
0.3506493506475291,0.4766763848382604,0.4542307692307693
0.5012987012960972,0.584548104954564,0.6474358974358975
0.49870129869870805,0.5830903790070464,0.6812820512820513
0.446753246750926,0.6239067055375397,0.5946153846153845
0.4285714285692023,0.6370262390651982,0.5137179487179486
0.44415584415353687,0.622448979590022,0.5842307692307691
0.43896103895875865,0.6195335276949868,0.5875641025641025
0.43636363636136954,0.6180758017474692,0.5864102564102563
0.42597402597181316,0.6355685131176806,0.5471794871794873
0.4493506493483151,0.6253644314850573,0.6005128205128205
0.4753246753222061,0.546647230319106,0.6923076923076923
0.4311688311665914,0.6384839650127158,0.5628205128205129
0.44155844155614776,0.6209912536425044,0.5901282051282052
0.43376623376398044,0.6166180757999515,0.5856410256410257
0.37142857142664193,0.6049562682198106,0.5085897435897436
0.4051948051927003,0.6005830903772578,0.591923076923077
0.37402597402403104,0.6064139941673282,0.6410256410256411
0.5064935064908754,0.5874635568495993,0.6858974358974359
0.5090909090882645,0.5889212827971169,0.6474358974358975
0.397402597400533,0.5962099125347049,0.6038461538461538
0.5142857142830427,0.5918367346921521,0.7034615384615385
0.3844155844135875,0.6122448979573987,0.5897435897435898
0.3922077922057548,0.5932944606396697,0.5811538461538461
0.3948051948031439,0.5947521865871873,0.6089743589743589
0.4025974025953112,0.5991253644297402,0.6097435897435898
0.37922077921880926,0.6093294460623635,0.6153846153846154
0.3948051948031439,0.7332361516013608,0.33974358974358976
0.43636363636136954,0.7565597667616427,0.3717948717948718
0.3999999999979221,0.7361516034963961,0.5042307692307693
0.4025974025953112,0.740524781338949,0.4230769230769231
0.4311688311665914,0.7769679300268894,0.40384615384615385
0.397402597400533,0.7376093294439137,0.44551282051282054
0.42597402597181316,0.7740524781318541,0.35038461538461535
0.5999999999968831,0.5422740524765531,0.5705128205128205
0.5558441558412683,0.5029154518935776,0.6378205128205128
0.6025974025942723,0.5408163265290356,0.6333333333333334
0.571428571425603,0.5116618075786832,0.6866666666666666
0.5948051948021049,0.527696793001377,0.7258974358974359
0.5844155844125485,0.5335276967914474,0.6474358974358975
0.5376623376595446,0.5072886297361303,0.615897435897436
0.5506493506464901,0.4999999999985423,0.5925641025641025
0.5870129870099376,0.5320699708439298,0.6111538461538462
0.2831168831154124,0.7259475218637728,0.391025641025641
0.5428571428543228,0.5102040816311656,0.6225641025641026
0.5454545454517119,0.508746355683648,0.6385897435897436
0.5402597402569338,0.5058309037886127,0.6144871794871796
0.5610389610360466,0.5174927113687536,0.6248717948717948
0.6675324675289999,0.48688046647088373,0.44871794871794873
0.5636363636334357,0.5218658892113065,0.6469230769230768
0.670129870126389,0.48542274052336615,0.44871794871794873
0.5922077922047159,0.5233236151588242,0.6519230769230768
0.6103896103864396,0.5364431486864827,0.6233333333333334
0.5974025973994941,0.5262390670538594,0.6564102564102564
0.6077922077890504,0.5437317784240707,0.6025641025641025
0.6129870129838286,0.5349854227389651,0.6264102564102564
0.5480519480491011,0.5014577259460599,0.5935897435897436
0.5896103896073267,0.5247813411063418,0.6457692307692309
0.5584415584386575,0.5189504373162713,0.6483333333333332
0.5740259740229922,0.516034985421236,0.6071794871794872
0.5766233766203812,0.5145772594737185,0.6410256410256411
0.27272727272585595,0.7317784256538432,0.36961538461538457
0.6155844155812178,0.539358600581518,0.5842307692307691
0.6857142857107236,0.4941690962084718,0.35038461538461535
0.6727272727237781,0.47813411078577805,0.38782051282051283
0.5662337662308248,0.5204081632637889,0.6432051282051282
0.5688311688282139,0.5131195335262009,0.6617948717948718
0.6883116883081127,0.4985422740510247,0.4282051282051283
0.6831168831133345,0.49562682215598947,0.40602564102564104
0.5818181818151594,0.5291545189488946,0.6689743589743591
0.6051948051916614,0.5451895043715884,0.6153846153846154
0.5532467532438793,0.5043731778410951,0.6596153846153846
0.2857142857128015,0.7244897959162552,0.34935897435897434
0.5792207792177703,0.5306122448964122,0.7307692307692307
0.6441558441524979,0.47084548104818996,0.1987179487179487
0.6519480519446652,0.4664723032056371,0.32051282051282054
0.6181818181786068,0.5379008746340003,0.6297435897435898
0.4675324675300388,0.7346938775488785,0.15384615384615385
0.4701298701274279,0.7361516034963961,0.26282051282051283
0.4545454545430933,0.7390670553914314,0.48717948717948717
0.4909090909065408,0.747813411076537,0.24358974358974358
0.3402597402579727,0.7580174927091603,0.3525641025641026
0.3454545454527509,0.7609329446041956,0.30128205128205127
0.29870129869974704,0.7346938775488785,0.39858974358974364
0.3064935064919143,0.7361516034963961,0.3725641025641026
0.29610389610235793,0.7419825072864665,0.4469230769230769
0.2883116883101906,0.740524781338949,0.375
0.3038961038945252,0.7376093294439137,0.4175641025641025
0.30129870129713615,0.7332361516013608,0.4219230769230769
0.3272727272710272,0.747813411076537,0.32051282051282054
0.2909090909075797,0.7390670553914314,0.4161538461538461
0.3428571428553618,0.7565597667616427,0.3685897435897436
0.2935064935049688,0.785714285711995,0.3141025641025641
0.29870129869974704,0.7827988338169598,0.28525641025641024
0.5376623376595446,0.48979591836591896,0.5589743589743589
0.30129870129713615,0.7274052478112903,0.47435897435897434
0.5584415584386575,0.47813411078577805,0.5961538461538461
0.670129870126389,0.5145772594737185,0.45217948717948714
0.5480519480491011,0.49562682215598947,0.5708974358974359
0.29610389610235793,0.7244897959162552,0.47012820512820513
0.2909090909075797,0.7215743440212199,0.4230769230769231
0.3246753246736381,0.7201166180737023,0.4230769230769231
0.2935064935049688,0.7259475218637728,0.38884615384615384
0.3064935064919143,0.7303206997063256,0.4324358974358975
0.3038961038945252,0.7317784256538432,0.4347435897435897
0.5428571428543228,0.4927113702609542,0.5671794871794871
0.6883116883081127,0.5043731778410951,0.2961538461538461
0.6649350649316108,0.5116618075786832,0.532051282051282
0.6623376623342216,0.5131195335262009,0.52
0.29870129869974704,0.728862973758808,0.4166666666666667
0.6987012986976692,0.5102040816311656,0.46153846153846156
0.6727272727237781,0.5189504373162713,0.4333333333333333
0.5402597402569338,0.4883381924184014,0.5584615384615385
0.7012987012950582,0.508746355683648,0.4324358974358975
0.6675324675289999,0.516034985421236,0.4580769230769231
0.6753246753211671,0.5174927113687536,0.45961538461538454
0.620779220775996,0.5364431486864827,0.6035897435897436
0.6285714285681633,0.5379008746340003,0.617948717948718
0.6831168831133345,0.5014577259460599,0.41025641025641024
0.5532467532438793,0.4985422740510247,0.6265384615384616
0.6909090909055018,0.5029154518935776,0.44871794871794873
0.5506493506464901,0.4941690962084718,0.5837179487179487
0.5454545454517119,0.4912536443134366,0.5512820512820513
0.693506493502891,0.5072886297361303,0.4601282051282051
0.69610389610028,0.5058309037886127,0.47051282051282056
0.6779220779185563,0.5218658892113065,0.42128205128205126
0.5558441558412683,0.49708454810350705,0.5843589743589743
0.6805194805159454,0.5204081632637889,0.3675641025641026
0.6233766233733851,0.5349854227389651,0.6076923076923078
0.7376623376585056,0.5014577259460599,0.4273076923076923
0.7038961038924473,0.5174927113687536,0.4176923076923077
0.7324675324637275,0.5102040816311656,0.39871794871794863
0.7220779220741711,0.516034985421236,0.21794871794871795
0.7142857142820037,0.5116618075786832,0.3467948717948718
0.7298701298663384,0.508746355683648,0.42051282051282046
0.7194805194767819,0.5145772594737185,0.3871794871794872
0.7168831168793929,0.5131195335262009,0.34858974358974354
0.7428571428532839,0.5043731778410951,0.3932051282051282
0.7272727272689493,0.5072886297361303,0.3741025641025642
0.7246753246715602,0.5058309037886127,0.4139743589743591
0.7064935064898364,0.5189504373162713,0.40602564102564104
0.7090909090872255,0.5204081632637889,0.38884615384615384
0.3948051948031439,0.7113702623885966,0.40384615384615385
0.4103896103874785,0.7201166180737023,0.32051282051282054
0.5376623376595446,0.6282798833800926,0.75
0.5168831168804318,0.6399416909602335,0.5
0.37662337662142015,0.7244897959162552,0.4230769230769231
0.3870129870109766,0.7303206997063256,0.36141025641025637
0.37402597402403104,0.7230320699687376,0.4541025641025641
0.3999999999979221,0.7142857142836319,0.33076923076923076
0.42597402597181316,0.7055393585985261,0.3897435897435898
0.4051948051927003,0.717201166178667,0.3333333333333333
0.43376623376398044,0.6865889212807972,0.4382051282051283
0.43636363636136954,0.6880466472283148,0.4566666666666667
0.4025974025953112,0.7157434402311494,0.36384615384615376
0.4285714285692023,0.7069970845460437,0.42205128205128206
0.37922077921880926,0.7259475218637728,0.40307692307692305
0.43896103895875865,0.6895043731758324,0.47435897435897434
0.3844155844135875,0.728862973758808,0.37
0.4311688311665914,0.7084548104935614,0.41474358974358966
0.38181818181619837,0.7274052478112903,0.3755128205128206
0.44155844155614776,0.6909620991233499,0.4538461538461539
0.3896103896083657,0.7317784256538432,0.4032051282051282
0.5402597402569338,0.6297376093276101,0.6346153846153846
0.37142857142664193,0.7215743440212199,0.4403846153846153
0.44415584415353687,0.6924198250708676,0.45128205128205134
0.5194805194778209,0.4941690962084718,0.5384615384615384
0.3454545454527509,0.5743440233219407,0.532051282051282
0.5246753246725991,0.49708454810350705,0.5769230769230769
0.36103896103708555,0.5830903790070464,0.5714102564102563
0.5272727272699882,0.48979591836591896,0.5983333333333334
0.52207792207521,0.4985422740510247,0.658076923076923
0.34805194805014,0.5728862973744231,0.5897435897435898
0.3532467532449182,0.5874635568495993,0.5806410256410257
0.3870129870109766,0.5043731778410951,0.40602564102564104
0.3506493506475291,0.5889212827971169,0.5855128205128205
0.3922077922057548,0.5189504373162713,0.623076923076923
0.35844155843969644,0.5903790087446344,0.5885897435897436
0.41818181817964584,0.5335276967914474,0.5615384615384615
0.42597402597181316,0.5233236151588242,0.6624358974358975
0.43896103895875865,0.5451895043715884,0.5952564102564103
0.3688311688292528,0.584548104954564,0.5528205128205129
0.42337662337442405,0.5247813411063418,0.6662820512820513
0.4129870129848676,0.5306122448964122,0.5939743589743589
0.3999999999979221,0.5204081632637889,0.6564102564102564
0.4103896103874785,0.5145772594737185,0.6153846153846154
0.43636363636136954,0.5408163265290356,0.6039743589743589
0.3948051948031439,0.5174927113687536,0.617948717948718
0.3402597402579727,0.5714285714269055,0.5
0.5324675324647664,0.4927113702609542,0.5589743589743589
0.4025974025953112,0.5131195335262009,0.6367948717948718
0.4077922077900894,0.516034985421236,0.652948717948718
0.4051948051927003,0.5116618075786832,0.6226923076923077
0.44415584415353687,0.5364431486864827,0.6488461538461539
0.4155844155822567,0.5291545189488946,0.616923076923077
0.42077922077703495,0.5320699708439298,0.6311538461538462
0.4493506493483151,0.539358600581518,0.6497435897435898
0.4285714285692023,0.527696793001377,0.6662820512820513
0.4311688311665914,0.5262390670538594,0.6788461538461539
0.44155844155614776,0.5437317784240707,0.645
0.4519480519457042,0.5379008746340003,0.6519230769230768
0.446753246750926,0.5349854227389651,0.6539743589743591
0.36363636363447466,0.5816326530595288,0.5865384615384616
0.43376623376398044,0.5422740524765531,0.6244871794871794
0.397402597400533,0.5218658892113065,0.5717948717948718
0.35584415584230733,0.5918367346921521,0.5569230769230769
0.5350649350621556,0.4912536443134366,0.5183333333333334
0.37922077921880926,0.508746355683648,0.5064102564102564
0.36623376623186377,0.5860058309020816,0.5384615384615384
0.4155844155822567,0.5787172011644935,0.6025641025641025
0.397402597400533,0.565597667636835,0.625
0.4597402597378715,0.6005830903772578,0.6410256410256411
0.4571428571404824,0.6020408163247755,0.6153846153846154
0.5142857142830427,0.6166180757999515,0.7884615384615384
0.5350649350621556,0.6282798833800926,0.7008974358974359
0.4649350649326497,0.5976676384822226,0.6602564102564102
0.48051948051698434,0.6122448979573987,0.6307692307692309
0.4545454545430933,0.603498542272293,0.6538461538461539
0.37922077921880926,0.5524781341091765,0.5833333333333334
0.5194805194778209,0.6370262390651982,0.6185897435897436
0.41818181817964584,0.577259475216976,0.6538461538461539
0.42077922077703495,0.5758017492694584,0.6111538461538462
0.4519480519457042,0.5816326530595288,0.6153846153846154
0.5038961038934863,0.622448979590022,0.6944871794871795
0.5064935064908754,0.6209912536425044,0.7002564102564103
0.3896103896083657,0.546647230319106,0.6025641025641025
0.4025974025953112,0.5626822157417998,0.6282051282051282
0.3922077922057548,0.5685131195318702,0.623974358974359
0.36623376623186377,0.5364431486864827,0.6474358974358975
0.4077922077900894,0.5597667638467645,0.5993589743589743
0.44415584415353687,0.5860058309020816,0.6544871794871795
0.42597402597181316,0.5728862973744231,0.6025641025641025
0.4051948051927003,0.5612244897942822,0.6217948717948718
0.4129870129848676,0.5801749271120111,0.6410256410256411
0.4493506493483151,0.5830903790070464,0.6425641025641026
0.48311688311437345,0.6107871720098811,0.6996153846153845
0.4909090909065408,0.6064139941673282,0.7282051282051282
0.48831168830915167,0.6078717201148459,0.7412820512820512
0.43896103895875865,0.5889212827971169,0.6342307692307693
0.446753246750926,0.584548104954564,0.6188461538461538
0.43376623376398044,0.5918367346921521,0.6453846153846154
0.48571428571176256,0.6093294460623635,0.7193589743589743
0.4935064935039299,0.6049562682198106,0.7371794871794872
0.44155844155614776,0.5874635568495993,0.6548717948717948
0.43636363636136954,0.5903790087446344,0.6393589743589744
0.5116883116856535,0.6180758017474692,0.6282051282051282
0.3454545454527509,0.5247813411063418,0.6346153846153846
0.5012987012960972,0.6239067055375397,0.6867948717948718
0.472727272724817,0.5932944606396697,0.6987179487179487
0.42337662337442405,0.5743440233219407,0.6442307692307693
0.3688311688292528,0.5349854227389651,0.6089743589743589
0.49870129869870805,0.6253644314850573,0.6394871794871795
0.5324675324647664,0.6297376093276101,0.6496153846153846
0.49610389610131894,0.6268221574325749,0.6271794871794872
0.47792207791959523,0.6137026239049164,0.6410256410256411
0.4311688311665914,0.5699708454793878,0.6519230769230768
0.4285714285692023,0.5714285714269055,0.6496153846153846
0.5090909090882645,0.6195335276949868,0.6703846153846155
0.4753246753222061,0.5801749271120111,0.7051282051282052
0.37922077921880926,0.634110787170163,0.5358974358974359
0.42337662337442405,0.6093294460623635,0.6205128205128206
0.37662337662142015,0.6355685131176806,0.631923076923077
0.4571428571404824,0.5903790087446344,0.6602564102564102
0.4285714285692023,0.6064139941673282,0.6301282051282052
0.4493506493483151,0.5947521865871873,0.6794871794871795
0.4311688311665914,0.6049562682198106,0.6255128205128206
0.43896103895875865,0.6005830903772578,0.6442307692307693
0.33766233766058357,0.47084548104818996,0.4358974358974359
0.42597402597181316,0.6078717201148459,0.559871794871795
0.4519480519457042,0.5932944606396697,0.6666666666666666
0.44155844155614776,0.5991253644297402,0.6608974358974359
0.43376623376398044,0.603498542272293,0.6292307692307693
0.44415584415353687,0.5976676384822226,0.655128205128205
0.43636363636136954,0.6020408163247755,0.6178205128205128
0.446753246750926,0.5962099125347049,0.6474358974358975
0.3428571428553618,0.46793002915315474,0.44871794871794873
0.4935064935039299,0.5699708454793878,0.7
0.4909090909065408,0.5714285714269055,0.7019230769230769
0.49610389610131894,0.5685131195318702,0.45294871794871794
0.42077922077703495,0.6107871720098811,0.6217948717948718
0.37402597402403104,0.6370262390651982,0.5952564102564103
0.48571428571176256,0.5743440233219407,0.6974358974358975
0.48831168830915167,0.5728862973744231,0.6666666666666666
0.48311688311437345,0.5758017492694584,0.7435897435897436
0.3402597402579727,0.4693877551006724,0.48717948717948717
0.42077922077703495,0.709912536441079,0.34243589743589736
0.5402597402569338,0.5962099125347049,0.8205128205128205
0.4571428571404824,0.6428571428552686,0.5256410256410257
0.4311688311665914,0.7157434402311494,0.4
0.4285714285692023,0.717201166178667,0.375
0.43636363636136954,0.7244897959162552,0.4133333333333333
0.41818181817964584,0.7113702623885966,0.37
0.4129870129848676,0.7142857142836319,0.358974358974359
0.43896103895875865,0.7230320699687376,0.40807692307692306
0.42597402597181316,0.7186588921261847,0.33653846153846156
0.43376623376398044,0.7259475218637728,0.42948717948717946
0.44155844155614776,0.7215743440212199,0.44871794871794873
0.4155844155822567,0.7128279883361143,0.35987179487179477
0.46233766233526064,0.6399416909602335,0.5256410256410257
0.5999999999968831,0.6326530612226453,0.391025641025641
0.4597402597378715,0.641399416907751,0.4326923076923077
0.6259740259707742,0.5481049562666236,0.5897435897435898
0.5246753246725991,0.4912536443134366,0.735
0.52207792207521,0.4927113702609542,0.5192307692307693
0.3532467532449182,0.5816326530595288,0.6185897435897436
0.37662337662142015,0.5043731778410951,0.5641025641025641
0.34805194805014,0.5787172011644935,0.5897435897435898
0.5298701298673774,0.4941690962084718,0.5692307692307693
0.3454545454527509,0.5801749271120111,0.6538461538461539
0.3870129870109766,0.5102040816311656,0.5042307692307693
0.36623376623186377,0.5918367346921521,0.5915384615384616
0.4493506493483151,0.5451895043715884,0.6367948717948718
0.4077922077900894,0.5218658892113065,0.6424358974358975
0.4519480519457042,0.5437317784240707,0.6762820512820513
0.4103896103874785,0.5204081632637889,0.6121794871794872
0.4155844155822567,0.5233236151588242,0.625
0.446753246750926,0.5408163265290356,0.6635897435897437
0.42597402597181316,0.5291545189488946,0.6578205128205129
0.5350649350621556,0.49708454810350705,0.6111538461538462
0.3999999999979221,0.5145772594737185,0.6519230769230768
0.4051948051927003,0.5174927113687536,0.6773076923076923
0.41818181817964584,0.527696793001377,0.6334615384615384
0.43896103895875865,0.539358600581518,0.6410256410256411
0.4311688311665914,0.5320699708439298,0.6465384615384616
0.42337662337442405,0.5306122448964122,0.6423076923076922
0.43636363636136954,0.5349854227389651,0.6323076923076922
0.44155844155614776,0.5379008746340003,0.6747435897435897
0.4285714285692023,0.5335276967914474,0.6406410256410257
0.43376623376398044,0.5364431486864827,0.6466666666666666
0.42077922077703495,0.5262390670538594,0.6562820512820513
0.3948051948031439,0.5116618075786832,0.6066666666666666
0.5324675324647664,0.4985422740510247,0.5356410256410257
0.36103896103708555,0.5889212827971169,0.5506410256410257
0.3922077922057548,0.5131195335262009,0.5541025641025641
0.35584415584230733,0.5860058309020816,0.5461538461538461
0.44415584415353687,0.5422740524765531,0.6517948717948718
0.397402597400533,0.516034985421236,0.6039743589743589
0.5272727272699882,0.49562682215598947,0.5846153846153845
0.3350649350631945,0.5743440233219407,0.5192307692307693
0.3688311688292528,0.5903790087446344,0.5880769230769232
0.5168831168804318,0.48979591836591896,0.717948717948718
0.36363636363447466,0.5874635568495993,0.5747435897435897
0.4025974025953112,0.5189504373162713,0.6538461538461539
0.4129870129848676,0.5247813411063418,0.6207692307692307
0.35844155843969644,0.584548104954564,0.5555128205128205
0.3896103896083657,0.508746355683648,0.5726923076923077
0.6311688311655524,0.5102040816311656,0.36538461538461536
0.6441558441524979,0.5145772594737185,0.5726923076923077
0.6597402597368326,0.5174927113687536,0.46153846153846156
0.35584415584230733,0.7230320699687376,0.4585897435897435
0.3688311688292528,0.7274052478112903,0.39858974358974364
0.6675324675289999,0.5247813411063418,0.4391025641025641
0.3532467532449182,0.7244897959162552,0.45576923076923076
0.3506493506475291,0.7259475218637728,0.4326923076923077
0.6181818181786068,0.4941690962084718,0.5769230769230769
0.36103896103708555,0.7317784256538432,0.4434615384615385
0.36363636363447466,0.7303206997063256,0.3808974358974358
0.6493506493472762,0.5116618075786832,0.5641025641025641
0.6571428571394434,0.5189504373162713,0.4807692307692308
0.36623376623186377,0.728862973758808,0.4184615384615385
0.646753246749887,0.5131195335262009,0.5342307692307693
0.6363636363603307,0.5072886297361303,0.45294871794871794
0.6415584415551088,0.516034985421236,0.5683333333333334
0.35844155843969644,0.7215743440212199,0.40384615384615385
0.6545454545420544,0.5204081632637889,0.4423076923076923
0.6025974025942723,0.5437317784240707,0.5128205128205128
0.5844155844125485,0.5306122448964122,0.6944871794871795
0.5480519480491011,0.5043731778410951,0.601923076923077
0.5376623376595446,0.5102040816311656,0.647948717948718
0.2675324675310778,0.7317784256538432,0.41025641025641024
0.6155844155812178,0.5364431486864827,0.6121794871794872
0.5506493506464901,0.5029154518935776,0.6293589743589744
0.5584415584386575,0.5218658892113065,0.6365384615384616
0.5558441558412683,0.4999999999985423,0.5955128205128205
0.5636363636334357,0.5189504373162713,0.6358974358974359
0.5896103896073267,0.527696793001377,0.6794871794871795
0.6129870129838286,0.5379008746340003,0.5761538461538461
0.5792207792177703,0.5335276967914474,0.7124358974358973
0.5922077922047159,0.5262390670538594,0.6783333333333333
0.6077922077890504,0.5408163265290356,0.5974358974358973
0.5766233766203812,0.5116618075786832,0.47435897435897434
0.5428571428543228,0.5072886297361303,0.5865384615384616
0.5662337662308248,0.5174927113687536,0.6237179487179488
0.5688311688282139,0.516034985421236,0.6346153846153846
0.5610389610360466,0.5204081632637889,0.6471794871794873
0.5948051948021049,0.5247813411063418,0.6514102564102564
0.5870129870099376,0.5291545189488946,0.6837179487179487
0.6181818181786068,0.5349854227389651,0.6089743589743589
0.571428571425603,0.5145772594737185,0.6602564102564102
0.5402597402569338,0.508746355683648,0.6276923076923077
0.5974025973994941,0.5233236151588242,0.6652564102564102
0.5454545454517119,0.5058309037886127,0.5852564102564103
0.5818181818151594,0.5320699708439298,0.7467948717948718
0.5740259740229922,0.5131195335262009,0.6378205128205128
0.6857142857107236,0.49708454810350705,0.36217948717948717
0.5532467532438793,0.5014577259460599,0.6315384615384616
0.6545454545420544,0.46793002915315474,0.3076923076923077
0.6441558441524979,0.4737609329432252,0.358974358974359
0.6831168831133345,0.4985422740510247,0.48717948717948717
0.6103896103864396,0.539358600581518,0.6474358974358975
0.7662337662297859,0.49708454810350705,0.26282051282051283
0.4909090909065408,0.6005830903772578,0.7788461538461539
0.5168831168804318,0.6209912536425044,0.6987179487179487
0.4753246753222061,0.5976676384822226,0.782051282051282
0.48051948051698434,0.5947521865871873,0.7435897435897436
0.3922077922057548,0.5510204081616589,0.6410256410256411
0.472727272724817,0.6107871720098811,0.5897435897435898
0.5064935064908754,0.6384839650127158,0.6205128205128206
0.5194805194778209,0.6195335276949868,0.7029487179487179
0.49870129869870805,0.6311953352751277,0.6217948717948718
0.5324675324647664,0.6239067055375397,0.694871794871795
0.446753246750926,0.5787172011644935,0.6584615384615384
0.4129870129848676,0.5860058309020816,0.6333333333333334
0.5090909090882645,0.6370262390651982,0.6256410256410256
0.4935064935039299,0.5991253644297402,0.7315384615384616
0.49610389610131894,0.6326530612226453,0.6196153846153846
0.43376623376398044,0.5743440233219407,0.6633333333333332
0.3506493506475291,0.527696793001377,0.6282051282051282
0.5350649350621556,0.622448979590022,0.7125641025641025
0.42597402597181316,0.5903790087446344,0.6025641025641025
0.4493506493483151,0.577259475216976,0.6516666666666666
0.4649350649326497,0.615160349852434,0.6624358974358975
0.5038961038934863,0.6282798833800926,0.7423076923076923
0.44155844155614776,0.5699708454793878,0.6693589743589743
0.5272727272699882,0.6268221574325749,0.6807692307692307
0.4311688311665914,0.5874635568495993,0.6489743589743591
0.41818181817964584,0.5830903790070464,0.623974358974359
0.44415584415353687,0.5801749271120111,0.6633333333333332
0.47792207791959523,0.5962099125347049,0.7243589743589743
0.4285714285692023,0.5889212827971169,0.6143589743589744
0.43896103895875865,0.5714285714269055,0.6506410256410257
0.46233766233526064,0.6049562682198106,0.6474358974358975
0.48311688311437345,0.5932944606396697,0.717948717948718
0.48571428571176256,0.603498542272293,0.8256410256410257
0.5298701298673774,0.6253644314850573,0.7019230769230769
0.5142857142830427,0.634110787170163,0.7051282051282052
0.5246753246725991,0.6166180757999515,0.5769230769230769
0.42337662337442405,0.5918367346921521,0.5852564102564103
0.4051948051927003,0.5553935860042117,0.6067948717948718
0.5012987012960972,0.6297376093276101,0.782051282051282
0.42077922077703495,0.5816326530595288,0.6538461538461539
0.4077922077900894,0.553935860056694,0.6752564102564103
0.4519480519457042,0.5758017492694584,0.6474358974358975
0.48831168830915167,0.6020408163247755,0.7932051282051282
0.4155844155822567,0.584548104954564,0.6474358974358975
0.3688311688292528,0.5291545189488946,0.6111538461538462
0.43636363636136954,0.5728862973744231,0.6364102564102564
0.43636363636136954,0.7390670553914314,0.41448717948717945
0.5090909090882645,0.6122448979573987,0.7115384615384616
0.35844155843969644,0.5043731778410951,0.5448717948717948
0.37922077921880926,0.5860058309020816,0.5555128205128205
0.4753246753222061,0.6166180757999515,0.6217948717948718
0.4155844155822567,0.5597667638467645,0.5897435897435898
0.42597402597181316,0.565597667636835,0.6367948717948718
0.3844155844135875,0.5889212827971169,0.48717948717948717
0.4077922077900894,0.5787172011644935,0.7093589743589743
0.41818181817964584,0.5612244897942822,0.658076923076923
0.4103896103874785,0.5801749271120111,0.6025641025641025
0.3324675324658054,0.5131195335262009,0.41025641025641024
0.472727272724817,0.6384839650127158,0.5846153846153845
0.4675324675300388,0.6355685131176806,0.6393589743589744
0.5142857142830427,0.615160349852434,0.6367948717948718
0.5246753246725991,0.5976676384822226,0.7362820512820514
0.4285714285692023,0.5670553935843526,0.6282051282051282
0.47792207791959523,0.6180758017474692,0.6297435897435898
0.42337662337442405,0.5641399416893174,0.63
0.4545454545430933,0.6282798833800926,0.6292307692307693
0.44155844155614776,0.5510204081616589,0.6194871794871794
0.5272727272699882,0.5991253644297402,0.6842307692307693
0.5194805194778209,0.5947521865871873,0.6637179487179486
0.49610389610131894,0.6049562682198106,0.7214102564102564
0.5012987012960972,0.6078717201148459,0.6823076923076923
0.4701298701274279,0.6370262390651982,0.5623076923076923
0.3246753246736381,0.5320699708439298,0.5641025641025641
0.49870129869870805,0.6064139941673282,0.7505128205128206
0.2701298701284669,0.4548104956254962,0.36538461538461536
0.46233766233526064,0.6326530612226453,0.6951282051282052
0.48311688311437345,0.6209912536425044,0.6664102564102564
0.43636363636136954,0.5481049562666236,0.6083333333333334
0.4909090909065408,0.6253644314850573,0.6561538461538462
0.4493506493483151,0.5553935860042117,0.7106410256410257
0.43376623376398044,0.546647230319106,0.6021794871794872
0.5168831168804318,0.5932944606396697,0.6775641025641025
0.44415584415353687,0.5524781341091765,0.6474358974358975
0.4311688311665914,0.5685131195318702,0.6582051282051282
0.48051948051698434,0.6195335276949868,0.6460256410256411
0.446753246750926,0.553935860056694,0.6646153846153846
0.48571428571176256,0.622448979590022,0.6692307692307693
0.5324675324647664,0.6020408163247755,0.6644871794871795
0.4571428571404824,0.6297376093276101,0.6791025641025641
0.43896103895875865,0.5495626822141413,0.6282051282051282
0.4597402597378715,0.6311953352751277,0.7203846153846154
0.4935064935039299,0.6268221574325749,0.6742307692307693
0.4129870129848676,0.5583090378992469,0.620897435897436
0.42077922077703495,0.5626822157417998,0.6487179487179486
0.4519480519457042,0.5568513119517293,0.6593589743589744
0.4649350649326497,0.634110787170163,0.6937179487179487
0.37402597402403104,0.5830903790070464,0.6153846153846154
0.397402597400533,0.5728862973744231,0.6153846153846154
0.52207792207521,0.5962099125347049,0.6871794871794871
0.48831168830915167,0.6239067055375397,0.6666666666666666
0.5064935064908754,0.6107871720098811,0.7564102564102564
0.5038961038934863,0.6093294460623635,0.7387179487179488
0.31688311688147075,0.7419825072864665,0.46153846153846156
0.3324675324658054,0.7740524781318541,0.2948717948717949
0.3272727272710272,0.7361516034963961,0.4198717948717949
0.30129870129713615,0.7448979591815018,0.4401282051282051
0.3090909090893034,0.740524781338949,0.5037179487179488
0.29870129869974704,0.7463556851290194,0.5128205128205128
0.32207792207624897,0.7332361516013608,0.40961538461538466
0.3246753246736381,0.7376093294439137,0.3774358974358974
0.29610389610235793,0.7536443148666074,0.34192307692307694
0.31948051947885986,0.7346938775488785,0.40230769230769226
0.31168831168669253,0.7390670553914314,0.4303846153846153
0.7064935064898364,0.4985422740510247,0.34474358974358976
0.7038961038924473,0.49708454810350705,0.3358974358974359
0.571428571425603,0.5320699708439298,0.7051282051282052
0.5870129870099376,0.5116618075786832,0.6388461538461538
0.5454545454517119,0.5349854227389651,0.6871794871794871
0.6077922077890504,0.4999999999985423,0.5
0.5402597402569338,0.5379008746340003,0.5923076923076923
0.5974025973994941,0.5174927113687536,0.5811538461538461
0.5922077922047159,0.5204081632637889,0.6015384615384616
0.5740259740229922,0.5306122448964122,0.7330769230769232
0.5844155844125485,0.5131195335262009,0.6378205128205128
0.5948051948021049,0.5189504373162713,0.5939743589743589
0.5662337662308248,0.5233236151588242,0.6401282051282052
0.5610389610360466,0.5262390670538594,0.6642307692307693
0.5896103896073267,0.5218658892113065,0.6632051282051282
0.620779220775996,0.4927113702609542,0.5491025641025641
0.6155844155812178,0.5072886297361303,0.4923076923076924
0.5636363636334357,0.5247813411063418,0.6298717948717948
0.6233766233733851,0.4912536443134366,0.6538461538461539
0.5766233766203812,0.5291545189488946,0.6452564102564102
0.5584415584386575,0.527696793001377,0.6616666666666666
0.5558441558412683,0.5408163265290356,0.5705128205128205
0.6103896103864396,0.5102040816311656,0.5811538461538461
0.6311688311655524,0.4985422740510247,0.5641025641025641
0.5818181818151594,0.5145772594737185,0.6666666666666666
0.5792207792177703,0.516034985421236,0.6083333333333334
0.5428571428543228,0.5364431486864827,0.5505128205128205
0.5688311688282139,0.5335276967914474,0.6826923076923077
0.5974025973994941,0.5320699708439298,0.6506410256410257
0.5428571428543228,0.5043731778410951,0.584871794871795
0.27792207792063417,0.728862973758808,0.3162820512820513
0.5636363636334357,0.516034985421236,0.6294871794871794
0.6181818181786068,0.5437317784240707,0.5752564102564103
0.5402597402569338,0.4999999999985423,0.5762820512820513
0.5584415584386575,0.5131195335262009,0.6393589743589744
0.5610389610360466,0.5116618075786832,0.6212820512820512
0.5558441558412683,0.508746355683648,0.6226923076923077
0.5818181818151594,0.5233236151588242,0.6421794871794873
0.571428571425603,0.5174927113687536,0.625
0.5662337662308248,0.5145772594737185,0.6403846153846154
0.7012987012950582,0.49708454810350705,0.4423076923076923
0.5532467532438793,0.5102040816311656,0.6544871794871795
0.6077922077890504,0.5379008746340003,0.6076923076923078
0.5844155844125485,0.527696793001377,0.6708974358974359
0.5454545454517119,0.5029154518935776,0.6215384615384616
0.5870129870099376,0.5262390670538594,0.6602564102564102
0.6129870129838286,0.5408163265290356,0.5897435897435898
0.6103896103864396,0.5422740524765531,0.6367948717948718
0.5688311688282139,0.5189504373162713,0.65
0.2831168831154124,0.7317784256538432,0.32820512820512815
0.5999999999968831,0.5364431486864827,0.6025641025641025
0.5792207792177703,0.5247813411063418,0.6510256410256411
0.5740259740229922,0.5218658892113065,0.6105128205128205
0.5896103896073267,0.5306122448964122,0.6766666666666666
0.5766233766203812,0.5204081632637889,0.5875641025641025
0.6155844155812178,0.5451895043715884,0.5641025641025641
0.2805194805180233,0.7274052478112903,0.3632051282051282
0.69610389610028,0.4941690962084718,0.40384615384615385
0.693506493502891,0.49562682215598947,0.44551282051282054
0.5506493506464901,0.5058309037886127,0.6194871794871794
0.5376623376595446,0.5014577259460599,0.6007692307692307
0.5948051948021049,0.5335276967914474,0.6185897435897436
0.5922077922047159,0.5291545189488946,0.6698717948717948
0.5480519480491011,0.5072886297361303,0.6012820512820514
0.6025974025942723,0.5349854227389651,0.6643589743589743
0.2857142857128015,0.7303206997063256,0.4423076923076923
0.6051948051916614,0.539358600581518,0.6307692307692309
0.3844155844135875,0.7346938775488785,0.40333333333333327
0.38181818181619837,0.7332361516013608,0.40115384615384625
0.37402597402403104,0.740524781338949,0.45871794871794874
0.3896103896083657,0.7376093294439137,0.4193589743589743
0.4285714285692023,0.7594752186566779,0.4423076923076923
0.4519480519457042,0.7725947521843365,0.358974358974359
0.3870129870109766,0.7361516034963961,0.40282051282051284
0.37142857142664193,0.7390670553914314,0.4201282051282051
0.4649350649326497,0.5043731778410951,0.46153846153846156
0.5168831168804318,0.5451895043715884,0.6730769230769231
0.4571428571404824,0.508746355683648,0.5705128205128205
0.42077922077703495,0.4825072886283309,0.5576923076923077
0.4597402597378715,0.5072886297361303,0.6858974358974359
0.48831168830915167,0.5145772594737185,0.6708974358974359
0.48311688311437345,0.5174927113687536,0.7019230769230769
0.41818181817964584,0.4839650145758485,0.5833333333333334
0.48051948051698434,0.5189504373162713,0.7008974358974359
0.47792207791959523,0.5204081632637889,0.6361538461538462
0.49870129869870805,0.5320699708439298,0.7247435897435898
0.42337662337442405,0.4810495626808133,0.5160256410256411
0.5064935064908754,0.527696793001377,0.704871794871795
0.5298701298673774,0.5379008746340003,0.7207692307692307
0.43636363636136954,0.49708454810350705,0.638076923076923
0.5350649350621556,0.5349854227389651,0.7339743589743589
0.5142857142830427,0.5233236151588242,0.6889743589743589
0.4909090909065408,0.5131195335262009,0.6666666666666666
0.5324675324647664,0.5364431486864827,0.6957692307692307
0.4311688311665914,0.4766763848382604,0.6047435897435898
0.5038961038934863,0.5291545189488946,0.7261538461538461
0.5090909090882645,0.5262390670538594,0.689871794871795
0.4753246753222061,0.5218658892113065,0.7034615384615385
0.5012987012960972,0.5306122448964122,0.7170512820512821
0.5116883116856535,0.5247813411063418,0.6914102564102566
0.5870129870099376,0.38921282798720347,0.3076923076923077
0.43896103895875865,0.49562682215598947,0.6121794871794872
0.44415584415353687,0.4927113702609542,0.5705128205128205
0.48571428571176256,0.516034985421236,0.717948717948718
0.44155844155614776,0.4941690962084718,0.48717948717948717
0.43376623376398044,0.4985422740510247,0.6264102564102564
0.620779220775996,0.4169096209900382,0.42948717948717946
0.49610389610131894,0.5335276967914474,0.7325641025641025
0.4935064935039299,0.5116618075786832,0.6496153846153846
0.3402597402579727,0.6209912536425044,0.5256410256410257
0.7298701298663384,0.5058309037886127,0.34192307692307694
0.7116883116846147,0.5189504373162713,0.34615384615384615
0.7090909090872255,0.5174927113687536,0.382051282051282
0.7194805194767819,0.5116618075786832,0.35012820512820514
0.7246753246715602,0.508746355683648,0.45692307692307693
0.7142857142820037,0.5145772594737185,0.3784615384615384
0.7272727272689493,0.5102040816311656,0.391025641025641
0.7220779220741711,0.5131195335262009,0.3851282051282052
0.7324675324637275,0.5072886297361303,0.4983333333333334
0.7038961038924473,0.5204081632637889,0.44871794871794873
0.7168831168793929,0.516034985421236,0.33846153846153854
0.7064935064898364,0.49708454810350705,0.3119230769230769
0.7038961038924473,0.4985422740510247,0.3974358974358974
0.43636363636136954,0.7798833819219245,0.5769230769230769
0.4675324675300388,0.7740524781318541,0.07051282051282051
0.42077922077703495,0.6093294460623635,0.5683333333333334
0.37402597402403104,0.6297376093276101,0.6538461538461539
0.4129870129848676,0.6049562682198106,0.5983333333333334
0.4077922077900894,0.6253644314850573,0.5256410256410257
0.472727272724817,0.5918367346921521,0.6025641025641025
0.48051948051698434,0.5728862973744231,0.7008974358974359
0.38181818181619837,0.634110787170163,0.46794871794871795
0.48571428571176256,0.5758017492694584,0.6837179487179487
0.3844155844135875,0.6355685131176806,0.5846153846153845
0.41818181817964584,0.6078717201148459,0.655
0.4649350649326497,0.5874635568495993,0.6837179487179487
0.37662337662142015,0.6311953352751277,0.6858974358974359
0.37142857142664193,0.6282798833800926,0.7051282051282052
0.42597402597181316,0.6122448979573987,0.5737179487179487
0.3922077922057548,0.6166180757999515,0.717948717948718
0.37922077921880926,0.6326530612226453,0.6025641025641025
0.43896103895875865,0.5962099125347049,0.6434615384615384
0.34805194805014,0.47521865889074283,0.41576923076923084
0.5116883116856535,0.5670553935843526,0.6538461538461539
0.446753246750926,0.6005830903772578,0.6274358974358974
0.44155844155614776,0.5976676384822226,0.6383333333333334
0.42337662337442405,0.6107871720098811,0.6038461538461538
0.3454545454527509,0.4737609329432252,0.47435897435897434
0.3428571428553618,0.4723032069957076,0.47435897435897434
0.44415584415353687,0.5991253644297402,0.6464102564102564
0.4311688311665914,0.615160349852434,0.6171794871794872
0.43636363636136954,0.5947521865871873,0.6352564102564102
0.48831168830915167,0.577259475216976,0.6538461538461539
0.43376623376398044,0.5932944606396697,0.6583333333333332
0.33766233766058357,0.4693877551006724,0.3864102564102564
0.3350649350631945,0.46793002915315474,0.5256410256410257
0.3402597402579727,0.47084548104818996,0.507948717948718
0.4285714285692023,0.6137026239049164,0.5712820512820513
0.5168831168804318,0.546647230319106,0.5769230769230769
0.48311688311437345,0.5743440233219407,0.7256410256410256
0.47792207791959523,0.5714285714269055,0.7205128205128205
0.4493506493483151,0.6020408163247755,0.6282051282051282
0.4935064935039299,0.5801749271120111,0.6794871794871795
0.5350649350621556,0.5568513119517293,0.6538461538461539
0.3324675324658054,0.4664723032056371,0.5256410256410257
0.2831168831154124,0.7332361516013608,0.3632051282051282
0.2857142857128015,0.7346938775488785,0.35551282051282057
0.2805194805180233,0.7376093294439137,0.3641025641025642
0.27792207792063417,0.7361516034963961,0.3692307692307692
0.6545454545420544,0.5058309037886127,0.5426923076923077
0.6337662337629415,0.5174927113687536,0.5897435897435898
0.6129870129838286,0.4825072886283309,0.532051282051282
0.3402597402579727,0.728862973758808,0.41782051282051286
0.3298701298684163,0.7230320699687376,0.41025641025641024
0.3350649350631945,0.7259475218637728,0.4358974358974359
0.33766233766058357,0.7244897959162552,0.4324358974358975
0.34805194805014,0.7303206997063256,0.4264102564102565
0.6389610389577197,0.5204081632637889,0.5512820512820513
0.3454545454527509,0.7317784256538432,0.40153846153846146
0.6857142857107236,0.5233236151588242,0.32051282051282054
0.3324675324658054,0.7215743440212199,0.40384615384615385
0.36623376623186377,0.7201166180737023,0.3925641025641026
0.5792207792177703,0.48979591836591896,0.5512820512820513
0.5974025973994941,0.49708454810350705,0.6025641025641025
0.3428571428553618,0.7274052478112903,0.45294871794871794
0.5532467532438793,0.47521865889074283,0.532051282051282
0.6415584415551088,0.5014577259460599,0.4935897435897436
0.5766233766203812,0.4620991253630843,0.5512820512820513
0.6597402597368326,0.508746355683648,0.5
0.6103896103864396,0.4839650145758485,0.6217948717948718
0.6883116883081127,0.527696793001377,0.3141025641025641
0.6571428571394434,0.5102040816311656,0.5
0.3688311688292528,0.5626822157417998,0.6217948717948718
0.3896103896083657,0.527696793001377,0.6367948717948718
0.4493506493483151,0.5145772594737185,0.7128205128205127
0.3844155844135875,0.5247813411063418,0.613974358974359
0.4519480519457042,0.516034985421236,0.7051282051282052
0.37142857142664193,0.5291545189488946,0.5576923076923077
0.48571428571176256,0.4883381924184014,0.5608974358974359
0.6129870129838286,0.4198250728850734,0.5042307692307693
0.42597402597181316,0.5014577259460599,0.5993589743589743
0.38181818181619837,0.5233236151588242,0.594871794871795
0.4077922077900894,0.5379008746340003,0.5983333333333334
0.43636363636136954,0.5189504373162713,0.6891025641025641
0.42337662337442405,0.4999999999985423,0.6217948717948718
0.4051948051927003,0.5364431486864827,0.5641025641025641
0.4103896103874785,0.539358600581518,0.6666666666666666
0.37922077921880926,0.5335276967914474,0.5608974358974359
0.3870129870109766,0.5262390670538594,0.5997435897435898
0.3922077922057548,0.5408163265290356,0.5865384615384616
0.43376623376398044,0.5174927113687536,0.6937179487179487
0.4285714285692023,0.5029154518935776,0.6516666666666666
0.6233766233733851,0.3906705539347211,0.4423076923076923
0.4025974025953112,0.5349854227389651,0.5820512820512821
0.42077922077703495,0.5102040816311656,0.6116666666666666
0.37662337662142015,0.5320699708439298,0.5732051282051281
0.44155844155614776,0.5218658892113065,0.6282051282051282
0.37402597402403104,0.5306122448964122,0.5512820512820513
0.44415584415353687,0.5116618075786832,0.6871794871794871
0.41818181817964584,0.508746355683648,0.6051282051282052
0.4155844155822567,0.5072886297361303,0.620897435897436
0.4129870129848676,0.5058309037886127,0.6324358974358975
0.446753246750926,0.5131195335262009,0.6914102564102566
0.43896103895875865,0.5204081632637889,0.6466666666666666
0.52207792207521,0.4737609329432252,0.5256410256410257
0.3948051948031439,0.5422740524765531,0.5769230769230769
0.4311688311665914,0.5043731778410951,0.6516666666666666
0.3999999999979221,0.5451895043715884,0.6730769230769231
0.3454545454527509,0.5699708454793878,0.5192307692307693
0.5038961038934863,0.4839650145758485,0.40384615384615385
0.3428571428553618,0.5743440233219407,0.5426923076923077
0.5324675324647664,0.4883381924184014,0.5512820512820513
0.5246753246725991,0.49562682215598947,0.5983333333333334
0.5272727272699882,0.4912536443134366,0.6624358974358975
0.3402597402579727,0.5728862973744231,0.46474358974358976
0.5298701298673774,0.4927113702609542,0.5146153846153846
0.4155844155822567,0.5335276967914474,0.599871794871795
0.5350649350621556,0.48979591836591896,0.5421794871794873
0.37922077921880926,0.5072886297361303,0.5042307692307693
0.3532467532449182,0.5918367346921521,0.5256410256410257
0.36623376623186377,0.5816326530595288,0.5714102564102563
0.397402597400533,0.5174927113687536,0.5897435897435898
0.4311688311665914,0.5247813411063418,0.6726923076923077
0.43636363636136954,0.5451895043715884,0.5902564102564103
0.34805194805014,0.5714285714269055,0.5470512820512821
0.43896103895875865,0.5408163265290356,0.6328205128205128
0.4129870129848676,0.5320699708439298,0.5801282051282052
0.3999999999979221,0.5189504373162713,0.6606410256410257
0.44155844155614776,0.5422740524765531,0.618076923076923
0.4519480519457042,0.5364431486864827,0.6546153846153846
0.3922077922057548,0.5204081632637889,0.6474358974358975
0.44415584415353687,0.5379008746340003,0.6669230769230768
0.3948051948031439,0.5218658892113065,0.6132051282051282
0.4025974025953112,0.5145772594737185,0.645
0.4077922077900894,0.5116618075786832,0.5528205128205129
0.42337662337442405,0.5262390670538594,0.6517948717948718
0.42597402597181316,0.527696793001377,0.6658974358974359
0.4285714285692023,0.5233236151588242,0.6646153846153846
0.4493506493483151,0.5349854227389651,0.643076923076923
0.43376623376398044,0.5437317784240707,0.6062820512820514
0.42077922077703495,0.5306122448964122,0.6332051282051282
0.41818181817964584,0.5291545189488946,0.6211538461538462
0.35584415584230733,0.5874635568495993,0.5720512820512821
0.5168831168804318,0.49708454810350705,0.6871794871794871
0.446753246750926,0.539358600581518,0.6869230769230769
0.3506493506475291,0.5903790087446344,0.4692307692307692
0.36103896103708555,0.584548104954564,0.5558974358974359
0.36363636363447466,0.5860058309020816,0.5523076923076923
0.35844155843969644,0.5889212827971169,0.6225641025641026
0.4051948051927003,0.516034985421236,0.6594871794871795
0.4103896103874785,0.5131195335262009,0.6062820512820514
0.49610389610131894,0.48542274052336615,0.5128205128205128
0.3688311688292528,0.5830903790070464,0.5752564102564103
0.27792207792063417,0.7376093294439137,0.36217948717948717
0.2805194805180233,0.7361516034963961,0.34128205128205136
0.2831168831154124,0.7346938775488785,0.3694871794871794
0.2857142857128015,0.7332361516013608,0.4051282051282051
0.5298701298673774,0.364431486879404,0.33974358974358976
0.5454545454517119,0.5422740524765531,0.7692307692307693
0.5428571428543228,0.5408163265290356,0.5641025641025641
0.6493506493472762,0.4839650145758485,0.6217948717948718
0.571428571425603,0.527696793001377,0.6779487179487179
0.5948051948021049,0.5116618075786832,0.6708974358974359
0.6259740259707742,0.4941690962084718,0.4807692307692308
0.5974025973994941,0.5131195335262009,0.6965384615384616
0.5844155844125485,0.5174927113687536,0.618076923076923
0.5662337662308248,0.5306122448964122,0.6714102564102564
0.5584415584386575,0.5320699708439298,0.6666666666666666
0.5688311688282139,0.5262390670538594,0.6542307692307693
0.5896103896073267,0.5145772594737185,0.6153846153846154
0.5636363636334357,0.5291545189488946,0.6748717948717948
0.6181818181786068,0.5014577259460599,0.532051282051282
0.5818181818151594,0.5218658892113065,0.6191025641025641
0.5870129870099376,0.5189504373162713,0.6282051282051282
0.5740259740229922,0.5233236151588242,0.626025641025641
0.5792207792177703,0.5204081632637889,0.6162820512820512
0.5922077922047159,0.516034985421236,0.6466666666666666
0.5532467532438793,0.5349854227389651,0.5912820512820514
0.5766233766203812,0.5247813411063418,0.6364102564102564
0.5558441558412683,0.5364431486864827,0.6678205128205129
0.5610389610360466,0.5335276967914474,0.6135897435897436
0.5999999999968831,0.508746355683648,0.6730769230769231
0.5506493506464901,0.539358600581518,0.6538461538461539
0.4701298701274279,0.615160349852434,0.6858974358974359
0.5168831168804318,0.6180758017474692,0.7435897435897436
0.48311688311437345,0.5962099125347049,0.8076923076923077
0.36103896103708555,0.5306122448964122,0.5961538461538461
0.472727272724817,0.6137026239049164,0.6474358974358975
0.4649350649326497,0.6122448979573987,0.5961538461538461
0.4077922077900894,0.5568513119517293,0.5961538461538461
0.48051948051698434,0.5976676384822226,0.7714102564102564
0.48571428571176256,0.6005830903772578,0.8589743589743589
0.4129870129848676,0.5830903790070464,0.6153846153846154
0.3922077922057548,0.5481049562666236,0.6378205128205128
0.5324675324647664,0.6268221574325749,0.6905128205128205
0.42077922077703495,0.584548104954564,0.6282051282051282
0.1142857142851206,0.38921282798720347,0.4423076923076923
0.52207792207521,0.6209912536425044,0.6960256410256411
0.4935064935039299,0.6020408163247755,0.7403846153846154
0.5272727272699882,0.6239067055375397,0.6933333333333334
0.5298701298673774,0.622448979590022,0.7044871794871795
0.3999999999979221,0.5495626822141413,0.6057692307692307
0.4753246753222061,0.5947521865871873,0.7564102564102564
0.47792207791959523,0.5932944606396697,0.5897435897435898
0.43636363636136954,0.5699708454793878,0.6602564102564102
0.3688311688292528,0.5320699708439298,0.6196153846153846
0.36623376623186377,0.5335276967914474,0.5615384615384615
0.48831168830915167,0.5991253644297402,0.7564102564102564
0.5142857142830427,0.6370262390651982,0.5
0.44155844155614776,0.5728862973744231,0.6497435897435898
0.446753246750926,0.5758017492694584,0.6660256410256411
0.42337662337442405,0.5889212827971169,0.6132051282051282
0.4311688311665914,0.5903790087446344,0.6321794871794872
0.44415584415353687,0.577259475216976,0.6478205128205128
0.4285714285692023,0.5918367346921521,0.6397435897435898
0.4909090909065408,0.603498542272293,0.6952564102564103
0.43376623376398044,0.5714285714269055,0.6728205128205129
0.42597402597181316,0.5874635568495993,0.607051282051282
0.4597402597378715,0.6093294460623635,0.6196153846153846
0.397402597400533,0.5510204081616589,0.6474358974358975
0.5012987012960972,0.6326530612226453,0.7076923076923077
0.4493506493483151,0.5801749271120111,0.6242307692307693
0.4519480519457042,0.5787172011644935,0.6496153846153846
0.49870129869870805,0.6282798833800926,0.6834615384615385
0.5038961038934863,0.6311953352751277,0.7398717948717948
0.38181818181619837,0.565597667636835,0.5256410256410257
0.41818181817964584,0.5860058309020816,0.6182051282051282
0.5350649350621556,0.6253644314850573,0.6656410256410257
0.4155844155822567,0.5816326530595288,0.6282051282051282
0.46233766233526064,0.6078717201148459,0.6217948717948718
0.43896103895875865,0.5743440233219407,0.6296153846153846
0.49610389610131894,0.6297376093276101,0.721923076923077
0.5480519480491011,0.47521865889074283,0.5085897435897436
0.3350649350631945,0.7230320699687376,0.4346153846153847
0.36363636363447466,0.7186588921261847,0.41346153846153844
0.6883116883081127,0.5247813411063418,0.20512820512820512
0.3324675324658054,0.7244897959162552,0.39
0.6909090909055018,0.5233236151588242,0.3128205128205129
0.6337662337629415,0.5204081632637889,0.6067948717948718
0.620779220775996,0.516034985421236,0.6153846153846154
0.3298701298684163,0.7259475218637728,0.3717948717948718
0.6519480519446652,0.5102040816311656,0.5555128205128205
0.6363636363603307,0.5189504373162713,0.6067948717948718
0.3402597402579727,0.7317784256538432,0.40282051282051284
0.3428571428553618,0.7303206997063256,0.4191025641025641
0.3454545454527509,0.728862973758808,0.4292307692307693
0.5558441558412683,0.47084548104818996,0.5576923076923077
0.34805194805014,0.7274052478112903,0.3992307692307692
0.36103896103708555,0.7201166180737023,0.45294871794871794
0.36623376623186377,0.717201166178667,0.41794871794871785
0.5792207792177703,0.4927113702609542,0.7307692307692307
0.6311688311655524,0.5218658892113065,0.6089743589743589
0.6389610389577197,0.5174927113687536,0.5897435897435898
0.5506493506464901,0.4737609329432252,0.5384615384615384
0.4155844155822567,0.7346938775488785,0.532051282051282
0.43636363636136954,0.7463556851290194,0.44448717948717953
0.43896103895875865,0.747813411076537,0.42948717948717946
0.4285714285692023,0.7419825072864665,0.33974358974358976
0.44415584415353687,0.7507288629715723,0.33974358974358976
0.33766233766058357,0.7463556851290194,0.40384615384615385
0.3506493506475291,0.7361516034963961,0.4380769230769231
0.36363636363447466,0.7434402332339841,0.38884615384615384
0.36103896103708555,0.7419825072864665,0.3675641025641026
0.3532467532449182,0.7376093294439137,0.40769230769230763
0.30129870129713615,0.7784256559744069,0.358974358974359
0.35584415584230733,0.7332361516013608,0.40230769230769226
0.3454545454527509,0.7507288629715723,0.42948717948717946
0.35844155843969644,0.7346938775488785,0.42397435897435887
0.36623376623186377,0.7390670553914314,0.3925641025641026
0.3402597402579727,0.7536443148666074,0.3525641025641026
0.3688311688292528,0.740524781338949,0.5085897435897436
0.3428571428553618,0.7551020408141251,0.2692307692307692
0.3870129870109766,0.6064139941673282,0.4166666666666667
0.4571428571404824,0.5670553935843526,0.6538461538461539
0.4597402597378715,0.565597667636835,0.6730769230769231
0.38181818181619837,0.6093294460623635,0.6153846153846154
0.5116883116856535,0.5830903790070464,0.6987179487179487
0.4519480519457042,0.6166180757999515,0.5384615384615384
0.5064935064908754,0.5860058309020816,0.5833333333333334
0.4649350649326497,0.5626822157417998,0.7371794871794872
0.4753246753222061,0.5568513119517293,0.717948717948718
0.36363636363447466,0.47959183673329564,0.5042307692307693
0.4129870129848676,0.6384839650127158,0.6880769230769231
0.5038961038934863,0.5874635568495993,0.6496153846153846
0.3896103896083657,0.6049562682198106,0.6837179487179487
0.49610389610131894,0.5918367346921521,0.741025641025641
0.48051948051698434,0.553935860056694,0.7628205128205128
0.42597402597181316,0.6311953352751277,0.5256410256410257
0.4155844155822567,0.6370262390651982,0.5705128205128205
0.47792207791959523,0.5553935860042117,0.7275641025641025
0.4077922077900894,0.5947521865871873,0.5683333333333334
0.35584415584230733,0.4839650145758485,0.4358974358974359
0.48831168830915167,0.5495626822141413,0.5641025641025641
0.3999999999979221,0.5991253644297402,0.5930769230769232
0.43376623376398044,0.6268221574325749,0.5769230769230769
0.41818181817964584,0.6355685131176806,0.6282051282051282
0.42077922077703495,0.634110787170163,0.5512820512820513
0.4285714285692023,0.6297376093276101,0.5860256410256409
0.49870129869870805,0.5903790087446344,0.7139743589743589
0.4025974025953112,0.5976676384822226,0.5912820512820514
0.3922077922057548,0.603498542272293,0.5192307692307693
0.4103896103874785,0.5932944606396697,0.594871794871795
0.4051948051927003,0.5962099125347049,0.5833333333333334
0.43896103895875865,0.6239067055375397,0.601923076923077
0.4311688311665914,0.6282798833800926,0.5683333333333334
0.397402597400533,0.6005830903772578,0.6361538461538462
0.44415584415353687,0.6209912536425044,0.6051282051282052
0.44155844155614776,0.622448979590022,0.5820512820512821
0.4545454545430933,0.5685131195318702,0.6089743589743589
0.446753246750926,0.6195335276949868,0.6044871794871796
0.43636363636136954,0.6253644314850573,0.5776923076923077
0.4493506493483151,0.6180758017474692,0.5983333333333334
0.36623376623186377,0.47813411078577805,0.44871794871794873
0.37142857142664193,0.615160349852434,0.6987179487179487
0.3948051948031439,0.6020408163247755,0.6538461538461539
0.42337662337442405,0.6326530612226453,0.6432051282051282
0.5012987012960972,0.5889212827971169,0.6521794871794873
0.37662337662142015,0.6122448979573987,0.6837179487179487
0.5090909090882645,0.584548104954564,0.6432051282051282
0.3922077922057548,0.6399416909602335,0.5585897435897434
0.4285714285692023,0.6836734693857619,0.4435897435897435
0.3948051948031439,0.641399416907751,0.5082051282051282
0.4311688311665914,0.6851311953332795,0.4524358974358975
0.3999999999979221,0.6443148688027863,0.5298717948717948
0.43376623376398044,0.6632653061205153,0.5356410256410257
0.43896103895875865,0.6661807580155505,0.49269230769230776
0.43636363636136954,0.6647230320680328,0.4915384615384616
0.397402597400533,0.6428571428552686,0.5128205128205128
0.44415584415353687,0.6690962099105857,0.4641025641025641
0.44155844155614776,0.6676384839630681,0.48615384615384616
0.18181818181723733,0.7798833819219245,0.3675641025641026
0.2363636363624085,0.29446064139855843,0.11538461538461539
0.48831168830915167,0.5451895043715884,0.7564102564102564
0.4935064935039299,0.5422740524765531,0.7393589743589744
0.3999999999979221,0.48979591836591896,0.6025641025641025
0.4025974025953112,0.49708454810350705,0.623974358974359
0.43636363636136954,0.4693877551006724,0.5993589743589743
0.47792207791959523,0.539358600581518,0.7029487179487179
0.4753246753222061,0.5379008746340003,0.6089743589743589
0.49870129869870805,0.5043731778410951,0.6185897435897436
0.4649350649326497,0.5320699708439298,0.7115384615384616
0.5168831168804318,0.5145772594737185,0.6666666666666666
0.52207792207521,0.5116618075786832,0.6783333333333333
0.48051948051698434,0.5349854227389651,0.6961538461538461
0.48571428571176256,0.5437317784240707,0.613974358974359
0.36623376623186377,0.6107871720098811,0.5961538461538461
0.3688311688292528,0.6122448979573987,0.5846153846153845
0.4571428571404824,0.527696793001377,0.6657692307692309
0.4545454545430933,0.5262390670538594,0.637051282051282
0.4701298701274279,0.5291545189488946,0.7194871794871796
0.4675324675300388,0.5335276967914474,0.7226923076923077
0.5298701298673774,0.5218658892113065,0.6912820512820513
0.5350649350621556,0.5189504373162713,0.6633333333333332
0.472727272724817,0.5306122448964122,0.6896153846153847
0.5324675324647664,0.5174927113687536,0.7073076923076923
0.5272727272699882,0.5204081632637889,0.6884615384615385
0.5038961038934863,0.5014577259460599,0.717948717948718
0.46233766233526064,0.5247813411063418,0.6987179487179487
0.48311688311437345,0.5364431486864827,0.7134615384615385
0.5116883116856535,0.5058309037886127,0.7637179487179486
0.36363636363447466,0.615160349852434,0.5934615384615386
0.49610389610131894,0.5029154518935776,0.6987179487179487
0.5246753246725991,0.5131195335262009,0.7019230769230769
0.36103896103708555,0.6137026239049164,0.5384615384615384
0.4909090909065408,0.5408163265290356,0.6410256410256411
0.4597402597378715,0.5233236151588242,0.7073076923076923
0.37922077921880926,0.47813411078577805,0.532051282051282
0.5142857142830427,0.5072886297361303,0.7335897435897436
0.4051948051927003,0.4985422740510247,0.6378205128205128
0.5064935064908754,0.508746355683648,0.7307692307692307
0.5090909090882645,0.5102040816311656,0.5983333333333334
0.5194805194778209,0.516034985421236,0.6980769230769232
0.3298701298684163,0.5962099125347049,0.4230769230769231
0.4129870129848676,0.4941690962084718,0.6474358974358975
0.46233766233526064,0.5218658892113065,0.6871794871794871
0.42337662337442405,0.4883381924184014,0.5641025641025641
0.4909090909065408,0.5029154518935776,0.75
0.41818181817964584,0.49708454810350705,0.596923076923077
0.4285714285692023,0.4912536443134366,0.5983333333333334
0.4571428571404824,0.5189504373162713,0.7051282051282052
0.47792207791959523,0.5072886297361303,0.5512820512820513
0.5038961038934863,0.5451895043715884,0.6752564102564103
0.5246753246725991,0.5335276967914474,0.6957692307692307
0.42597402597181316,0.48979591836591896,0.5615384615384615
0.43376623376398044,0.4825072886283309,0.613076923076923
0.5142857142830427,0.539358600581518,0.7076923076923077
0.36103896103708555,0.6166180757999515,0.5833333333333334
0.5324675324647664,0.5262390670538594,0.6867948717948718
0.49870129869870805,0.5422740524765531,0.6282051282051282
0.5090909090882645,0.5364431486864827,0.7
0.5064935064908754,0.5349854227389651,0.7444871794871794
0.5168831168804318,0.5291545189488946,0.7161538461538461
0.5298701298673774,0.5247813411063418,0.6907692307692307
0.5116883116856535,0.5379008746340003,0.6880769230769231
0.5272727272699882,0.5233236151588242,0.6779487179487179
0.52207792207521,0.5320699708439298,0.7160256410256409
0.4155844155822567,0.49562682215598947,0.6435897435897436
0.5194805194778209,0.5306122448964122,0.7162820512820514
0.42077922077703495,0.4985422740510247,0.6037179487179488
0.36623376623186377,0.6195335276949868,0.5875641025641025
0.5350649350621556,0.527696793001377,0.685
0.472727272724817,0.516034985421236,0.665
0.3688311688292528,0.6209912536425044,0.6384615384615384
0.43636363636136954,0.4839650145758485,0.6262820512820512
0.4311688311665914,0.4927113702609542,0.6610256410256411
0.43896103895875865,0.48542274052336615,0.5846153846153845
0.4753246753222061,0.5058309037886127,0.735
0.48311688311437345,0.5102040816311656,0.6489743589743591
0.36363636363447466,0.6180758017474692,0.5769230769230769
0.4701298701274279,0.5145772594737185,0.6730769230769231
0.49610389610131894,0.5408163265290356,0.6496153846153846
0.4935064935039299,0.5043731778410951,0.5358974358974359
0.48051948051698434,0.508746355683648,0.6089743589743589
0.4597402597378715,0.5204081632637889,0.6346153846153846
0.43636363636136954,0.7842565597644774,0.42948717948717946
0.43376623376398044,0.7827988338169598,0.5128205128205128
0.4701298701274279,0.7682215743417836,0.21153846153846154
0.37662337662142015,0.5830903790070464,0.6282051282051282
0.4155844155822567,0.5612244897942822,0.6128205128205128
0.5064935064908754,0.615160349852434,0.7435897435897436
0.27272727272585595,0.4548104956254962,0.3333333333333333
0.4701298701274279,0.6355685131176806,0.6367948717948718
0.48571428571176256,0.6268221574325749,0.6874358974358975
0.4649350649326497,0.6384839650127158,0.6025641025641025
0.472727272724817,0.634110787170163,0.6634615384615384
0.37922077921880926,0.5816326530595288,0.532051282051282
0.42337662337442405,0.5685131195318702,0.6564102564102564
0.2831168831154124,0.46064139941556664,0.5448717948717948
0.47792207791959523,0.6195335276949868,0.6625641025641027
0.5246753246725991,0.5932944606396697,0.6880769230769231
0.48831168830915167,0.6253644314850573,0.6338461538461538
0.4753246753222061,0.6209912536425044,0.6428205128205128
0.5168831168804318,0.5976676384822226,0.6855128205128205
0.42077922077703495,0.5583090378992469,0.6506410256410257
0.4311688311665914,0.5641399416893174,0.6558974358974359
0.5038961038934863,0.6049562682198106,0.7719230769230768
0.5194805194778209,0.5962099125347049,0.6616666666666666
0.43376623376398044,0.5510204081616589,0.6397435897435898
0.5090909090882645,0.6137026239049164,0.7307692307692307
0.3870129870109766,0.5889212827971169,0.6794871794871795
0.38181818181619837,0.5918367346921521,0.6392307692307693
0.43636363636136954,0.5495626822141413,0.6214102564102564
0.4545454545430933,0.6326530612226453,0.6382051282051282
0.44415584415353687,0.5568513119517293,0.6255128205128206
0.5324675324647664,0.6005830903772578,0.6474358974358975
0.49870129869870805,0.6078717201148459,0.7243589743589743
0.5298701298673774,0.6020408163247755,0.5855128205128205
0.48311688311437345,0.6166180757999515,0.6538461538461539
0.48051948051698434,0.6180758017474692,0.6502564102564102
0.52207792207521,0.5947521865871873,0.6643589743589743
0.4597402597378715,0.6297376093276101,0.6533333333333332
0.43896103895875865,0.5481049562666236,0.6196153846153846
0.4571428571404824,0.6311953352751277,0.6994871794871795
0.49610389610131894,0.6093294460623635,0.7417948717948718
0.4909090909065408,0.6239067055375397,0.6096153846153846
0.37402597402403104,0.584548104954564,0.46794871794871795
0.37142857142664193,0.5860058309020816,0.5884615384615385
0.446753246750926,0.5553935860042117,0.6780769230769231
0.4493506493483151,0.553935860056694,0.6583333333333332
0.46233766233526064,0.6282798833800926,0.6730769230769231
0.3948051948031439,0.5728862973744231,0.5769230769230769
0.3922077922057548,0.5743440233219407,0.4230769230769231
0.5350649350621556,0.5991253644297402,0.7307692307692307
0.5142857142830427,0.6107871720098811,0.7435897435897436
0.4675324675300388,0.6370262390651982,0.4401282051282051
0.44155844155614776,0.546647230319106,0.6334615384615384
0.5012987012960972,0.6064139941673282,0.7543589743589744
0.4285714285692023,0.565597667636835,0.657051282051282
0.31688311688147075,0.5233236151588242,0.2564102564102564
0.4519480519457042,0.5524781341091765,0.6410256410256411
0.4129870129848676,0.5626822157417998,0.5737179487179487
0.4935064935039299,0.622448979590022,0.6235897435897436
0.5272727272699882,0.603498542272293,0.6666666666666666
0.4103896103874785,0.5758017492694584,0.6410256410256411
0.42597402597181316,0.5670553935843526,0.5567948717948719
0.3844155844135875,0.5903790087446344,0.6217948717948718
0.5194805194778209,0.5102040816311656,0.6111538461538462
0.46233766233526064,0.5422740524765531,0.6067948717948718
0.4571428571404824,0.5451895043715884,0.6196153846153846
0.52207792207521,0.5058309037886127,0.7093589743589743
0.5246753246725991,0.5072886297361303,0.6196153846153846
0.4597402597378715,0.5408163265290356,0.6816666666666666
0.5324675324647664,0.4999999999985423,0.6153846153846154
0.4675324675300388,0.539358600581518,0.6794871794871795
0.5298701298673774,0.5043731778410951,0.6538461538461539
0.5142857142830427,0.5131195335262009,0.6617948717948718
0.36363636363447466,0.5976676384822226,0.6102564102564102
0.3688311688292528,0.5947521865871873,0.5962820512820514
0.5090909090882645,0.516034985421236,0.7342307692307691
0.49610389610131894,0.5204081632637889,0.6876923076923077
0.5038961038934863,0.5189504373162713,0.6970512820512821
0.4753246753222061,0.5320699708439298,0.7141025641025641
0.36623376623186377,0.5932944606396697,0.5791025641025641
0.47792207791959523,0.5335276967914474,0.7252564102564102
0.4935064935039299,0.5247813411063418,0.7053846153846154
0.48831168830915167,0.527696793001377,0.6992307692307693
0.49870129869870805,0.5218658892113065,0.7015384615384616
0.4701298701274279,0.5349854227389651,0.7017948717948718
0.4545454545430933,0.5437317784240707,0.6615384615384615
0.4909090909065408,0.5233236151588242,0.7083333333333334
0.48051948051698434,0.5291545189488946,0.6870512820512821
0.48571428571176256,0.5262390670538594,0.6866666666666666
0.5012987012960972,0.5174927113687536,0.7041025641025641
0.48311688311437345,0.5306122448964122,0.7061538461538461
0.5168831168804318,0.508746355683648,0.6905128205128205
0.4649350649326497,0.5379008746340003,0.6923076923076923
0.5064935064908754,0.5145772594737185,0.6814102564102564
0.36103896103708555,0.5962099125347049,0.5878205128205127
0.5350649350621556,0.5014577259460599,0.6471794871794873
0.472727272724817,0.5364431486864827,0.6598717948717948
0.5116883116856535,0.5116618075786832,0.7344871794871796
0.5272727272699882,0.5029154518935776,0.6961538461538461
0.31168831168669253,0.8265306122424882,0.34615384615384615
0.3090909090893034,0.827988338190006,0.32051282051282054
0.7506493506454512,0.5072886297361303,0.16987179487179488
0.745454545450673,0.5102040816311656,0.3375641025641025
0.7480519480480621,0.508746355683648,0.36461538461538456
0.7558441558402295,0.5043731778410951,0.4358974358974359
0.7584415584376185,0.5029154518935776,0.4423076923076923
0.29870129869974704,0.7871720116595127,0.23717948717948717
0.7610389610350077,0.5058309037886127,0.47858974358974354
0.7116883116846147,0.5247813411063418,0.24358974358974358
0.43376623376398044,0.7434402332339841,0.41025641025641024
0.43636363636136954,0.7419825072864665,0.36217948717948717
0.42077922077703495,0.7507288629715723,0.46153846153846156
0.4519480519457042,0.7332361516013608,0.32051282051282054
0.4155844155822567,0.6661807580155505,0.5256410256410257
0.3896103896083657,0.6457725947503039,0.5470512820512821
0.37922077921880926,0.6399416909602335,0.6089743589743589
0.37662337662142015,0.641399416907751,0.626025641025641
0.44155844155614776,0.6749271137006562,0.4833333333333334
0.43636363636136954,0.6778425655956914,0.48269230769230775
0.43896103895875865,0.6763848396481739,0.48884615384615376
0.4311688311665914,0.6690962099105857,0.4842307692307692
0.43376623376398044,0.679300291543209,0.45320512820512815
0.446753246750926,0.6836734693857619,0.4230769230769231
0.4285714285692023,0.6705539358581034,0.4641025641025641
0.44415584415353687,0.6851311953332795,0.46153846153846156
0.4129870129848676,0.5422740524765531,0.7115384615384616
0.37922077921880926,0.5204081632637889,0.6602564102564102
0.3350649350631945,0.5918367346921521,0.46153846153846156
0.35584415584230733,0.5801749271120111,0.5214102564102564
0.35844155843969644,0.5787172011644935,0.5512820512820513
0.3896103896083657,0.5145772594737185,0.5769230769230769
0.34805194805014,0.584548104954564,0.5641025641025641
0.5194805194778209,0.4825072886283309,0.4914102564102564
0.3948051948031439,0.5058309037886127,0.5833333333333334
0.3506493506475291,0.577259475216976,0.5448717948717948
0.4155844155822567,0.5408163265290356,0.6378205128205128
0.4025974025953112,0.5014577259460599,0.6
0.446753246750926,0.5233236151588242,0.6676923076923077
0.4285714285692023,0.539358600581518,0.6496153846153846
0.36623376623186377,0.5743440233219407,0.559871794871795
0.4311688311665914,0.5379008746340003,0.6371794871794872
0.3922077922057548,0.5072886297361303,0.6153846153846154
0.3999999999979221,0.508746355683648,0.6217948717948718
0.42597402597181316,0.5349854227389651,0.6367948717948718
0.43636363636136954,0.5291545189488946,0.6589743589743591
0.4519480519457042,0.5262390670538594,0.7074358974358975
0.44415584415353687,0.5247813411063418,0.6680769230769231
0.43896103895875865,0.5335276967914474,0.6221794871794872
0.43376623376398044,0.5306122448964122,0.6557692307692309
0.44155844155614776,0.5320699708439298,0.6362820512820512
0.42337662337442405,0.5364431486864827,0.632051282051282
0.4493506493483151,0.527696793001377,0.6692307692307693
0.397402597400533,0.5102040816311656,0.5939743589743589
0.49610389610131894,0.49562682215598947,0.6025641025641025
0.37662337662142015,0.5218658892113065,0.5679487179487179
0.38181818181619837,0.5131195335262009,0.5865384615384616
0.4103896103874785,0.5029154518935776,0.6111538461538462
0.4077922077900894,0.5043731778410951,0.6196153846153846
0.4051948051927003,0.4999999999985423,0.5806410256410257
0.5116883116856535,0.4927113702609542,0.4914102564102564
0.37402597402403104,0.5174927113687536,0.47435897435897434
0.37142857142664193,0.5189504373162713,0.6282051282051282
0.5324675324647664,0.4810495626808133,0.6111538461538462
0.3870129870109766,0.516034985421236,0.6410256410256411
0.3844155844135875,0.5116618075786832,0.5128205128205128
0.42077922077703495,0.5437317784240707,0.658076923076923
0.41818181817964584,0.5451895043715884,0.6794871794871795
0.4701298701274279,0.6399416909602335,0.5047435897435898
0.42337662337442405,0.7128279883361143,0.3076923076923077
0.42597402597181316,0.7142857142836319,0.32051282051282054
0.472727272724817,0.641399416907751,0.6153846153846154
0.43376623376398044,0.7303206997063256,0.4273076923076923
0.43896103895875865,0.7274052478112903,0.3974358974358974
0.43636363636136954,0.7317784256538432,0.3692307692307692
0.4285714285692023,0.709912536441079,0.3678205128205128
0.4311688311665914,0.7113702623885966,0.40384615384615385
0.4675324675300388,0.6443148688027863,0.5256410256410257
0.5584415584386575,0.6137026239049164,0.47435897435897434
0.5792207792177703,0.6253644314850573,0.4358974358974359
0.29870129869974704,0.7230320699687376,0.4273076923076923
0.2909090909075797,0.7274052478112903,0.46794871794871795
0.5480519480491011,0.48979591836591896,0.6003846153846154
0.693506493502891,0.5014577259460599,0.41346153846153844
0.3038961038945252,0.7259475218637728,0.4391025641025641
0.6987012986976692,0.5043731778410951,0.4423076923076923
0.5428571428543228,0.4985422740510247,0.5993589743589743
0.6623376623342216,0.5189504373162713,0.48294871794871796
0.5558441558412683,0.4912536443134366,0.5769230769230769
0.69610389610028,0.4999999999985423,0.36538461538461536
0.6831168831133345,0.5072886297361303,0.4230769230769231
0.3064935064919143,0.7244897959162552,0.4448717948717949
0.5402597402569338,0.4941690962084718,0.5512820512820513
0.5844155844125485,0.47521865889074283,0.391025641025641
0.5610389610360466,0.4825072886283309,0.5032051282051282
0.6727272727237781,0.5131195335262009,0.5057692307692309
0.6649350649316108,0.5174927113687536,0.5256410256410257
0.7012987012950582,0.5029154518935776,0.28717948717948727
0.5506493506464901,0.4883381924184014,0.5544871794871795
0.2935064935049688,0.7317784256538432,0.4161538461538461
0.620779220775996,0.5422740524765531,0.6474358974358975
0.670129870126389,0.5204081632637889,0.38884615384615384
0.6805194805159454,0.5145772594737185,0.4524358974358975
0.6909090909055018,0.508746355683648,0.466025641025641
0.6883116883081127,0.5102040816311656,0.46051282051282055
0.29610389610235793,0.7303206997063256,0.3974358974358974
0.5454545454517119,0.49708454810350705,0.5982051282051282
0.6857142857107236,0.5058309037886127,0.39205128205128204
0.6779220779185563,0.516034985421236,0.4691025641025641
0.6753246753211671,0.5116618075786832,0.503076923076923
0.5584415584386575,0.4839650145758485,0.4333333333333333
0.5532467532438793,0.4927113702609542,0.584871794871795
0.5376623376595446,0.49562682215598947,0.5769230769230769
0.6233766233733851,0.5408163265290356,0.5666666666666667
0.6389610389577197,0.5379008746340003,0.6666666666666666
0.6311688311655524,0.5364431486864827,0.5576923076923077
0.2883116883101906,0.728862973758808,0.4166666666666667
0.36623376623186377,0.7448979591815018,0.3076923076923077
0.33766233766058357,0.740524781338949,0.40064102564102566
0.34805194805014,0.7346938775488785,0.44871794871794873
0.3428571428553618,0.7376093294439137,0.4108974358974359
0.3454545454527509,0.7332361516013608,0.39282051282051283
0.3350649350631945,0.7390670553914314,0.358974358974359
0.3324675324658054,0.7434402332339841,0.265
0.35584415584230733,0.7507288629715723,0.4423076923076923
0.3402597402579727,0.7361516034963961,0.4337179487179487
0.4129870129848676,0.565597667636835,0.5384615384615384
0.4077922077900894,0.5743440233219407,0.6602564102564102
0.5870129870099376,0.6603498542254801,0.47012820512820513
0.4103896103874785,0.5728862973744231,0.5683333333333334
0.42077922077703495,0.5670553935843526,0.5705128205128205
0.37402597402403104,0.5874635568495993,0.5915384615384616
0.4285714285692023,0.5626822157417998,0.6735897435897437
0.42597402597181316,0.5583090378992469,0.6225641025641026
0.5038961038934863,0.6137026239049164,0.762051282051282
0.42337662337442405,0.5597667638467645,0.6025641025641025
0.5272727272699882,0.5947521865871873,0.6442307692307693
0.5298701298673774,0.5932944606396697,0.6282051282051282
0.4493506493483151,0.5510204081616589,0.6706410256410257
0.31948051947885986,0.5247813411063418,0.26282051282051283
0.4649350649326497,0.6297376093276101,0.7367948717948718
0.5012987012960972,0.615160349852434,0.7346153846153846
0.5324675324647664,0.5976676384822226,0.6487179487179486
0.5350649350621556,0.5962099125347049,0.5384615384615384
0.4051948051927003,0.5699708454793878,0.6410256410256411
0.44155844155614776,0.5553935860042117,0.652051282051282
0.49870129869870805,0.6107871720098811,0.7876923076923077
0.446753246750926,0.546647230319106,0.6625641025641027
0.48311688311437345,0.6253644314850573,0.6753846153846155
0.37922077921880926,0.5903790087446344,0.6452564102564102
0.4571428571404824,0.634110787170163,0.631923076923077
0.52207792207521,0.603498542272293,0.6987179487179487
0.5168831168804318,0.6005830903772578,0.7223076923076923
0.4675324675300388,0.6282798833800926,0.6819230769230769
0.43376623376398044,0.553935860056694,0.6523076923076923
0.5194805194778209,0.5991253644297402,0.6810256410256411
0.48831168830915167,0.6166180757999515,0.6794871794871795
0.44415584415353687,0.5481049562666236,0.6493589743589744
0.5090909090882645,0.6049562682198106,0.7307692307692307
0.48571428571176256,0.6180758017474692,0.6415384615384616
0.4753246753222061,0.6239067055375397,0.6611538461538461
0.4311688311665914,0.5612244897942822,0.636923076923077
0.43896103895875865,0.5568513119517293,0.6538461538461539
0.5064935064908754,0.6064139941673282,0.7756410256410257
0.37662337662142015,0.5918367346921521,0.6282051282051282
0.43636363636136954,0.5524781341091765,0.6574358974358975
0.4701298701274279,0.6326530612226453,0.6987179487179487
0.5142857142830427,0.6078717201148459,0.6752564102564103
0.49610389610131894,0.6122448979573987,0.7894871794871795
0.3999999999979221,0.5787172011644935,0.5512820512820513
0.4909090909065408,0.6209912536425044,0.7128205128205127
0.47792207791959523,0.622448979590022,0.6642307692307693
0.4519480519457042,0.5495626822141413,0.657051282051282
0.4545454545430933,0.6355685131176806,0.6866666666666666
0.4935064935039299,0.6195335276949868,0.6694871794871795
0.5116883116856535,0.6093294460623635,0.7230769230769232
0.48051948051698434,0.6268221574325749,0.7257692307692307
0.46233766233526064,0.6370262390651982,0.5102564102564102
0.472727272724817,0.6311953352751277,0.7115384615384616
0.41818181817964584,0.5685131195318702,0.7051282051282052
0.37142857142664193,0.5889212827971169,0.5656410256410257
0.4155844155822567,0.5641399416893174,0.6153846153846154
0.42337662337442405,0.6865889212807972,0.4166666666666667
0.5064935064908754,0.6399416909602335,0.6752564102564103
0.5506493506464901,0.6180758017474692,0.4358974358974359
0.37402597402403104,0.717201166178667,0.38461538461538464
0.4675324675300388,0.6647230320680328,0.532051282051282
0.5090909090882645,0.641399416907751,0.5256410256410257
0.37142857142664193,0.7157434402311494,0.46153846153846156
0.44415584415353687,0.6982507288609381,0.47012820512820513
0.4051948051927003,0.7230320699687376,0.34615384615384615
0.5376623376595446,0.622448979590022,0.6706410256410257
0.4285714285692023,0.6895043731758324,0.4426923076923077
0.4311688311665914,0.6909620991233499,0.4578205128205127
0.397402597400533,0.7303206997063256,0.3533333333333334
0.3999999999979221,0.7317784256538432,0.41025641025641024
0.43896103895875865,0.7069970845460437,0.4423076923076923
0.43636363636136954,0.7055393585985261,0.4393589743589743
0.3922077922057548,0.7274052478112903,0.3565384615384616
0.44155844155614776,0.7084548104935614,0.4158974358974359
0.3948051948031439,0.728862973758808,0.33846153846153854
0.4103896103874785,0.7259475218637728,0.32474358974358974
0.5402597402569338,0.6239067055375397,0.6638461538461539
0.43376623376398044,0.7040816326510085,0.4191025641025641
0.37662337662142015,0.7186588921261847,0.44641025641025633
0.37922077921880926,0.7201166180737023,0.4601282051282051
0.5558441558412683,0.6209912536425044,0.623974358974359
0.5428571428543228,0.6253644314850573,0.6970512820512821
0.5454545454517119,0.6268221574325749,0.6652564102564102
0.5480519480491011,0.6166180757999515,0.6153846153846154
0.5532467532438793,0.6195335276949868,0.5769230769230769
0.5116883116856535,0.6428571428552686,0.5256410256410257
0.3870129870109766,0.7128279883361143,0.3974358974358974
0.30129870129713615,0.766763848394266,0.3076923076923077
0.34805194805014,0.740524781338949,0.3992307692307692
0.3324675324658054,0.7376093294439137,0.34884615384615375
0.3298701298684163,0.7361516034963961,0.391025641025641
0.33766233766058357,0.7346938775488785,0.39358974358974363
0.3350649350631945,0.7332361516013608,0.41923076923076924
0.3454545454527509,0.7390670553914314,0.4288461538461539
0.36103896103708555,0.7536443148666074,0.26282051282051283
0.29870129869974704,0.7653061224467484,0.30448717948717946
0.3402597402579727,0.7419825072864665,0.38935897435897443
0.3428571428553618,0.7434402332339841,0.4248717948717949
0.446753246750926,0.7448979591815018,0.3871794871794872
0.43636363636136954,0.7507288629715723,0.44871794871794873
0.4285714285692023,0.7376093294439137,0.40384615384615385
0.44415584415353687,0.7463556851290194,0.4807692307692308
0.5116883116856535,0.5072886297361303,0.6175641025641025
0.35844155843969644,0.6049562682198106,0.5897435897435898
0.4909090909065408,0.5422740524765531,0.7243589743589743
0.4935064935039299,0.5408163265290356,0.7371794871794872
0.43376623376398044,0.4693877551006724,0.6025641025641025
0.5246753246725991,0.5116618075786832,0.7171794871794871
0.4571428571404824,0.5262390670538594,0.6746153846153847
0.5194805194778209,0.5145772594737185,0.7125641025641025
0.43636363636136954,0.46793002915315474,0.5576923076923077
0.4701298701274279,0.5306122448964122,0.6916666666666667
0.4649350649326497,0.5335276967914474,0.7342307692307691
0.5324675324647664,0.5189504373162713,0.6761538461538461
0.52207792207521,0.5131195335262009,0.652948717948718
0.5064935064908754,0.5102040816311656,0.6906410256410257
0.4753246753222061,0.539358600581518,0.7315384615384616
0.3688311688292528,0.6107871720098811,0.5833333333333334
0.4545454545430933,0.527696793001377,0.645
0.5272727272699882,0.5218658892113065,0.6792307692307693
0.5350649350621556,0.5174927113687536,0.665128205128205
0.4675324675300388,0.5320699708439298,0.7015384615384616
0.5298701298673774,0.5204081632637889,0.6947435897435897
0.48051948051698434,0.5364431486864827,0.7082051282051282
0.472727272724817,0.5291545189488946,0.6880769230769231
0.4597402597378715,0.5247813411063418,0.7093589743589743
0.47792207791959523,0.5379008746340003,0.6243589743589744
0.48311688311437345,0.5349854227389651,0.71
0.5012987012960972,0.5014577259460599,0.6858974358974359
0.36623376623186377,0.6122448979573987,0.6324358974358975
0.46233766233526064,0.5233236151588242,0.727051282051282
0.36363636363447466,0.6137026239049164,0.5897435897435898
0.36103896103708555,0.615160349852434,0.559871794871795
0.5168831168804318,0.516034985421236,0.7043589743589743
0.5090909090882645,0.508746355683648,0.6553846153846155
0.5142857142830427,0.5058309037886127,0.7344871794871796
0.4051948051927003,0.49708454810350705,0.6282051282051282
0.4025974025953112,0.4985422740510247,0.6038461538461538
0.4077922077900894,0.49562682215598947,0.7093589743589743
0.49610389610131894,0.5043731778410951,0.48717948717948717
0.48571428571176256,0.5451895043715884,0.6496153846153846
0.4545454545430933,0.5233236151588242,0.7083333333333334
0.5090909090882645,0.5072886297361303,0.6871794871794871
0.4597402597378715,0.5262390670538594,0.6865384615384615
0.5012987012960972,0.5029154518935776,0.517051282051282
0.4571428571404824,0.5247813411063418,0.6923076923076923
0.5272727272699882,0.5174927113687536,0.7038461538461539
0.48311688311437345,0.539358600581518,0.6538461538461539
0.5142857142830427,0.5102040816311656,0.6762820512820513
0.5168831168804318,0.5116618075786832,0.7207692307692307
0.5324675324647664,0.5204081632637889,0.6685897435897437
0.48051948051698434,0.5379008746340003,0.6455128205128204
0.48571428571176256,0.5408163265290356,0.7121794871794871
0.472727272724817,0.5335276967914474,0.7253846153846154
0.4649350649326497,0.5291545189488946,0.6975641025641025
0.36623376623186377,0.6137026239049164,0.5961538461538461
0.5194805194778209,0.5131195335262009,0.6923076923076923
0.5246753246725991,0.516034985421236,0.6726923076923077
0.5298701298673774,0.5189504373162713,0.6838461538461539
0.5350649350621556,0.5218658892113065,0.6834615384615385
0.4753246753222061,0.5349854227389651,0.655128205128205
0.4701298701274279,0.5320699708439298,0.7064102564102563
0.46233766233526064,0.527696793001377,0.7035897435897436
0.47792207791959523,0.5364431486864827,0.6287179487179488
0.43636363636136954,0.4664723032056371,0.6538461538461539
0.4675324675300388,0.5306122448964122,0.6947435897435897
0.36363636363447466,0.6122448979573987,0.6410256410256411
0.43376623376398044,0.4650145772581195,0.5384615384615384
0.4103896103874785,0.4985422740510247,0.6089743589743589
0.48831168830915167,0.5422740524765531,0.5791025641025641
0.5038961038934863,0.5043731778410951,0.7734615384615384
0.52207792207521,0.5145772594737185,0.652948717948718
0.3688311688292528,0.615160349852434,0.6057692307692307
0.4051948051927003,0.49562682215598947,0.6324358974358975
0.5064935064908754,0.5058309037886127,0.7948717948717948
0.4909090909065408,0.5437317784240707,0.7660256410256411
0.5116883116856535,0.508746355683648,0.7692307692307693
0.49610389610131894,0.4999999999985423,0.4423076923076923
0.48571428571176256,0.565597667636835,0.7435897435897436
0.42337662337442405,0.6239067055375397,0.5801282051282052
0.3870129870109766,0.603498542272293,0.5726923076923077
0.3922077922057548,0.6064139941673282,0.5512820512820513
0.42597402597181316,0.622448979590022,0.5961538461538461
0.4701298701274279,0.5568513119517293,0.6410256410256411
0.47792207791959523,0.5583090378992469,0.8205128205128205
0.4285714285692023,0.6268221574325749,0.6025641025641025
0.49870129869870805,0.5699708454793878,0.6692307692307693
0.48311688311437345,0.5612244897942822,0.7606410256410256
0.48051948051698434,0.5626822157417998,0.7243589743589743
0.5012987012960972,0.5743440233219407,0.6666666666666666
0.5064935064908754,0.577259475216976,0.6965384615384616
0.44155844155614776,0.6311953352751277,0.5733333333333334
0.49610389610131894,0.5714285714269055,0.6388461538461538
0.43376623376398044,0.6297376093276101,0.5732051282051281
0.44415584415353687,0.6355685131176806,0.5723076923076923
0.5324675324647664,0.5918367346921521,0.5897435897435898
0.446753246750926,0.634110787170163,0.5726923076923077
0.4545454545430933,0.5481049562666236,0.5051282051282052
0.4311688311665914,0.6253644314850573,0.5891025641025641
0.37662337662142015,0.5976676384822226,0.6317948717948718
0.38181818181619837,0.6005830903772578,0.645128205128205
0.37922077921880926,0.5962099125347049,0.6346153846153846
0.43896103895875865,0.6326530612226453,0.5619230769230769
0.3896103896083657,0.6020408163247755,0.6434615384615384
0.43636363636136954,0.6282798833800926,0.5701282051282052
0.4519480519457042,0.6370262390651982,0.6452564102564102
0.37402597402403104,0.5932944606396697,0.5937179487179487
0.3844155844135875,0.5991253644297402,0.6498717948717948
0.37142857142664193,0.5947521865871873,0.6051282051282052
0.4493506493483151,0.6384839650127158,0.5683333333333334
0.4597402597378715,0.5510204081616589,0.6708974358974359
0.5142857142830427,0.5787172011644935,0.6923076923076923
0.5168831168804318,0.5830903790070464,0.7051282051282052
0.3038961038945252,0.46355685131060187,0.5897435897435898
0.4571428571404824,0.546647230319106,0.6410256410256411
0.42077922077703495,0.6195335276949868,0.6564102564102564
0.472727272724817,0.5553935860042117,0.8397435897435898
0.3428571428553618,0.4825072886283309,0.48717948717948717
0.4051948051927003,0.6107871720098811,0.6217948717948718
0.4935064935039299,0.5670553935843526,0.6496153846153846
0.4753246753222061,0.5597667638467645,0.6474358974358975
0.5090909090882645,0.5758017492694584,0.6666666666666666
0.5532467532438793,0.6180758017474692,0.517051282051282
0.5376623376595446,0.6268221574325749,0.6594871794871795
0.5558441558412683,0.6166180757999515,0.5076923076923077
0.5428571428543228,0.6239067055375397,0.5993589743589743
0.37662337662142015,0.717201166178667,0.4465384615384615
0.44415584415353687,0.702623906703491,0.3717948717948718
0.4311688311665914,0.6865889212807972,0.45294871794871794
0.5454545454517119,0.622448979590022,0.6402564102564102
0.3948051948031439,0.7303206997063256,0.3230769230769231
0.43376623376398044,0.7084548104935614,0.40833333333333327
0.3999999999979221,0.7274052478112903,0.3782051282051282
0.4285714285692023,0.6880466472283148,0.4403846153846153
0.43896103895875865,0.7055393585985261,0.46358974358974353
0.3922077922057548,0.7317784256538432,0.3534615384615384
0.4051948051927003,0.7244897959162552,0.4230769230769231
0.397402597400533,0.728862973758808,0.31897435897435894
0.4025974025953112,0.7259475218637728,0.378974358974359
0.44155844155614776,0.7040816326510085,0.4401282051282051
0.5766233766203812,0.6282798833800926,0.5555128205128205
0.43636363636136954,0.7069970845460437,0.4276923076923077
0.5480519480491011,0.6209912536425044,0.5333333333333332
0.37922077921880926,0.7157434402311494,0.44448717948717953
0.5402597402569338,0.6253644314850573,0.6915384615384615
0.5142857142830427,0.6399416909602335,0.6858974358974359
0.5740259740229922,0.6297376093276101,0.5192307692307693
0.37402597402403104,0.7186588921261847,0.3871794871794872
0.37142857142664193,0.7201166180737023,0.40807692307692306
0.5506493506464901,0.6195335276949868,0.5705128205128205
0.7662337662297859,0.5014577259460599,0.358974358974359
0.7766233766193422,0.5072886297361303,0.3717948717948718
0.745454545450673,0.5131195335262009,0.41025641025641024
0.7740259740219532,0.5029154518935776,0.3034615384615385
0.3428571428553618,0.7332361516013608,0.4214102564102565
0.3454545454527509,0.7376093294439137,0.3916666666666666
0.30129870129713615,0.7565597667616427,0.36217948717948717
0.36363636363447466,0.7448979591815018,0.41884615384615387
0.36103896103708555,0.7463556851290194,0.3141025641025641
0.3402597402579727,0.7346938775488785,0.368974358974359
0.33766233766058357,0.7419825072864665,0.41794871794871785
0.34805194805014,0.7361516034963961,0.40333333333333327
0.3324675324658054,0.7390670553914314,0.38461538461538464
0.35844155843969644,0.7536443148666074,0.33974358974358976
0.42597402597181316,0.9999999999970846,0.5128205128205128
0.30129870129713615,0.8367346938751116,0.33974358974358976
0.3064935064919143,0.8338192419800764,0.29230769230769227
0.2805194805180233,0.7332361516013608,0.358974358974359
0.2857142857128015,0.7361516034963961,0.36692307692307696
0.27792207792063417,0.7346938775488785,0.2948717948717949
0.2831168831154124,0.7376093294439137,0.35038461538461535
0.29870129869974704,0.785714285711995,0.36538461538461536
0.5194805194778209,0.4999999999985423,0.8141025641025641
0.5168831168804318,0.5014577259460599,0.7734615384615384
0.36103896103708555,0.6005830903772578,0.4230769230769231
0.49870129869870805,0.5116618075786832,0.5205128205128204
0.4649350649326497,0.5422740524765531,0.5811538461538461
0.52207792207521,0.5043731778410951,0.6762820512820513
0.4753246753222061,0.5247813411063418,0.7258974358974359
0.472727272724817,0.5437317784240707,0.7414102564102564
0.5272727272699882,0.5072886297361303,0.6748717948717948
0.5012987012960972,0.516034985421236,0.7230769230769232
0.5298701298673774,0.5058309037886127,0.6923076923076923
0.4909090909065408,0.5335276967914474,0.7246153846153846
0.5324675324647664,0.5102040816311656,0.650128205128205
0.5038961038934863,0.5145772594737185,0.6952564102564103
0.4545454545430933,0.5364431486864827,0.6457692307692309
0.36623376623186377,0.603498542272293,0.5858974358974359
0.5064935064908754,0.5189504373162713,0.7194871794871796
0.5090909090882645,0.5174927113687536,0.6865384615384615
0.5142857142830427,0.5204081632637889,0.7034615384615385
0.4935064935039299,0.5320699708439298,0.7124358974358973
0.4675324675300388,0.5408163265290356,0.6435897435897436
0.48311688311437345,0.5262390670538594,0.6857692307692307
0.48051948051698434,0.527696793001377,0.6955128205128205
0.3688311688292528,0.6020408163247755,0.54
0.48571428571176256,0.5306122448964122,0.7052564102564103
0.3506493506475291,0.5947521865871873,0.5064102564102564
0.397402597400533,0.4810495626808133,0.45128205128205134
0.48831168830915167,0.5291545189488946,0.7121794871794871
0.4571428571404824,0.5349854227389651,0.6535897435897436
0.36363636363447466,0.5991253644297402,0.6067948717948718
0.3532467532449182,0.5932944606396697,0.48461538461538456
0.5116883116856535,0.5218658892113065,0.6875641025641025
0.5350649350621556,0.508746355683648,0.6246153846153846
0.4597402597378715,0.539358600581518,0.6256410256410256
0.4701298701274279,0.5451895043715884,0.8076923076923077
0.35844155843969644,0.5962099125347049,0.5512820512820513
0.47792207791959523,0.5233236151588242,0.7171794871794871
0.3844155844135875,0.4941690962084718,0.2564102564102564
0.46233766233526064,0.5379008746340003,0.7051282051282052
0.49610389610131894,0.5131195335262009,0.5464102564102564
0.35584415584230733,0.5976676384822226,0.5128205128205128
0.5246753246725991,0.5029154518935776,0.7121794871794871
0.5324675324647664,0.46355685131060187,0.532051282051282
0.4935064935039299,0.48542274052336615,0.5512820512820513
0.4909090909065408,0.48688046647088373,0.5
0.35844155843969644,0.5495626822141413,0.7051282051282052
0.5090909090882645,0.47084548104818996,0.5897435897435898
0.472727272724817,0.49708454810350705,0.6987179487179487
0.6103896103864396,0.413994169095003,0.4358974358974359
0.42077922077703495,0.5145772594737185,0.62
0.3948051948031439,0.5233236151588242,0.6051282051282052
0.37922077921880926,0.5379008746340003,0.6128205128205128
0.43376623376398044,0.5014577259460599,0.6414102564102564
0.42597402597181316,0.5174927113687536,0.5993589743589743
0.4077922077900894,0.5335276967914474,0.5983333333333334
0.43636363636136954,0.4999999999985423,0.629102564102564
0.4493506493483151,0.5102040816311656,0.6615384615384615
0.4155844155822567,0.5116618075786832,0.632948717948718
0.3922077922057548,0.5247813411063418,0.5576923076923077
0.4051948051927003,0.5291545189488946,0.5670512820512821
0.37402597402403104,0.5349854227389651,0.5673076923076923
0.41818181817964584,0.516034985421236,0.6388461538461538
0.42337662337442405,0.5189504373162713,0.6262820512820512
0.4025974025953112,0.5306122448964122,0.5828205128205127
0.4103896103874785,0.5320699708439298,0.5692307692307693
0.43896103895875865,0.5043731778410951,0.5897435897435898
0.446753246750926,0.5058309037886127,0.6
0.4129870129848676,0.5131195335262009,0.6080769230769232
0.4311688311665914,0.5204081632637889,0.6957692307692307
0.4285714285692023,0.5218658892113065,0.642051282051282
0.44415584415353687,0.5072886297361303,0.717948717948718
0.37142857142664193,0.5364431486864827,0.5769230769230769
0.5142857142830427,0.4737609329432252,0.5256410256410257
0.397402597400533,0.527696793001377,0.6602564102564102
0.3896103896083657,0.5437317784240707,0.5769230769230769
0.44155844155614776,0.5029154518935776,0.6474358974358975
0.4597402597378715,0.5597667638467645,0.7948717948717948
0.3999999999979221,0.5932944606396697,0.6282051282051282
0.48311688311437345,0.546647230319106,0.7205128205128205
0.4545454545430933,0.5626822157417998,0.6346153846153846
0.5038961038934863,0.5816326530595288,0.717948717948718
0.41818181817964584,0.6297376093276101,0.5683333333333334
0.42077922077703495,0.6282798833800926,0.6067948717948718
0.3870129870109766,0.6122448979573987,0.5448717948717948
0.4051948051927003,0.6020408163247755,0.5855128205128205
0.42337662337442405,0.6384839650127158,0.5453846153846155
0.5012987012960972,0.5830903790070464,0.6564102564102564
0.49610389610131894,0.5860058309020816,0.6435897435897436
0.37142857142664193,0.6093294460623635,0.6256410256410256
0.43636363636136954,0.6195335276949868,0.5658974358974359
0.43896103895875865,0.6180758017474692,0.5625641025641025
0.3948051948031439,0.5962099125347049,0.625
0.5090909090882645,0.5903790087446344,0.7079487179487179
0.446753246750926,0.6253644314850573,0.6007692307692307
0.35844155843969644,0.4766763848382604,0.44871794871794873
0.37922077921880926,0.6049562682198106,0.6121794871794872
0.37662337662142015,0.6064139941673282,0.5743589743589743
0.4311688311665914,0.634110787170163,0.5834615384615385
0.43376623376398044,0.6209912536425044,0.5821794871794871
0.4285714285692023,0.6355685131176806,0.5614102564102564
0.397402597400533,0.5947521865871873,0.6666666666666666
0.44155844155614776,0.6166180757999515,0.5917948717948718
0.42597402597181316,0.6370262390651982,0.564871794871795
0.4103896103874785,0.5991253644297402,0.5983333333333334
0.44415584415353687,0.6268221574325749,0.5784615384615385
0.37402597402403104,0.6078717201148459,0.5160256410256411
0.5116883116856535,0.5889212827971169,0.7521794871794872
0.35584415584230733,0.47813411078577805,0.4384615384615385
0.4025974025953112,0.603498542272293,0.5512820512820513
0.3922077922057548,0.5976676384822226,0.5841025641025641
0.5064935064908754,0.5918367346921521,0.7069230769230769
0.49870129869870805,0.584548104954564,0.6564102564102564
0.47792207791959523,0.5495626822141413,0.7371794871794872
0.4753246753222061,0.5510204081616589,0.7211538461538461
0.4519480519457042,0.622448979590022,0.6143589743589744
0.4077922077900894,0.6005830903772578,0.6153846153846154
0.48051948051698434,0.5481049562666236,0.48717948717948717
0.472727272724817,0.5641399416893174,0.7093589743589743
0.4493506493483151,0.6239067055375397,0.5855128205128205
0.7168831168793929,0.49708454810350705,0.23076923076923078
0.7090909090872255,0.48979591836591896,0.34615384615384615
0.2909090909075797,0.7448979591815018,0.41025641025641024
0.3246753246736381,0.7434402332339841,0.4230769230769231
0.31428571428408164,0.7376093294439137,0.44871794871794873
0.30129870129713615,0.7507288629715723,0.3824358974358974
0.3090909090893034,0.7346938775488785,0.3641025641025642
0.31168831168669253,0.7332361516013608,0.40910256410256407
0.32207792207624897,0.7390670553914314,0.41961538461538467
0.3272727272710272,0.7419825072864665,0.40384615384615385
0.31948051947885986,0.740524781338949,0.36038461538461536
0.31688311688147075,0.7361516034963961,0.4034615384615384
0.7766233766193422,0.5043731778410951,0.3333333333333333
0.7792207792167314,0.5029154518935776,0.34871794871794876
0.43376623376398044,0.7419825072864665,0.44448717948717953
0.43636363636136954,0.7434402332339841,0.5512820512820513
0.42597402597181316,0.7492711370240547,0.48717948717948717
0.4051948051927003,0.6399416909602335,0.6111538461538462
0.4103896103874785,0.6428571428552686,0.5420512820512821
0.44155844155614776,0.672011661805621,0.4503846153846153
0.4311688311665914,0.6778425655956914,0.4526923076923077
0.43636363636136954,0.6690962099105857,0.4957692307692308
0.4025974025953112,0.641399416907751,0.5093589743589744
0.43896103895875865,0.6734693877531386,0.493974358974359
0.4285714285692023,0.679300291543209,0.4723076923076924
0.43376623376398044,0.6705539358581034,0.48717948717948717
0.44415584415353687,0.6647230320680328,0.4957692307692308
0.42597402597181316,0.6749271137006562,0.4230769230769231
0.4077922077900894,0.6443148688027863,0.5512820512820513
0.5038961038934863,0.5743440233219407,0.6346153846153846
0.42337662337442405,0.622448979590022,0.6346153846153846
0.48051948051698434,0.5612244897942822,0.7564102564102564
0.3922077922057548,0.6049562682198106,0.6067948717948718
0.4675324675300388,0.553935860056694,0.7628205128205128
0.46233766233526064,0.5510204081616589,0.7991025641025641
0.5168831168804318,0.5816326530595288,0.7371794871794872
0.4753246753222061,0.5583090378992469,0.7339743589743589
0.4701298701274279,0.5553935860042117,0.6578205128205129
0.4935064935039299,0.5685131195318702,0.6837179487179487
0.47792207791959523,0.5597667638467645,0.7724358974358975
0.4597402597378715,0.5495626822141413,0.6153846153846154
0.5350649350621556,0.5918367346921521,0.8076923076923077
0.37142857142664193,0.5932944606396697,0.6038461538461538
0.4649350649326497,0.5524781341091765,0.6410256410256411
0.44155844155614776,0.6326530612226453,0.5562820512820513
0.5012987012960972,0.5728862973744231,0.6858974358974359
0.37922077921880926,0.5976676384822226,0.645
0.3844155844135875,0.6005830903772578,0.6397435897435898
0.3870129870109766,0.6020408163247755,0.6782051282051282
0.43636363636136954,0.6297376093276101,0.5717948717948718
0.37402597402403104,0.5947521865871873,0.6224358974358974
0.37662337662142015,0.5962099125347049,0.6298717948717948
0.4285714285692023,0.6253644314850573,0.5897435897435898
0.43376623376398044,0.6282798833800926,0.5743589743589743
0.446753246750926,0.6355685131176806,0.5579487179487179
0.38181818181619837,0.5991253644297402,0.660128205128205
0.44415584415353687,0.634110787170163,0.5619230769230769
0.49610389610131894,0.5699708454793878,0.6987179487179487
0.4519480519457042,0.6384839650127158,0.5410256410256411
0.4311688311665914,0.6268221574325749,0.5833333333333334
0.42597402597181316,0.6239067055375397,0.5897435897435898
0.4493506493483151,0.6370262390651982,0.5583333333333333
0.48571428571176256,0.5641399416893174,0.717948717948718
0.29610389610235793,0.4577259475205314,0.5256410256410257
0.30129870129713615,0.46064139941556664,0.5384615384615384
0.43896103895875865,0.6311953352751277,0.5643589743589743
0.5064935064908754,0.5758017492694584,0.6089743589743589
0.3896103896083657,0.603498542272293,0.6025641025641025
0.48831168830915167,0.565597667636835,0.717948717948718
0.4909090909065408,0.5670553935843526,0.6837179487179487
0.48311688311437345,0.5626822157417998,0.7243589743589743
0.4545454545430933,0.546647230319106,0.6111538461538462
0.32207792207624897,0.4723032069957076,0.35474358974358977
0.7012987012950582,0.4985422740510247,0.4230769230769231
0.6883116883081127,0.4912536443134366,0.30128205128205127
0.27272727272585595,0.7244897959162552,0.3717948717948718
0.5376623376595446,0.4999999999985423,0.6056410256410256
0.5688311688282139,0.5174927113687536,0.622948717948718
0.5792207792177703,0.5233236151588242,0.650128205128205
0.5948051948021049,0.5320699708439298,0.6367948717948718
0.2831168831154124,0.7303206997063256,0.3717948717948718
0.6077922077890504,0.539358600581518,0.5953846153846154
0.6051948051916614,0.5379008746340003,0.6271794871794872
0.5506493506464901,0.5072886297361303,0.6124358974358974
0.571428571425603,0.5189504373162713,0.6215384615384616
0.6987012986976692,0.49708454810350705,0.33653846153846156
0.5402597402569338,0.5014577259460599,0.5623076923076923
0.5532467532438793,0.508746355683648,0.6161538461538462
0.6129870129838286,0.5422740524765531,0.6346153846153846
0.5870129870099376,0.527696793001377,0.6615384615384615
0.5454545454517119,0.5043731778410951,0.6308974358974359
0.5844155844125485,0.5262390670538594,0.6264102564102564
0.5558441558412683,0.5102040816311656,0.6224358974358974
0.5662337662308248,0.516034985421236,0.647051282051282
0.5636363636334357,0.5145772594737185,0.6724358974358975
0.5584415584386575,0.5116618075786832,0.621025641025641
0.5480519480491011,0.5058309037886127,0.5751282051282052
0.5766233766203812,0.5218658892113065,0.6346153846153846
0.5818181818151594,0.5247813411063418,0.6443589743589744
0.5740259740229922,0.5204081632637889,0.6128205128205128
0.6025974025942723,0.5364431486864827,0.6666666666666666
0.2857142857128015,0.7317784256538432,0.35038461538461535
0.670129870126389,0.4810495626808133,0.5128205128205128
0.5428571428543228,0.5029154518935776,0.6287179487179488
0.5922077922047159,0.5306122448964122,0.717948717948718
0.5896103896073267,0.5291545189488946,0.6746153846153847
0.6909090909055018,0.4927113702609542,0.3717948717948718
0.5999999999968831,0.5349854227389651,0.6185897435897436
0.5610389610360466,0.5131195335262009,0.6428205128205128
0.6155844155812178,0.5437317784240707,0.6282051282051282
0.5974025973994941,0.5335276967914474,0.6538461538461539
0.6103896103864396,0.5408163265290356,0.5833333333333334
0.47792207791959523,0.48688046647088373,0.7307692307692307
0.3324675324658054,0.5685131195318702,0.46153846153846156
0.4701298701274279,0.4883381924184014,0.8012820512820513
0.4025974025953112,0.5262390670538594,0.6102564102564102
0.3948051948031439,0.5335276967914474,0.5915384615384616
0.41818181817964584,0.5174927113687536,0.613076923076923
0.3350649350631945,0.5641399416893174,0.5
0.3870129870109766,0.5349854227389651,0.559871794871795
0.4311688311665914,0.5131195335262009,0.6274358974358974
0.44415584415353687,0.5029154518935776,0.7243589743589743
0.37662337662142015,0.5408163265290356,0.6602564102564102
0.4493506493483151,0.4999999999985423,0.6282051282051282
0.6129870129838286,0.4110787171999677,0.46153846153846156
0.4103896103874785,0.5247813411063418,0.6225641025641026
0.4077922077900894,0.5233236151588242,0.6017948717948718
0.4051948051927003,0.527696793001377,0.6826923076923077
0.43376623376398044,0.508746355683648,0.6715384615384615
0.43636363636136954,0.5102040816311656,0.6820512820512821
0.4129870129848676,0.5204081632637889,0.6437179487179486
0.3844155844135875,0.539358600581518,0.5544871794871795
0.4155844155822567,0.5218658892113065,0.6335897435897436
0.446753246750926,0.5043731778410951,0.623974358974359
0.38181818181619837,0.5379008746340003,0.5692307692307693
0.36363636363447466,0.5510204081616589,0.6282051282051282
0.42077922077703495,0.5189504373162713,0.6426923076923077
0.4285714285692023,0.5116618075786832,0.6435897435897436
0.3922077922057548,0.5320699708439298,0.6025641025641025
0.397402597400533,0.5291545189488946,0.6393589743589744
0.42597402597181316,0.516034985421236,0.63
0.3688311688292528,0.5481049562666236,0.6217948717948718
0.44155844155614776,0.5072886297361303,0.7128205128205127
0.3999999999979221,0.5306122448964122,0.5966666666666668
0.3896103896083657,0.5364431486864827,0.6346153846153846
0.43896103895875865,0.5058309037886127,0.6196153846153846
0.4753246753222061,0.48542274052336615,0.7371794871794872
0.48051948051698434,0.4825072886283309,0.6762820512820513
0.42337662337442405,0.5145772594737185,0.6346153846153846
0.5506493506464901,0.48979591836591896,0.5282051282051282
0.30129870129713615,0.7230320699687376,0.3974358974358974
0.5636363636334357,0.48542274052336615,0.5961538461538461
0.5376623376595446,0.4941690962084718,0.5662820512820513
0.5480519480491011,0.4883381924184014,0.5641025641025641
0.6311688311655524,0.5349854227389651,0.6666666666666666
0.6233766233733851,0.5422740524765531,0.6196153846153846
0.6753246753211671,0.5131195335262009,0.47346153846153854
0.670129870126389,0.5218658892113065,0.44871794871794873
0.5610389610360466,0.4839650145758485,0.5726923076923077
0.5584415584386575,0.4825072886283309,0.5435897435897437
0.2883116883101906,0.7274052478112903,0.4166666666666667
0.5428571428543228,0.49708454810350705,0.5547435897435897
0.6649350649316108,0.5189504373162713,0.4307692307692307
0.3090909090893034,0.7157434402311494,0.41025641025641024
0.6909090909055018,0.5102040816311656,0.4638461538461539
0.29610389610235793,0.7317784256538432,0.41025641025641024
0.6727272727237781,0.5116618075786832,0.5117948717948718
0.6883116883081127,0.508746355683648,0.4865384615384616
0.6623376623342216,0.5174927113687536,0.5352564102564102
0.5402597402569338,0.49562682215598947,0.5776923076923077
0.571428571425603,0.47813411078577805,0.4358974358974359
0.6675324675289999,0.5204081632637889,0.42628205128205127
0.6779220779185563,0.5145772594737185,0.46153846153846156
0.6805194805159454,0.516034985421236,0.45948717948717954
0.5558441558412683,0.4927113702609542,0.6025641025641025
0.6337662337629415,0.5364431486864827,0.6025641025641025
0.5454545454517119,0.4985422740510247,0.5914102564102564
0.3038961038945252,0.7244897959162552,0.46346153846153854
0.3064935064919143,0.7259475218637728,0.4551282051282051
0.5532467532438793,0.4912536443134366,0.6769230769230768
0.2935064935049688,0.7303206997063256,0.3557692307692308
0.693506493502891,0.4999999999985423,0.40384615384615385
0.6987012986976692,0.5029154518935776,0.47012820512820513
0.620779220775996,0.5408163265290356,0.6025641025641025
0.6831168831133345,0.5058309037886127,0.5214102564102564
0.6363636363603307,0.5379008746340003,0.6067948717948718
0.69610389610028,0.5014577259460599,0.3230769230769231
0.6857142857107236,0.5072886297361303,0.4715384615384616
0.7012987012950582,0.5043731778410951,0.3974358974358974
0.446753246750926,0.6559766763829272,0.5064102564102564
0.41818181817964584,0.6457725947503039,0.5448717948717948
0.44155844155614776,0.6588921282779624,0.5329487179487179
0.5428571428543228,0.5758017492694584,0.5192307692307693
0.44415584415353687,0.6545189504354096,0.48141025641025637
0.43636363636136954,0.6618075801729977,0.49192307692307696
0.43376623376398044,0.6603498542254801,0.5388461538461539
0.43896103895875865,0.6574344023304448,0.5158974358974359
0.4285714285692023,0.6399416909602335,0.5939743589743589
0.4311688311665914,0.641399416907751,0.5466666666666666
0.42337662337442405,0.6428571428552686,0.5470512820512821
0.36103896103708555,0.603498542272293,0.5487179487179487
0.3506493506475291,0.5976676384822226,0.4230769230769231
0.4701298701274279,0.5422740524765531,0.6891025641025641
0.36363636363447466,0.6020408163247755,0.5278205128205128
0.4675324675300388,0.5437317784240707,0.7025641025641025
0.5168831168804318,0.5043731778410951,0.6496153846153846
0.5038961038934863,0.5116618075786832,0.6648717948717948
0.49870129869870805,0.5145772594737185,0.7525641025641026
0.52207792207521,0.5014577259460599,0.6666666666666666
0.5272727272699882,0.5102040816311656,0.6437179487179486
0.46233766233526064,0.5349854227389651,0.7030769230769232
0.4051948051927003,0.48542274052336615,0.5683333333333334
0.5350649350621556,0.5058309037886127,0.5914102564102564
0.3688311688292528,0.5991253644297402,0.5882051282051282
0.48311688311437345,0.5233236151588242,0.7271794871794872
0.5064935064908754,0.5218658892113065,0.7188461538461538
0.35584415584230733,0.5947521865871873,0.5394871794871795
0.4935064935039299,0.5291545189488946,0.7092307692307691
0.5012987012960972,0.5131195335262009,0.6251282051282052
0.4025974025953112,0.48688046647088373,0.6410256410256411
0.47792207791959523,0.5262390670538594,0.7058974358974359
0.4597402597378715,0.5364431486864827,0.6784615384615384
0.4571428571404824,0.5379008746340003,0.6452564102564102
0.35844155843969644,0.5932944606396697,0.5989743589743589
0.5298701298673774,0.508746355683648,0.6784615384615384
0.5090909090882645,0.5204081632637889,0.6767948717948719
0.4753246753222061,0.527696793001377,0.6969230769230769
0.5194805194778209,0.5029154518935776,0.6810256410256411
0.5116883116856535,0.5189504373162713,0.6976923076923077
0.48571428571176256,0.5335276967914474,0.7103846153846154
0.4909090909065408,0.5306122448964122,0.7115384615384616
0.48051948051698434,0.5247813411063418,0.721923076923077
0.48831168830915167,0.5320699708439298,0.7252564102564102
0.472727272724817,0.5408163265290356,0.6961538461538461
0.5246753246725991,0.4999999999985423,0.5833333333333334
0.4649350649326497,0.5451895043715884,0.7051282051282052
0.36623376623186377,0.6005830903772578,0.601923076923077
0.4545454545430933,0.539358600581518,0.6508974358974359
0.3532467532449182,0.5962099125347049,0.5352564102564102
0.5324675324647664,0.5072886297361303,0.642051282051282
0.5142857142830427,0.5174927113687536,0.7128205128205127
0.37922077921880926,0.4883381924184014,0.6025641025641025
0.49610389610131894,0.516034985421236,0.6996153846153845
0.3948051948031439,0.47959183673329564,0.48717948717948717
0.42337662337442405,0.47521865889074283,0.5
0.43636363636136954,0.45626822157301383,0.5470512820512821
0.5246753246725991,0.6282798833800926,0.6666666666666666
0.4597402597378715,0.5947521865871873,0.6410256410256411
0.48311688311437345,0.6049562682198106,0.5993589743589743
0.5454545454517119,0.6399416909602335,0.532051282051282
0.38181818181619837,0.5568513119517293,0.2948717948717949
0.5194805194778209,0.6311953352751277,0.5042307692307693
0.4155844155822567,0.5728862973744231,0.6698717948717948
0.4103896103874785,0.5641399416893174,0.5961538461538461
0.4077922077900894,0.565597667636835,0.6297435897435898
0.4909090909065408,0.6122448979573987,0.7323076923076923
0.4493506493483151,0.5889212827971169,0.6196153846153846
0.5142857142830427,0.622448979590022,0.6335897435897436
0.4285714285692023,0.577259475216976,0.6593589743589744
0.35844155843969644,0.5349854227389651,0.5769230769230769
0.49610389610131894,0.6209912536425044,0.7123076923076923
0.42597402597181316,0.5787172011644935,0.6307692307692309
0.5038961038934863,0.6166180757999515,0.7703846153846154
0.4311688311665914,0.5758017492694584,0.6515384615384614
0.42077922077703495,0.5699708454793878,0.6217948717948718
0.5116883116856535,0.6239067055375397,0.6301282051282052
0.446753246750926,0.5903790087446344,0.6410256410256411
0.43636363636136954,0.584548104954564,0.642051282051282
0.44415584415353687,0.5918367346921521,0.6447435897435898
0.44155844155614776,0.5816326530595288,0.6455128205128204
0.3506493506475291,0.539358600581518,0.5705128205128205
0.43376623376398044,0.5860058309020816,0.6548717948717948
0.48571428571176256,0.615160349852434,0.7164102564102564
0.34805194805014,0.5291545189488946,0.5769230769230769
0.35584415584230733,0.5364431486864827,0.5897435897435898
0.48831168830915167,0.6137026239049164,0.7338461538461538
0.5168831168804318,0.6326530612226453,0.6282051282051282
0.43896103895875865,0.5830903790070464,0.6282051282051282
0.5012987012960972,0.6180758017474692,0.7374358974358974
0.5064935064908754,0.6268221574325749,0.6410256410256411
0.52207792207521,0.6297376093276101,0.6615384615384615
0.5090909090882645,0.6253644314850573,0.7160256410256409
0.4129870129848676,0.5743440233219407,0.6282051282051282
0.49870129869870805,0.6195335276949868,0.75
0.42337662337442405,0.5801749271120111,0.623076923076923
0.4935064935039299,0.6107871720098811,0.7348717948717948
0.4545454545430933,0.5976676384822226,0.5855128205128205
0.4103896103874785,0.7346938775488785,0.3974358974358974
0.43896103895875865,0.7623906705517132,0.41346153846153844
0.43636363636136954,0.766763848394266,0.4358974358974359
0.4285714285692023,0.7682215743417836,0.3974358974358974
0.397402597400533,0.7390670553914314,0.41448717948717945
0.7194805194767819,0.5189504373162713,0.35474358974358977
0.7220779220741711,0.5174927113687536,0.28423076923076923
0.7350649350611166,0.5102040816311656,0.375
0.7402597402558948,0.5072886297361303,0.4111538461538461
0.7428571428532839,0.5058309037886127,0.28974358974358966
0.7090909090872255,0.5131195335262009,0.39115384615384624
0.7116883116846147,0.5116618075786832,0.3773076923076924
0.7064935064898364,0.5145772594737185,0.35371794871794876
0.7038961038924473,0.516034985421236,0.35487179487179493
0.7376623376585056,0.508746355683648,0.3782051282051282
0.7246753246715602,0.5043731778410951,0.5128205128205128
0.7168831168793929,0.5204081632637889,0.25
0.4753246753222061,0.7332361516013608,0.5
0.47792207791959523,0.7346938775488785,0.5042307692307693
0.4909090909065408,0.7419825072864665,0.25
0.3350649350631945,0.7419825072864665,0.3814102564102564
0.36103896103708555,0.7448979591815018,0.358974358974359
0.3272727272710272,0.7725947521843365,0.3525641025641026
0.33766233766058357,0.7434402332339841,0.28525641025641024
0.3298701298684163,0.7390670553914314,0.37038461538461537
0.29610389610235793,0.766763848394266,0.29230769230769227
0.30129870129713615,0.7580174927091603,0.41025641025641024
0.34805194805014,0.7376093294439137,0.3717948717948718
0.36363636363447466,0.7463556851290194,0.4423076923076923
0.3506493506475291,0.7507288629715723,0.36538461538461536
0.3454545454527509,0.7361516034963961,0.40602564102564104
0.3428571428553618,0.7346938775488785,0.4428205128205129
0.3402597402579727,0.7332361516013608,0.3725641025641026
0.3324675324658054,0.740524781338949,0.391025641025641
0.3844155844135875,0.4985422740510247,0.46153846153846156
0.3532467532449182,0.5976676384822226,0.47858974358974354
0.3506493506475291,0.5962099125347049,0.5470512820512821
0.13246753246684434,0.7303206997063256,0.391025641025641
0.36363636363447466,0.603498542272293,0.5146153846153846
0.5298701298673774,0.5102040816311656,0.6594871794871795
0.4701298701274279,0.5408163265290356,0.690128205128205
0.5194805194778209,0.5043731778410951,0.7243589743589743
0.5116883116856535,0.5174927113687536,0.7451282051282052
0.5350649350621556,0.5072886297361303,0.6057692307692307
0.36623376623186377,0.5991253644297402,0.5842307692307691
0.48831168830915167,0.5335276967914474,0.7353846153846154
0.3688311688292528,0.6005830903772578,0.5584615384615385
0.48311688311437345,0.5247813411063418,0.7076923076923077
0.35584415584230733,0.5932944606396697,0.5166666666666666
0.5142857142830427,0.5189504373162713,0.6817948717948719
0.5064935064908754,0.5204081632637889,0.6788461538461539
0.4597402597378715,0.5349854227389651,0.6953846153846153
0.5324675324647664,0.5058309037886127,0.6338461538461538
0.48571428571176256,0.5320699708439298,0.711923076923077
0.5090909090882645,0.5218658892113065,0.7251282051282052
0.48051948051698434,0.5233236151588242,0.7019230769230769
0.4935064935039299,0.5306122448964122,0.7214102564102564
0.36103896103708555,0.6020408163247755,0.6452564102564102
0.52207792207521,0.4999999999985423,0.6589743589743591
0.4753246753222061,0.5262390670538594,0.7066666666666668
0.5272727272699882,0.508746355683648,0.6624358974358975
0.4545454545430933,0.5379008746340003,0.6707692307692307
0.4909090909065408,0.5291545189488946,0.7006410256410257
0.47792207791959523,0.527696793001377,0.6908974358974359
0.49870129869870805,0.516034985421236,0.7147435897435898
0.46233766233526064,0.5364431486864827,0.6903846153846153
0.49610389610131894,0.5145772594737185,0.7205128205128205
0.5168831168804318,0.5029154518935776,0.7124358974358973
0.5246753246725991,0.5014577259460599,0.6384615384615384
0.35844155843969644,0.5947521865871873,0.5166666666666666
0.4675324675300388,0.5451895043715884,0.6837179487179487
0.5012987012960972,0.5116618075786832,0.6644871794871795
0.4571428571404824,0.539358600581518,0.6375641025641026
0.5038961038934863,0.5131195335262009,0.6965384615384616
0.472727272724817,0.5422740524765531,0.7643589743589744
0.4649350649326497,0.5437317784240707,0.5769230769230769
0.47792207791959523,0.641399416907751,0.5224358974358975
0.5558441558412683,0.615160349852434,0.5406410256410257
0.5532467532438793,0.6137026239049164,0.5512820512820513
0.5506493506464901,0.6122448979573987,0.6346153846153846
0.3870129870109766,0.7069970845460437,0.4423076923076923
0.5870129870099376,0.6326530612226453,0.41025641025641024
0.5792207792177703,0.6282798833800926,0.40384615384615385
0.5896103896073267,0.634110787170163,0.41884615384615387
0.43376623376398044,0.709912536441079,0.38705128205128203
0.44415584415353687,0.7157434402311494,0.44871794871794873
0.4311688311665914,0.7317784256538432,0.3871794871794872
0.42337662337442405,0.7274052478112903,0.3717948717948718
0.44155844155614776,0.7142857142836319,0.47269230769230774
0.42597402597181316,0.728862973758808,0.4423076923076923
0.42077922077703495,0.7259475218637728,0.20512820512820512
0.4285714285692023,0.7303206997063256,0.4465384615384615
0.43636363636136954,0.7113702623885966,0.39538461538461545
0.43896103895875865,0.7128279883361143,0.4311538461538461
0.21038961038851747,0.421282798832591,0.44871794871794873
0.4753246753222061,0.6399416909602335,0.5291025641025641
0.48051948051698434,0.6428571428552686,0.5491025641025641
0.5480519480491011,0.6107871720098811,0.5865384615384616
0.3090909090893034,0.7376093294439137,0.485
0.31688311688147075,0.7332361516013608,0.40217948717948726
0.3298701298684163,0.7725947521843365,0.2692307692307692
0.31168831168669253,0.7361516034963961,0.39371794871794863
0.31428571428408164,0.7346938775488785,0.40846153846153843
0.31948051947885986,0.7434402332339841,0.41025641025641024
0.32207792207624897,0.7419825072864665,0.3773076923076924
0.3272727272710272,0.7390670553914314,0.3782051282051282
0.3246753246736381,0.740524781338949,0.3828205128205128
0.7142857142820037,0.49708454810350705,0.38461538461538464
0.38181818181619837,0.6676384839630681,0.2948717948717949
0.44415584415353687,0.6559766763829272,0.5111538461538462
0.4155844155822567,0.6486880466453391,0.5833333333333334
0.4753246753222061,0.7317784256538432,0.4551282051282051
0.43636363636136954,0.6603498542254801,0.48487179487179477
0.43896103895875865,0.6588921282779624,0.5137179487179486
0.43376623376398044,0.6618075801729977,0.5053846153846154
0.44155844155614776,0.6574344023304448,0.5267948717948718
0.4311688311665914,0.6399416909602335,0.5665384615384615
0.4285714285692023,0.641399416907751,0.5729487179487179
0.7740259740219532,0.5014577259460599,0.3814102564102564
0.7506493506454512,0.5116618075786832,0.23076923076923078
0.771428571424564,0.4999999999985423,0.2916666666666667
0.7662337662297859,0.5029154518935776,0.3717948717948718
0.446753246750926,0.6676384839630681,0.6346153846153846
0.44415584415353687,0.6661807580155505,0.5274358974358975
0.4285714285692023,0.6749271137006562,0.4578205128205127
0.4103896103874785,0.641399416907751,0.5165384615384616
0.43896103895875865,0.6690962099105857,0.5037179487179488
0.43376623376398044,0.672011661805621,0.48038461538461535
0.44155844155614776,0.6705539358581034,0.4855128205128206
0.4025974025953112,0.6428571428552686,0.4962820512820512
0.43636363636136954,0.6734693877531386,0.47461538461538455
0.4311688311665914,0.6763848396481739,0.45692307692307693
0.42597402597181316,0.679300291543209,0.44871794871794873
0.4051948051927003,0.6443148688027863,0.4358974358974359
0.3844155844135875,0.5481049562666236,0.5705128205128205
0.472727272724817,0.5976676384822226,0.7371794871794872
0.3948051948031439,0.565597667636835,0.532051282051282
0.41818181817964584,0.5787172011644935,0.5426923076923077
0.4519480519457042,0.5860058309020816,0.6666666666666666
0.5350649350621556,0.6326530612226453,0.6282051282051282
0.42337662337442405,0.5699708454793878,0.6442307692307693
0.52207792207521,0.6370262390651982,0.5833333333333334
0.4103896103874785,0.5626822157417998,0.5683333333333334
0.446753246750926,0.5830903790070464,0.645
0.49870129869870805,0.6239067055375397,0.7038461538461539
0.4311688311665914,0.5743440233219407,0.6532051282051282
0.5116883116856535,0.6195335276949868,0.6832051282051282
0.3506493506475291,0.5408163265290356,0.23076923076923078
0.4935064935039299,0.6093294460623635,0.7307692307692307
0.4909090909065408,0.6078717201148459,0.7307692307692307
0.4493506493483151,0.584548104954564,0.5983333333333334
0.44155844155614776,0.5918367346921521,0.6358974358974359
0.36623376623186377,0.5379008746340003,0.6196153846153846
0.43376623376398044,0.5874635568495993,0.6683333333333332
0.36103896103708555,0.5349854227389651,0.6185897435897436
0.4285714285692023,0.5728862973744231,0.6324358974358975
0.43896103895875865,0.5903790087446344,0.6153846153846154
0.3454545454527509,0.5262390670538594,0.6602564102564102
0.44415584415353687,0.5816326530595288,0.685
0.5038961038934863,0.6268221574325749,0.6844871794871795
0.5012987012960972,0.6253644314850573,0.7162820512820514
0.48571428571176256,0.6049562682198106,0.7123076923076923
0.4155844155822567,0.577259475216976,0.6324358974358975
0.5272727272699882,0.6282798833800926,0.6025641025641025
0.42077922077703495,0.5801749271120111,0.5961538461538461
0.42597402597181316,0.5714285714269055,0.6708974358974359
0.48311688311437345,0.615160349852434,0.6624358974358975
0.5064935064908754,0.6166180757999515,0.7307692307692307
0.49610389610131894,0.622448979590022,0.657051282051282
0.4051948051927003,0.5597667638467645,0.6111538461538462
0.5090909090882645,0.6180758017474692,0.6624358974358975
0.4571428571404824,0.6005830903772578,0.6666666666666666
0.48831168830915167,0.6064139941673282,0.6762820512820513
0.36363636363447466,0.5364431486864827,0.623974358974359
0.5298701298673774,0.6297376093276101,0.6324358974358975
0.43636363636136954,0.5889212827971169,0.632948717948718
0.5142857142830427,0.6209912536425044,0.6829487179487179
0.47792207791959523,0.6122448979573987,0.6987179487179487
0.48051948051698434,0.6137026239049164,0.6217948717948718
0.30129870129713615,0.7886297376070303,0.27564102564102566
0.48051948051698434,0.7419825072864665,0.3076923076923077
0.43636363636136954,0.8104956268197945,0.4551282051282051
0.3999999999979221,0.584548104954564,0.6410256410256411
0.4025974025953112,0.5889212827971169,0.6730769230769231
0.3896103896083657,0.5787172011644935,0.5683333333333334
0.3532467532449182,0.5116618075786832,0.41025641025641024
0.37142857142664193,0.5714285714269055,0.6153846153846154
0.5246753246725991,0.6078717201148459,0.6324358974358975
0.37662337662142015,0.5743440233219407,0.5641025641025641
0.4285714285692023,0.5568513119517293,0.6442307692307693
0.4935064935039299,0.6370262390651982,0.6452564102564102
0.48831168830915167,0.634110787170163,0.6153846153846154
0.46233766233526064,0.6195335276949868,0.6538461538461539
0.4545454545430933,0.6180758017474692,0.5961538461538461
0.5168831168804318,0.6064139941673282,0.7137179487179487
0.48571428571176256,0.6355685131176806,0.6602564102564102
0.4675324675300388,0.622448979590022,0.6591025641025641
0.472727272724817,0.6253644314850573,0.6410256410256411
0.42597402597181316,0.5524781341091765,0.6057692307692307
0.4701298701274279,0.6268221574325749,0.6482051282051282
0.5194805194778209,0.6049562682198106,0.7307692307692307
0.47792207791959523,0.6282798833800926,0.7076923076923077
0.5142857142830427,0.6020408163247755,0.7743589743589744
0.446753246750926,0.5641399416893174,0.6917948717948718
0.49870129869870805,0.5932944606396697,0.7008974358974359
0.5012987012960972,0.5976676384822226,0.7355128205128205
0.5064935064908754,0.6005830903772578,0.756025641025641
0.6597402597368326,0.7303206997063256,0.3717948717948718
0.43376623376398044,0.5597667638467645,0.6805128205128205
0.5038961038934863,0.5962099125347049,0.7120512820512821
0.44415584415353687,0.565597667636835,0.660128205128205
0.4753246753222061,0.6297376093276101,0.7192307692307691
0.4077922077900894,0.5918367346921521,0.6185897435897436
0.4597402597378715,0.6209912536425044,0.6526923076923077
0.5090909090882645,0.5991253644297402,0.7348717948717948
0.4571428571404824,0.6166180757999515,0.6067948717948718
0.43636363636136954,0.5583090378992469,0.6456410256410257
0.4649350649326497,0.6239067055375397,0.6398717948717948
0.4493506493483151,0.5685131195318702,0.7076923076923077
0.44155844155614776,0.5612244897942822,0.6961538461538461
0.4311688311665914,0.5553935860042117,0.6514102564102564
0.3428571428553618,0.5058309037886127,0.5128205128205128
0.5116883116856535,0.603498542272293,0.757948717948718
0.48311688311437345,0.6311953352751277,0.6980769230769232
0.42337662337442405,0.553935860056694,0.657051282051282
0.4909090909065408,0.6384839650127158,0.6153846153846154
0.49610389610131894,0.5947521865871873,0.7115384615384616
0.41818181817964584,0.5510204081616589,0.6516666666666666
0.42077922077703495,0.5495626822141413,0.6698717948717948
0.4129870129848676,0.5481049562666236,0.6506410256410257
0.48051948051698434,0.6326530612226453,0.6538461538461539
0.3922077922057548,0.5830903790070464,0.5961538461538461
0.3350649350631945,0.5043731778410951,0.3974358974358974
0.43896103895875865,0.5626822157417998,0.6098717948717948
0.5350649350621556,0.6137026239049164,0.6185897435897436
0.5688311688282139,0.5408163265290356,0.5641025641025641
0.5584415584386575,0.5349854227389651,0.617948717948718
0.571428571425603,0.5422740524765531,0.6153846153846154
0.6545454545420544,0.49562682215598947,0.46794871794871795
0.5558441558412683,0.5335276967914474,0.6756410256410257
0.5532467532438793,0.5320699708439298,0.717948717948718
0.5844155844125485,0.5029154518935776,0.6410256410256411
0.5480519480491011,0.5291545189488946,0.6762820512820513
0.5636363636334357,0.5379008746340003,0.6132051282051282
0.5506493506464901,0.5306122448964122,0.7
0.6155844155812178,0.5204081632637889,0.6025641025641025
0.5376623376595446,0.5233236151588242,0.6574358974358975
0.6129870129838286,0.5189504373162713,0.6452564102564102
0.6051948051916614,0.5145772594737185,0.6358974358974359
0.6025974025942723,0.5131195335262009,0.5705128205128205
0.6103896103864396,0.5174927113687536,0.5915384615384616
0.5402597402569338,0.5247813411063418,0.6656410256410257
0.6181818181786068,0.5218658892113065,0.6723076923076923
0.5818181818151594,0.5014577259460599,0.517051282051282
0.5792207792177703,0.4999999999985423,0.623974358974359
0.5454545454517119,0.527696793001377,0.6807692307692307
0.5922077922047159,0.5072886297361303,0.6025641025641025
0.5428571428543228,0.5262390670538594,0.6828205128205129
0.6077922077890504,0.516034985421236,0.6051282051282052
0.5610389610360466,0.5364431486864827,0.7051282051282052
0.5896103896073267,0.5058309037886127,0.7115384615384616
0.5662337662308248,0.539358600581518,0.6111538461538462
0.5948051948021049,0.508746355683648,0.6057692307692307
0.5974025973994941,0.5102040816311656,0.6153846153846154
0.6337662337629415,0.4839650145758485,0.4230769230769231
0.43636363636136954,0.7346938775488785,0.3685897435897436
0.4285714285692023,0.7536443148666074,0.4230769230769231
0.43376623376398044,0.7332361516013608,0.41025641025641024
0.4311688311665914,0.7551020408141251,0.41025641025641024
0.43896103895875865,0.7361516034963961,0.4166666666666667
0.9999999999948053,0.5524781341091765,0.20512820512820512
0.2935064935049688,0.7215743440212199,0.44871794871794873
0.5584415584386575,0.47959183673329564,0.5234615384615384
0.5402597402569338,0.4927113702609542,0.5935897435897436
0.5480519480491011,0.49708454810350705,0.5811538461538461
0.3064935064919143,0.728862973758808,0.4198717948717949
0.30129870129713615,0.7317784256538432,0.4480769230769231
0.6805194805159454,0.5189504373162713,0.42179487179487185
0.6623376623342216,0.5145772594737185,0.5055128205128206
0.3038961038945252,0.7274052478112903,0.4333333333333333
0.6259740259707742,0.5349854227389651,0.6116666666666666
0.6675324675289999,0.5116618075786832,0.5007692307692307
0.6753246753211671,0.5218658892113065,0.4175641025641025
0.6285714285681633,0.5364431486864827,0.6384615384615384
0.69610389610028,0.5102040816311656,0.4375641025641025
0.670129870126389,0.5131195335262009,0.5
0.6649350649316108,0.516034985421236,0.5056410256410256
0.6857142857107236,0.5043731778410951,0.4193589743589743
0.6831168831133345,0.5029154518935776,0.4358974358974359
0.6987012986976692,0.5058309037886127,0.5
0.693506493502891,0.508746355683648,0.4591025641025641
0.6779220779185563,0.5174927113687536,0.4143589743589743
0.5610389610360466,0.4810495626808133,0.555128205128205
0.5454545454517119,0.48979591836591896,0.517051282051282
0.5506493506464901,0.4985422740510247,0.6124358974358974
0.7012987012950582,0.5072886297361303,0.44961538461538453
0.5558441558412683,0.49562682215598947,0.6065384615384616
0.5376623376595446,0.4912536443134366,0.5042307692307693
0.6883116883081127,0.4999999999985423,0.3173076923076923
0.5428571428543228,0.4883381924184014,0.5803846153846154
0.620779220775996,0.5379008746340003,0.6043589743589743
0.6727272727237781,0.5204081632637889,0.4935897435897436
0.5532467532438793,0.4941690962084718,0.6096153846153846
0.29870129869974704,0.7303206997063256,0.40128205128205124
0.2909090909075797,0.7259475218637728,0.40115384615384625
0.6233766233733851,0.539358600581518,0.5416666666666666
0.6909090909055018,0.5014577259460599,0.36217948717948717
0.42597402597181316,0.6166180757999515,0.592948717948718
0.46233766233526064,0.5553935860042117,0.6858974358974359
0.47792207791959523,0.5641399416893174,0.7008974358974359
0.49870129869870805,0.5758017492694584,0.6432051282051282
0.3844155844135875,0.5932944606396697,0.5923076923076923
0.42077922077703495,0.6253644314850573,0.5897435897435898
0.41818181817964584,0.6268221574325749,0.6089743589743589
0.38181818181619837,0.5947521865871873,0.6560256410256411
0.3428571428553618,0.4766763848382604,0.44871794871794873
0.3896103896083657,0.5962099125347049,0.6282051282051282
0.5038961038934863,0.5787172011644935,0.6410256410256411
0.3246753246736381,0.4693877551006724,0.45294871794871794
0.4285714285692023,0.6209912536425044,0.5933333333333334
0.44415584415353687,0.6297376093276101,0.5755128205128205
0.4675324675300388,0.546647230319106,0.6474358974358975
0.3870129870109766,0.5976676384822226,0.6144871794871796
0.5246753246725991,0.5903790087446344,0.7051282051282052
0.4311688311665914,0.6195335276949868,0.5664102564102566
0.44155844155614776,0.6370262390651982,0.5524358974358975
0.37142857142664193,0.6005830903772578,0.5664102564102566
0.43896103895875865,0.6384839650127158,0.5565384615384615
0.5324675324647664,0.5860058309020816,0.5384615384615384
0.446753246750926,0.6282798833800926,0.5884615384615385
0.43636363636136954,0.634110787170163,0.5530769230769231
0.37922077921880926,0.6020408163247755,0.6032051282051282
0.3272727272710272,0.46793002915315474,0.5256410256410257
0.37402597402403104,0.5991253644297402,0.5884615384615385
0.43376623376398044,0.6355685131176806,0.5483333333333332
0.4025974025953112,0.6064139941673282,0.5085897435897436
0.48831168830915167,0.5583090378992469,0.7265384615384616
0.4701298701274279,0.5510204081616589,0.717948717948718
0.5168831168804318,0.5889212827971169,0.6410256410256411
0.52207792207521,0.5918367346921521,0.6938461538461539
0.42337662337442405,0.6180758017474692,0.6410256410256411
0.4649350649326497,0.5481049562666236,0.6746153846153847
0.5272727272699882,0.5830903790070464,0.7435897435897436
0.5012987012960972,0.5801749271120111,0.6560256410256411
0.5194805194778209,0.5874635568495993,0.6624358974358975
0.472727272724817,0.5495626822141413,0.735897435897436
0.4051948051927003,0.6049562682198106,0.5
0.4909090909065408,0.5626822157417998,0.7019230769230769
0.48571428571176256,0.5597667638467645,0.7628205128205128
0.4519480519457042,0.6311953352751277,0.6444871794871795
0.4493506493483151,0.6326530612226453,0.6555128205128204
0.37662337662142015,0.603498542272293,0.5897435897435898
0.5766233766203812,0.5014577259460599,0.717948717948718
0.5948051948021049,0.5349854227389651,0.5512820512820513
0.5428571428543228,0.5174927113687536,0.6510256410256411
0.5584415584386575,0.508746355683648,0.6196153846153846
0.5999999999968831,0.5320699708439298,0.6858974358974359
0.5558441558412683,0.5131195335262009,0.6314102564102564
0.5454545454517119,0.5189504373162713,0.6730769230769231
0.6103896103864396,0.5262390670538594,0.626923076923077
0.5532467532438793,0.5116618075786832,0.6107692307692307
0.6051948051916614,0.5291545189488946,0.6146153846153846
0.6077922077890504,0.5306122448964122,0.642051282051282
0.5688311688282139,0.5029154518935776,0.3867948717948718
0.6025974025942723,0.5335276967914474,0.655
0.5506493506464901,0.516034985421236,0.6503846153846154
0.571428571425603,0.5043731778410951,0.7115384615384616
0.6129870129838286,0.527696793001377,0.6121794871794872
0.5402597402569338,0.5218658892113065,0.6498717948717948
0.5610389610360466,0.5102040816311656,0.6267948717948718
0.24935064934935403,0.7317784256538432,0.3076923076923077
0.6155844155812178,0.5233236151588242,0.6185897435897436
0.5376623376595446,0.5204081632637889,0.6621794871794873
0.6181818181786068,0.5247813411063418,0.6114102564102564
0.5480519480491011,0.5145772594737185,0.6356410256410256
0.5662337662308248,0.5072886297361303,0.6397435897435898
0.5740259740229922,0.4999999999985423,0.5961538461538461
0.670129870126389,0.49562682215598947,0.46474358974358976
0.5636363636334357,0.5058309037886127,0.5865384615384616
0.5532467532438793,0.6107871720098811,0.6346153846153846
0.5376623376595446,0.6078717201148459,0.617948717948718
0.5480519480491011,0.6137026239049164,0.6752564102564103
0.3844155844135875,0.7084548104935614,0.46153846153846156
0.3896103896083657,0.7055393585985261,0.391025641025641
0.43896103895875865,0.709912536441079,0.4533333333333333
0.44155844155614776,0.7113702623885966,0.4382051282051283
0.4285714285692023,0.7274052478112903,0.41025641025641024
0.4311688311665914,0.728862973758808,0.46474358974358976
0.43376623376398044,0.7128279883361143,0.40384615384615385
0.43636363636136954,0.7142857142836319,0.39961538461538465
0.5558441558412683,0.6122448979573987,0.4423076923076923
0.47792207791959523,0.6443148688027863,0.5897435897435898
0.5506493506464901,0.615160349852434,0.5737179487179487
0.4753246753222061,0.6428571428552686,0.5923076923076923
0.48311688311437345,0.641399416907751,0.5615384615384615
0.5792207792177703,0.6311953352751277,0.41025641025641024
0.5402597402569338,0.6093294460623635,0.6333333333333334
0.29870129869974704,0.7798833819219245,0.32371794871794873
0.3532467532449182,0.5743440233219407,0.47435897435897434
0.5090909090882645,0.4985422740510247,0.6826923076923077
0.5298701298673774,0.48688046647088373,0.5576923076923077
0.3844155844135875,0.5218658892113065,0.6067948717948718
0.37662337662142015,0.5116618075786832,0.48717948717948717
0.5350649350621556,0.4839650145758485,0.517051282051282
0.4077922077900894,0.5058309037886127,0.6602564102564102
0.3896103896083657,0.5189504373162713,0.6217948717948718
0.36363636363447466,0.5801749271120111,0.5256410256410257
0.38181818181619837,0.5204081632637889,0.5983333333333334
0.42337662337442405,0.5437317784240707,0.6717948717948719
0.44155844155614776,0.5247813411063418,0.6191025641025641
0.35844155843969644,0.5714285714269055,0.5256410256410257
0.3688311688292528,0.577259475216976,0.5475641025641025
0.3870129870109766,0.5174927113687536,0.3119230769230769
0.43636363636136954,0.527696793001377,0.6452564102564102
0.4155844155822567,0.539358600581518,0.6143589743589744
0.41818181817964584,0.5349854227389651,0.6097435897435898
0.4103896103874785,0.5072886297361303,0.6153846153846154
0.42597402597181316,0.5451895043715884,0.6132051282051282
0.3999999999979221,0.5014577259460599,0.6132051282051282
0.5272727272699882,0.48542274052336615,0.5705128205128205
0.4129870129848676,0.5379008746340003,0.6256410256410256
0.43376623376398044,0.5262390670538594,0.6743589743589743
0.446753246750926,0.5335276967914474,0.6461538461538462
0.4311688311665914,0.5422740524765531,0.6073076923076923
0.42077922077703495,0.5364431486864827,0.625
0.4519480519457042,0.5306122448964122,0.6473076923076923
0.44415584415353687,0.5320699708439298,0.6553846153846155
0.3428571428553618,0.5918367346921521,0.4166666666666667
0.43896103895875865,0.5233236151588242,0.635
0.36103896103708555,0.5787172011644935,0.4974358974358974
0.4493506493483151,0.5291545189488946,0.6560256410256411
0.4285714285692023,0.5408163265290356,0.6533333333333332
0.4025974025953112,0.508746355683648,0.6161538461538462
0.3506493506475291,0.5728862973744231,0.5128205128205128
0.3948051948031439,0.5043731778410951,0.5961538461538461
0.4051948051927003,0.5102040816311656,0.6065384615384616
0.3402597402579727,0.5903790087446344,0.3782051282051282
0.34805194805014,0.5889212827971169,0.6025641025641025
0.37922077921880926,0.5131195335262009,0.46794871794871795
0.3506493506475291,0.7448979591815018,0.1987179487179487
0.3428571428553618,0.740524781338949,0.40038461538461545
0.33766233766058357,0.7376093294439137,0.38461538461538464
0.36103896103708555,0.7507288629715723,0.41025641025641024
0.3298701298684163,0.7332361516013608,0.40628205128205125
0.3350649350631945,0.7361516034963961,0.40384615384615385
0.34805194805014,0.7434402332339841,0.5
0.35584415584230733,0.747813411076537,0.48717948717948717
0.3402597402579727,0.7390670553914314,0.40923076923076923
0.3454545454527509,0.7419825072864665,0.41282051282051285
0.3324675324658054,0.7346938775488785,0.3919230769230768
0.31948051947885986,0.7740524781318541,0.28205128205128205
0.31428571428408164,0.8323615160325587,0.358974358974359
0.31948051947885986,0.7215743440212199,0.376025641025641
0.5402597402569338,0.4839650145758485,0.4449999999999999
0.5506493506464901,0.47813411078577805,0.5576923076923077
0.5584415584386575,0.4941690962084718,0.5278205128205128
0.5740259740229922,0.4912536443134366,0.5641025641025641
0.6727272727237781,0.4999999999985423,0.48717948717948717
0.6337662337629415,0.5247813411063418,0.5576923076923077
0.32207792207624897,0.7230320699687376,0.4524358974358975
0.31428571428408164,0.7303206997063256,0.41217948717948727
0.693506493502891,0.5116618075786832,0.4362820512820513
0.3272727272710272,0.7259475218637728,0.39961538461538465
0.6909090909055018,0.5218658892113065,0.38782051282051283
0.5532467532438793,0.47959183673329564,0.5160256410256411
0.6831168831133345,0.5174927113687536,0.41551282051282046
0.5662337662308248,0.4985422740510247,0.6955128205128205
0.31168831168669253,0.728862973758808,0.41205128205128205
0.6987012986976692,0.5145772594737185,0.4321794871794871
0.3246753246736381,0.7244897959162552,0.4470512820512821
0.69610389610028,0.5131195335262009,0.42974358974358967
0.31688311688147075,0.7317784256538432,0.4279487179487179
0.6805194805159454,0.5043731778410951,0.4780769230769232
0.6649350649316108,0.5072886297361303,0.5025641025641026
0.5636363636334357,0.49708454810350705,0.6008974358974359
0.5376623376595446,0.4825072886283309,0.5298717948717948
0.5558441558412683,0.4810495626808133,0.48717948717948717
0.7012987012950582,0.516034985421236,0.40935897435897445
0.6259740259707742,0.5320699708439298,0.6447435897435898
0.6883116883081127,0.5204081632637889,0.3175641025641025
0.620779220775996,0.5291545189488946,0.6426923076923077
0.5428571428543228,0.48542274052336615,0.5470512820512821
0.5610389610360466,0.49562682215598947,0.5384615384615384
0.6675324675289999,0.508746355683648,0.4983333333333334
0.6779220779185563,0.5029154518935776,0.4519230769230769
0.3090909090893034,0.7274052478112903,0.4051282051282051
0.6857142857107236,0.5189504373162713,0.35435897435897434
0.6285714285681633,0.5335276967914474,0.6244871794871794
0.5454545454517119,0.48688046647088373,0.537051282051282
0.670129870126389,0.5102040816311656,0.5361538461538461
0.6233766233733851,0.5306122448964122,0.613974358974359
0.5480519480491011,0.4766763848382604,0.4935897435897436
0.4935064935039299,0.6428571428552686,0.6051282051282052
0.48831168830915167,0.6399416909602335,0.5352564102564102
0.37922077921880926,0.7069970845460437,0.42948717948717946
0.37662337662142015,0.7084548104935614,0.40705128205128205
0.4311688311665914,0.7244897959162552,0.3358974358974359
0.5376623376595446,0.6122448979573987,0.6367948717948718
0.44155844155614776,0.7186588921261847,0.4593589743589743
0.43376623376398044,0.717201166178667,0.3966666666666666
0.43636363636136954,0.7157434402311494,0.4319230769230769
0.43896103895875865,0.7201166180737023,0.4276923076923077
0.41818181817964584,0.7317784256538432,0.2906410256410257
0.4285714285692023,0.7259475218637728,0.42948717948717946
0.42597402597181316,0.7215743440212199,0.3932051282051282
0.5454545454517119,0.6137026239049164,0.5726923076923077
0.5428571428543228,0.615160349852434,0.6121794871794872
0.5402597402569338,0.6107871720098811,0.6730769230769231
0.5532467532438793,0.4883381924184014,0.5384615384615384
0.6363636363603307,0.5349854227389651,0.6217948717948718
0.5636363636334357,0.4825072886283309,0.4935897435897436
0.2935064935049688,0.7274052478112903,0.391025641025641
0.6805194805159454,0.5131195335262009,0.46499999999999997
0.620779220775996,0.5437317784240707,0.46153846153846156
0.6857142857107236,0.5102040816311656,0.4558974358974359
0.693506493502891,0.5029154518935776,0.4893589743589744
0.5376623376595446,0.49708454810350705,0.5776923076923077
0.5454545454517119,0.49562682215598947,0.58
0.29870129869974704,0.7244897959162552,0.40846153846153843
0.29610389610235793,0.728862973758808,0.41346153846153844
0.5506493506464901,0.4927113702609542,0.5865384615384616
0.6779220779185563,0.5116618075786832,0.48051282051282057
0.6675324675289999,0.5174927113687536,0.4914102564102564
0.6753246753211671,0.516034985421236,0.4503846153846153
0.6597402597368326,0.5247813411063418,0.34615384615384615
0.670129870126389,0.5189504373162713,0.4601282051282051
0.3064935064919143,0.7230320699687376,0.44448717948717953
0.5402597402569338,0.4985422740510247,0.6114102564102564
0.6285714285681633,0.5422740524765531,0.5983333333333334
0.6311688311655524,0.5379008746340003,0.5544871794871795
0.6727272727237781,0.5145772594737185,0.46615384615384614
0.571428571425603,0.4810495626808133,0.6794871794871795
0.6259740259707742,0.5408163265290356,0.6282051282051282
0.5662337662308248,0.4839650145758485,0.4551282051282051
0.6831168831133345,0.508746355683648,0.4534615384615385
0.5584415584386575,0.48542274052336615,0.5726923076923077
0.6883116883081127,0.5058309037886127,0.3534615384615384
0.69610389610028,0.5043731778410951,0.4935897435897436
0.7012987012950582,0.5014577259460599,0.3974358974358974
0.6909090909055018,0.5072886297361303,0.45576923076923076
0.2883116883101906,0.7303206997063256,0.3141025641025641
0.2909090909075797,0.7317784256538432,0.3883333333333334
0.5480519480491011,0.4912536443134366,0.47089743589743593
0.6649350649316108,0.5218658892113065,0.40384615384615385
0.6337662337629415,0.539358600581518,0.5641025641025641
0.5610389610360466,0.48688046647088373,0.5641025641025641
0.30129870129713615,0.7259475218637728,0.4243589743589743
0.5428571428543228,0.4941690962084718,0.555128205128205
0.33766233766058357,0.5962099125347049,0.4230769230769231
0.49870129869870805,0.4999999999985423,0.8076923076923077
0.4025974025953112,0.49562682215598947,0.5705128205128205
0.37142857142664193,0.47813411078577805,0.4230769230769231
0.4909090909065408,0.5451895043715884,0.6346153846153846
0.5038961038934863,0.5029154518935776,0.6794871794871795
0.5194805194778209,0.5116618075786832,0.7051282051282052
0.5142857142830427,0.508746355683648,0.7398717948717948
0.48311688311437345,0.5379008746340003,0.7073076923076923
0.5272727272699882,0.5189504373162713,0.7174358974358973
0.52207792207521,0.516034985421236,0.6657692307692309
0.47792207791959523,0.5349854227389651,0.6930769230769231
0.43636363636136954,0.4650145772581195,0.6346153846153846
0.4701298701274279,0.5335276967914474,0.7203846153846154
0.472727272724817,0.5320699708439298,0.7174358974358973
0.4753246753222061,0.5364431486864827,0.6058974358974359
0.46233766233526064,0.5262390670538594,0.6910256410256411
0.5168831168804318,0.5131195335262009,0.6992307692307693
0.4545454545430933,0.5247813411063418,0.665
0.5324675324647664,0.5218658892113065,0.6930769230769231
0.5116883116856535,0.5102040816311656,0.7130769230769232
0.4597402597378715,0.527696793001377,0.6944871794871795
0.48051948051698434,0.539358600581518,0.6778205128205129
0.4649350649326497,0.5306122448964122,0.7002564102564103
0.5350649350621556,0.5204081632637889,0.7043589743589743
0.5298701298673774,0.5174927113687536,0.6910256410256411
0.4675324675300388,0.5291545189488946,0.699871794871795
0.4935064935039299,0.5437317784240707,0.5448717948717948
0.48571428571176256,0.5422740524765531,0.6996153846153845
0.48831168830915167,0.5408163265290356,0.6217948717948718
0.5064935064908754,0.5072886297361303,0.717948717948718
0.4571428571404824,0.5233236151588242,0.6708974358974359
0.3688311688292528,0.6137026239049164,0.617948717948718
0.36363636363447466,0.6107871720098811,0.5855128205128205
0.36623376623186377,0.615160349852434,0.6089743589743589
0.43376623376398044,0.4664723032056371,0.5512820512820513
0.5090909090882645,0.5058309037886127,0.6346153846153846
0.4051948051927003,0.4941690962084718,0.6217948717948718
0.5246753246725991,0.5145772594737185,0.7107692307692307
0.29610389610235793,0.6195335276949868,0.4935897435897436
0.446753246750926,0.747813411076537,0.3782051282051282
0.4285714285692023,0.7346938775488785,0.4957692307692308
0.42597402597181316,0.7361516034963961,0.358974358974359
0.44155844155614776,0.7507288629715723,0.2564102564102564
0.4311688311665914,0.7332361516013608,0.49038461538461536
0.43896103895875865,0.7521865889190898,0.4423076923076923
0.48831168830915167,0.7448979591815018,0.25
0.4675324675300388,0.7682215743417836,0.21371794871794875
0.31428571428408164,0.8221574343999354,0.21794871794871795
0.2649350649336887,0.7332361516013608,0.3141025641025641
0.31168831168669253,0.8236151603474531,0.33192307692307693
0.3090909090893034,0.8250728862949707,0.3341025641025641
0.26233766233629957,0.7346938775488785,0.34615384615384615
0.5584415584386575,0.5364431486864827,0.7102564102564103
0.5818181818151594,0.4999999999985423,0.6794871794871795
0.5688311688282139,0.5422740524765531,0.6858974358974359
0.5636363636334357,0.539358600581518,0.7307692307692307
0.6493506493472762,0.4912536443134366,0.3525641025641026
0.5974025973994941,0.508746355683648,0.7115384615384616
0.5428571428543228,0.527696793001377,0.7096153846153845
0.5662337662308248,0.5379008746340003,0.5214102564102564
0.5948051948021049,0.5102040816311656,0.6217948717948718
0.5376623376595446,0.5247813411063418,0.6885897435897436
0.5999999999968831,0.5131195335262009,0.5897435897435898
0.5896103896073267,0.5072886297361303,0.6858974358974359
0.6129870129838286,0.5174927113687536,0.625
0.6077922077890504,0.5145772594737185,0.6474358974358975
0.6103896103864396,0.5189504373162713,0.5769230769230769
0.6155844155812178,0.5218658892113065,0.6516666666666666
0.5402597402569338,0.5233236151588242,0.6778205128205129
0.6051948051916614,0.516034985421236,0.6043589743589743
0.5454545454517119,0.5262390670538594,0.6803846153846153
0.5506493506464901,0.5291545189488946,0.6885897435897436
0.5480519480491011,0.5306122448964122,0.6993589743589743
0.6389610389577197,0.48542274052336615,0.4358974358974359
0.5558441558412683,0.5320699708439298,0.7093589743589743
0.5610389610360466,0.5349854227389651,0.6489743589743591
0.5532467532438793,0.5335276967914474,0.7256410256410256
0.4493506493483151,0.615160349852434,0.6256410256410256
0.48831168830915167,0.5874635568495993,0.6171794871794872
0.472727272724817,0.5787172011644935,0.6858974358974359
0.4649350649326497,0.577259475216976,0.6880769230769231
0.48311688311437345,0.584548104954564,0.5448717948717948
0.36623376623186377,0.47521865889074283,0.358974358974359
0.4519480519457042,0.6137026239049164,0.6025641025641025
0.3506493506475291,0.4664723032056371,0.34615384615384615
0.446753246750926,0.6107871720098811,0.631923076923077
0.42077922077703495,0.5962099125347049,0.622051282051282
0.41818181817964584,0.5976676384822226,0.6355128205128204
0.46233766233526064,0.5728862973744231,0.5897435897435898
0.44415584415353687,0.6122448979573987,0.6137179487179488
0.4129870129848676,0.5947521865871873,0.5965384615384616
0.4285714285692023,0.603498542272293,0.5915384615384616
0.44155844155614776,0.6078717201148459,0.6384615384615384
0.4935064935039299,0.5903790087446344,0.6810256410256411
0.43636363636136954,0.6049562682198106,0.5702564102564103
0.4311688311665914,0.6020408163247755,0.6292307692307693
0.42337662337442405,0.6005830903772578,0.6307692307692309
0.4155844155822567,0.5932944606396697,0.6253846153846154
0.43376623376398044,0.6064139941673282,0.5961538461538461
0.43896103895875865,0.6093294460623635,0.6287179487179488
0.4753246753222061,0.5830903790070464,0.7211538461538461
0.35844155843969644,0.46793002915315474,0.46153846153846156
0.36103896103708555,0.4723032069957076,0.38461538461538464
0.37142857142664193,0.6180758017474692,0.623974358974359
0.37402597402403104,0.6166180757999515,0.6923076923076923
0.42597402597181316,0.5991253644297402,0.5811538461538461
0.48051948051698434,0.5860058309020816,0.6410256410256411
0.35584415584230733,0.4693877551006724,0.4423076923076923
0.4545454545430933,0.5714285714269055,0.6602564102564102
0.32207792207624897,0.7376093294439137,0.3671794871794872
0.31948051947885986,0.7361516034963961,0.371025641025641
0.30129870129713615,0.7492711370240547,0.3782051282051282
0.3246753246736381,0.7332361516013608,0.40525641025641024
0.3272727272710272,0.7346938775488785,0.36692307692307696
0.3350649350631945,0.7740524781318541,0.1858974358974359
0.31428571428408164,0.7390670553914314,0.4560256410256409
0.31688311688147075,0.740524781338949,0.4641025641025641
0.48311688311437345,0.6428571428552686,0.5641025641025641
0.5428571428543228,0.6093294460623635,0.6666666666666666
0.5532467532438793,0.615160349852434,0.532051282051282
0.4311688311665914,0.7303206997063256,0.4307692307692307
0.38181818181619837,0.7055393585985261,0.3333333333333333
0.42597402597181316,0.7274052478112903,0.40064102564102566
0.44155844155614776,0.7128279883361143,0.4191025641025641
0.43896103895875865,0.7142857142836319,0.4301282051282051
0.43636363636136954,0.709912536441079,0.40910256410256407
0.43376623376398044,0.7113702623885966,0.3784615384615384
0.41818181817964584,0.7259475218637728,0.26282051282051283
0.48051948051698434,0.6443148688027863,0.4551282051282051
0.4285714285692023,0.7317784256538432,0.358974358974359
0.5558441558412683,0.6137026239049164,0.517051282051282
0.5896103896073267,0.6355685131176806,0.36538461538461536
0.4753246753222061,0.641399416907751,0.625
0.2935064935049688,0.7419825072864665,0.4282051282051283
0.3402597402579727,0.7565597667616427,0.358974358974359
0.3038961038945252,0.7361516034963961,0.4074358974358975
0.3064935064919143,0.7376093294439137,0.4573076923076923
0.3454545454527509,0.7594752186566779,0.34192307692307694
0.2909090909075797,0.740524781338949,0.45641025641025634
0.29870129869974704,0.7332361516013608,0.4291025641025641
0.30129870129713615,0.7346938775488785,0.4214102564102565
0.2883116883101906,0.7390670553914314,0.4116666666666667
0.5376623376595446,0.47521865889074283,0.44871794871794873
0.6311688311655524,0.516034985421236,0.48717948717948717
0.6987012986976692,0.5247813411063418,0.4935897435897436
0.5818181818151594,0.49708454810350705,0.5833333333333334
0.5428571428543228,0.4723032069957076,0.5641025641025641
0.3350649350631945,0.728862973758808,0.4225641025641025
0.3298701298684163,0.7317784256538432,0.4139743589743591
0.6233766233733851,0.5204081632637889,0.7393589743589744
0.6571428571394434,0.5014577259460599,0.47435897435897434
0.7012987012950582,0.5233236151588242,0.19230769230769232
0.3428571428553618,0.7244897959162552,0.45871794871794874
0.6493506493472762,0.5058309037886127,0.5448717948717948
0.3324675324658054,0.7303206997063256,0.4276923076923077
0.3402597402579727,0.7259475218637728,0.4257692307692307
0.3532467532449182,0.7186588921261847,0.4166666666666667
0.6285714285681633,0.5174927113687536,0.6282051282051282
0.33766233766058357,0.7274052478112903,0.39564102564102566
0.6155844155812178,0.47813411078577805,0.5128205128205128
0.3454545454527509,0.7230320699687376,0.46474358974358976
0.35844155843969644,0.7157434402311494,0.34615384615384615
0.5896103896073267,0.4927113702609542,0.5641025641025641
0.5948051948021049,0.48979591836591896,0.4807692307692308
0.3506493506475291,0.7201166180737023,0.3974358974358974
0.5402597402569338,0.4737609329432252,0.47435897435897434
0.34805194805014,0.7215743440212199,0.4214102564102565
0.3922077922057548,0.7361516034963961,0.40064102564102566
0.3999999999979221,0.7346938775488785,0.3974358974358974
0.3948051948031439,0.7376093294439137,0.34615384615384615
0.42597402597181316,0.7784256559744069,0.4807692307692308
0.42337662337442405,0.7769679300268894,0.46153846153846156
0.3948051948031439,0.6326530612226453,0.6346153846153846
0.4753246753222061,0.584548104954564,0.6538461538461539
0.472727272724817,0.577259475216976,0.6858974358974359
0.42597402597181316,0.603498542272293,0.5352564102564102
0.4571428571404824,0.5743440233219407,0.6410256410256411
0.4077922077900894,0.634110787170163,0.6282051282051282
0.48311688311437345,0.5830903790070464,0.5641025641025641
0.48571428571176256,0.5903790087446344,0.6410256410256411
0.3506493506475291,0.46793002915315474,0.44871794871794873
0.4597402597378715,0.5699708454793878,0.6474358974358975
0.4519480519457042,0.6122448979573987,0.5692307692307693
0.42337662337442405,0.6020408163247755,0.6794871794871795
0.41818181817964584,0.5932944606396697,0.6125641025641025
0.4285714285692023,0.5991253644297402,0.5983333333333334
0.43896103895875865,0.6049562682198106,0.61
0.4155844155822567,0.5976676384822226,0.6135897435897436
0.43636363636136954,0.6093294460623635,0.6246153846153846
0.44155844155614776,0.6064139941673282,0.636923076923077
0.4311688311665914,0.6005830903772578,0.6035897435897436
0.3532467532449182,0.4693877551006724,0.41884615384615387
0.4129870129848676,0.5962099125347049,0.5903846153846154
0.44415584415353687,0.6137026239049164,0.616923076923077
0.42077922077703495,0.5947521865871873,0.6128205128205128
0.43376623376398044,0.6078717201148459,0.6175641025641025
0.37402597402403104,0.6209912536425044,0.6794871794871795
0.4493506493483151,0.6107871720098811,0.6384615384615384
0.446753246750926,0.615160349852434,0.6052564102564102
0.4025974025953112,0.6370262390651982,0.5384615384615384
0.5038961038934863,0.5481049562666236,0.7991025641025641
0.49870129869870805,0.5510204081616589,0.5448717948717948
0.3999999999979221,0.6297376093276101,0.6410256410256411
0.48831168830915167,0.5918367346921521,0.6089743589743589
0.3090909090893034,0.8396501457701468,0.3269230769230769
0.5168831168804318,0.5918367346921521,0.7275641025641025
0.3896103896083657,0.5932944606396697,0.5939743589743589
0.42597402597181316,0.6195335276949868,0.5842307692307691
0.48051948051698434,0.565597667636835,0.7435897435897436
0.4025974025953112,0.6093294460623635,0.592948717948718
0.5350649350621556,0.5816326530595288,0.6111538461538462
0.3870129870109766,0.5947521865871873,0.6303846153846154
0.48571428571176256,0.5626822157417998,0.7364102564102564
0.49870129869870805,0.5787172011644935,0.6816666666666666
0.5064935064908754,0.5743440233219407,0.5897435897435898
0.4493506493483151,0.6297376093276101,0.5937179487179487
0.44415584415353687,0.6326530612226453,0.5730769230769232
0.4701298701274279,0.5481049562666236,0.7282051282051282
0.34805194805014,0.4766763848382604,0.3525641025641026
0.37662337662142015,0.6005830903772578,0.6044871794871796
0.5246753246725991,0.5874635568495993,0.7692307692307693
0.37922077921880926,0.5991253644297402,0.6435897435897436
0.49610389610131894,0.5801749271120111,0.6974358974358975
0.43896103895875865,0.6355685131176806,0.5579487179487179
0.5194805194778209,0.5903790087446344,0.657051282051282
0.52207792207521,0.5889212827971169,0.717948717948718
0.37142857142664193,0.603498542272293,0.5433333333333332
0.37402597402403104,0.6020408163247755,0.5915384615384616
0.38181818181619837,0.5976676384822226,0.6428205128205128
0.44155844155614776,0.634110787170163,0.5552564102564103
0.446753246750926,0.6311953352751277,0.5921794871794871
0.4311688311665914,0.6166180757999515,0.5911538461538461
0.43376623376398044,0.6384839650127158,0.5592307692307693
0.4285714285692023,0.6180758017474692,0.5594871794871795
0.472727272724817,0.546647230319106,0.7532051282051282
0.4675324675300388,0.5495626822141413,0.7435897435897436
0.46233766233526064,0.5524781341091765,0.7243589743589743
0.5012987012960972,0.577259475216976,0.6602564102564102
0.4519480519457042,0.6282798833800926,0.602948717948718
0.43636363636136954,0.6370262390651982,0.5467948717948719
0.41818181817964584,0.6239067055375397,0.6067948717948718
0.29870129869974704,0.4577259475205314,0.532051282051282
0.4155844155822567,0.6253644314850573,0.6538461538461539
0.42337662337442405,0.6209912536425044,0.6624358974358975
0.42077922077703495,0.622448979590022,0.6367948717948718
0.5272727272699882,0.5860058309020816,0.7628205128205128
0.48831168830915167,0.5612244897942822,0.6615384615384615
0.4051948051927003,0.6078717201148459,0.6474358974358975
0.3844155844135875,0.5962099125347049,0.642948717948718
0.472727272724817,0.603498542272293,0.7862820512820513
0.4597402597378715,0.5962099125347049,0.5705128205128205
0.4571428571404824,0.5947521865871873,0.5576923076923077
0.3999999999979221,0.5626822157417998,0.6089743589743589
0.42337662337442405,0.5758017492694584,0.6452564102564102
0.38181818181619837,0.5524781341091765,0.6025641025641025
0.41818181817964584,0.5728862973744231,0.6121794871794872
0.4701298701274279,0.6020408163247755,0.8269230769230769
0.4675324675300388,0.6005830903772578,0.7115384615384616
0.4129870129848676,0.5699708454793878,0.6217948717948718
0.48571428571176256,0.6107871720098811,0.6965384615384616
0.42077922077703495,0.5743440233219407,0.6410256410256411
0.5116883116856535,0.6253644314850573,0.6758974358974359
0.3532467532449182,0.5364431486864827,0.5897435897435898
0.5194805194778209,0.6297376093276101,0.5988461538461538
0.43636363636136954,0.5830903790070464,0.6328205128205128
0.43896103895875865,0.584548104954564,0.6457692307692309
0.4051948051927003,0.565597667636835,0.5961538461538461
0.49870129869870805,0.6180758017474692,0.7321794871794872
0.36363636363447466,0.5422740524765531,0.6923076923076923
0.43376623376398044,0.5816326530595288,0.6719230769230768
0.48831168830915167,0.6122448979573987,0.735
0.44415584415353687,0.5874635568495993,0.6512820512820513
0.4311688311665914,0.5801749271120111,0.6578205128205129
0.3454545454527509,0.5320699708439298,0.6410256410256411
0.44155844155614776,0.5860058309020816,0.6407692307692309
0.35844155843969644,0.539358600581518,0.5641025641025641
0.5090909090882645,0.6239067055375397,0.699871794871795
0.4285714285692023,0.5787172011644935,0.6596153846153846
0.446753246750926,0.5889212827971169,0.6228205128205128
0.5142857142830427,0.6268221574325749,0.665
0.4909090909065408,0.6137026239049164,0.7147435897435898
0.3246753246736381,0.5204081632637889,0.4358974358974359
0.5168831168804318,0.6282798833800926,0.6771794871794871
0.48311688311437345,0.6093294460623635,0.5897435897435898
0.52207792207521,0.6311953352751277,0.6217948717948718
0.5246753246725991,0.6326530612226453,0.6346153846153846
0.49610389610131894,0.6166180757999515,0.7062820512820513
0.4025974025953112,0.5641399416893174,0.6282051282051282
0.4519480519457042,0.5918367346921521,0.5683333333333334
0.4935064935039299,0.615160349852434,0.7243589743589743
0.4493506493483151,0.5903790087446344,0.6132051282051282
0.5064935064908754,0.622448979590022,0.7126923076923077
0.5038961038934863,0.6209912536425044,0.6805128205128205
0.42597402597181316,0.577259475216976,0.6428205128205128
0.5012987012960972,0.6195335276949868,0.7442307692307691
0.3922077922057548,0.5583090378992469,0.6538461538461539
0.3402597402579727,0.7638483964992308,0.38461538461538464
0.2909090909075797,0.7332361516013608,0.39435897435897443
0.3038961038945252,0.7434402332339841,0.44551282051282054
0.3064935064919143,0.7419825072864665,0.4208974358974359
0.29610389610235793,0.7361516034963961,0.398974358974359
0.29870129869974704,0.740524781338949,0.46153846153846156
0.3428571428553618,0.7623906705517132,0.3162820512820513
0.2883116883101906,0.7346938775488785,0.3691025641025642
0.2935064935049688,0.7376093294439137,0.40653846153846146
0.30129870129713615,0.7390670553914314,0.4403846153846153
0.3506493506475291,0.7186588921261847,0.40602564102564104
0.5922077922047159,0.4927113702609542,0.6602564102564102
0.3350649350631945,0.7274052478112903,0.41205128205128205
0.6233766233733851,0.5218658892113065,0.6025641025641025
0.6987012986976692,0.5233236151588242,0.3000000000000001
0.5844155844125485,0.4941690962084718,0.6858974358974359
0.5376623376595446,0.4737609329432252,0.5051282051282052
0.6285714285681633,0.5189504373162713,0.6025641025641025
0.3298701298684163,0.7303206997063256,0.44961538461538453
0.3428571428553618,0.7259475218637728,0.46423076923076917
0.5818181818151594,0.4985422740510247,0.6282051282051282
0.620779220775996,0.5204081632637889,0.650128205128205
0.6259740259707742,0.5174927113687536,0.6282051282051282
0.3402597402579727,0.7244897959162552,0.4284615384615385
0.3454545454527509,0.7215743440212199,0.41025641025641024
0.3324675324658054,0.7317784256538432,0.4215384615384615
0.33766233766058357,0.728862973758808,0.4230769230769231
0.6597402597368326,0.5014577259460599,0.44871794871794873
0.5896103896073267,0.4912536443134366,0.6666666666666666
0.5948051948021049,0.4883381924184014,0.5064102564102564
0.5974025973994941,0.48979591836591896,0.4358974358974359
0.5402597402569338,0.47521865889074283,0.5025641025641026
0.6025974025942723,0.48688046647088373,0.4807692307692308
0.34805194805014,0.7230320699687376,0.4329487179487179
0.5454545454517119,0.4723032069957076,0.5085897435897436
0.6519480519446652,0.5029154518935776,0.5384615384615384
0.35844155843969644,0.5976676384822226,0.6442307692307693
0.5194805194778209,0.5014577259460599,0.7124358974358973
0.5168831168804318,0.4999999999985423,0.6602564102564102
0.4311688311665914,0.47521865889074283,0.5769230769230769
0.4701298701274279,0.5437317784240707,0.7628205128205128
0.46233766233526064,0.539358600581518,0.6880769230769231
0.3532467532449182,0.5947521865871873,0.5457692307692307
0.5298701298673774,0.5072886297361303,0.6503846153846154
0.5116883116856535,0.5204081632637889,0.6871794871794871
0.5012987012960972,0.5145772594737185,0.7065384615384616
0.4649350649326497,0.5408163265290356,0.7051282051282052
0.4753246753222061,0.5233236151588242,0.6794871794871795
0.3506493506475291,0.5932944606396697,0.5042307692307693
0.5142857142830427,0.5218658892113065,0.7079487179487179
0.5064935064908754,0.5174927113687536,0.7093589743589743
0.5324675324647664,0.508746355683648,0.6461538461538462
0.5272727272699882,0.5058309037886127,0.6173076923076923
0.36623376623186377,0.6020408163247755,0.5393589743589743
0.47792207791959523,0.5247813411063418,0.7348717948717948
0.48311688311437345,0.527696793001377,0.6937179487179487
0.4909090909065408,0.5320699708439298,0.7165384615384616
0.5740259740229922,0.3921282798822387,0.44871794871794873
0.49610389610131894,0.5116618075786832,0.7692307692307693
0.49870129869870805,0.5131195335262009,0.5384615384615384
0.4935064935039299,0.5335276967914474,0.6762820512820513
0.48051948051698434,0.5262390670538594,0.7024358974358975
0.5246753246725991,0.5043731778410951,0.6666666666666666
0.4545454545430933,0.5349854227389651,0.6526923076923077
0.5350649350621556,0.5102040816311656,0.6333333333333334
0.4571428571404824,0.5364431486864827,0.6526923076923077
0.48831168830915167,0.5306122448964122,0.7070512820512821
0.48571428571176256,0.5291545189488946,0.7005128205128205
0.35584415584230733,0.5962099125347049,0.5128205128205128
0.52207792207521,0.5029154518935776,0.6358974358974359
0.3688311688292528,0.603498542272293,0.5216666666666666
0.4597402597378715,0.5379008746340003,0.6384615384615384
0.472727272724817,0.5451895043715884,0.765
0.5038961038934863,0.516034985421236,0.7147435897435898
0.5090909090882645,0.5189504373162713,0.7038461538461539
0.36363636363447466,0.6005830903772578,0.5584615384615385
0.36103896103708555,0.5991253644297402,0.5461538461538461
0.4753246753222061,0.5553935860042117,0.7884615384615384
0.4519480519457042,0.6180758017474692,0.5384615384615384
0.4493506493483151,0.6166180757999515,0.6111538461538462
0.48831168830915167,0.5510204081616589,0.6987179487179487
0.3896103896083657,0.6064139941673282,0.6025641025641025
0.4701298701274279,0.5583090378992469,0.8397435897435898
0.42597402597181316,0.6326530612226453,0.5726923076923077
0.36103896103708555,0.47959183673329564,0.4166666666666667
0.4077922077900894,0.5932944606396697,0.5801282051282052
0.446753246750926,0.6209912536425044,0.6153846153846154
0.4649350649326497,0.5612244897942822,0.7564102564102564
0.4103896103874785,0.5947521865871873,0.6057692307692307
0.4285714285692023,0.6282798833800926,0.564871794871795
0.42077922077703495,0.6355685131176806,0.631025641025641
0.37402597402403104,0.615160349852434,0.6474358974358975
0.37142857142664193,0.6137026239049164,0.6688461538461539
0.43636363636136954,0.6268221574325749,0.5641025641025641
0.49610389610131894,0.5903790087446344,0.741025641025641
0.5038961038934863,0.5889212827971169,0.7153846153846154
0.5012987012960972,0.5874635568495993,0.639102564102564
0.44155844155614776,0.6239067055375397,0.5887179487179487
0.4311688311665914,0.6297376093276101,0.5632051282051282
0.4155844155822567,0.6384839650127158,0.5769230769230769
0.41818181817964584,0.634110787170163,0.6025641025641025
0.49870129869870805,0.5918367346921521,0.7016666666666668
0.3922077922057548,0.6020408163247755,0.6244871794871794
0.5090909090882645,0.5860058309020816,0.5983333333333334
0.44415584415353687,0.6195335276949868,0.6183333333333334
0.3948051948031439,0.603498542272293,0.6837179487179487
0.43896103895875865,0.622448979590022,0.5926923076923077
0.43376623376398044,0.6253644314850573,0.5780769230769232
0.38181818181619837,0.6078717201148459,0.4935897435897436
0.37922077921880926,0.6122448979573987,0.735
0.4025974025953112,0.5962099125347049,0.6191025641025641
0.4129870129848676,0.6370262390651982,0.6794871794871795
0.397402597400533,0.5991253644297402,0.6153846153846154
0.37662337662142015,0.6107871720098811,0.6282051282051282
0.4935064935039299,0.5481049562666236,0.6538461538461539
0.48571428571176256,0.5495626822141413,0.5811538461538461
0.48051948051698434,0.5524781341091765,0.7221794871794872
0.4675324675300388,0.5626822157417998,0.5576923076923077
0.42337662337442405,0.6311953352751277,0.623076923076923
0.3999999999979221,0.6005830903772578,0.6265384615384616
0.4051948051927003,0.5976676384822226,0.6080769230769232
0.3870129870109766,0.6049562682198106,0.4957692307692308
0.47792207791959523,0.5568513119517293,0.7692307692307693
0.446753246750926,0.6486880466453391,0.5641025641025641
0.5376623376595446,0.5860058309020816,0.7692307692307693
0.6051948051916614,0.5481049562666236,0.5641025641025641
0.43636363636136954,0.6428571428552686,0.5265384615384614
0.44155844155614776,0.6399416909602335,0.56
0.43376623376398044,0.6443148688027863,0.5758974358974359
0.4311688311665914,0.6574344023304448,0.5523076923076923
0.44415584415353687,0.6501457725928568,0.5367948717948718
0.43896103895875865,0.641399416907751,0.5412820512820513
0.6077922077890504,0.546647230319106,0.594871794871795
0.4285714285692023,0.6588921282779624,0.5067948717948718
0.43636363636136954,0.8236151603474531,0.3782051282051282
0.42597402597181316,0.7711370262368189,0.48717948717948717
0.4311688311665914,0.7682215743417836,0.4166666666666667
0.5584415584386575,0.6239067055375397,0.5160256410256411
0.44415584415353687,0.6880466472283148,0.4410256410256411
0.37662337662142015,0.7317784256538432,0.39910256410256406
0.5506493506464901,0.6282798833800926,0.6111538461538462
0.4285714285692023,0.702623906703491,0.40205128205128204
0.397402597400533,0.7201166180737023,0.3557692307692308
0.5636363636334357,0.6268221574325749,0.5673076923076923
0.41818181817964584,0.7084548104935614,0.3333333333333333
0.3896103896083657,0.7244897959162552,0.3969230769230768
0.43636363636136954,0.6924198250708676,0.4346153846153847
0.37142857142664193,0.728862973758808,0.41153846153846146
0.43376623376398044,0.6938775510183852,0.4648717948717949
0.4311688311665914,0.7011661807559733,0.46474358974358976
0.43896103895875865,0.6967930029134205,0.47025641025641035
0.4077922077900894,0.7142857142836319,0.3607692307692308
0.37402597402403104,0.7274052478112903,0.4264102564102565
0.3948051948031439,0.7157434402311494,0.3612820512820514
0.44155844155614776,0.6953352769659028,0.45628205128205135
0.3870129870109766,0.7259475218637728,0.40064102564102566
0.4103896103874785,0.7128279883361143,0.34820512820512817
0.37922077921880926,0.7303206997063256,0.3884615384615384
0.38181818181619837,0.7230320699687376,0.44320512820512814
0.3844155844135875,0.7215743440212199,0.4364102564102565
0.42597402597181316,0.6982507288609381,0.42948717948717946
0.5740259740229922,0.6209912536425044,0.5298717948717948
0.3922077922057548,0.717201166178667,0.3701282051282052
0.446753246750926,0.6865889212807972,0.41025641025641024
0.0,0.6399416909602335,0.47435897435897434
0.4675324675300388,0.6180758017474692,0.6752564102564103
0.5194805194778209,0.6122448979573987,0.6965384615384616
0.5246753246725991,0.615160349852434,0.6282051282051282
0.38181818181619837,0.5699708454793878,0.532051282051282
0.48311688311437345,0.6384839650127158,0.6826923076923077
0.37922077921880926,0.5801749271120111,0.6089743589743589
0.4103896103874785,0.5860058309020816,0.6217948717948718
0.36363636363447466,0.5131195335262009,0.5641025641025641
0.4155844155822567,0.553935860056694,0.6987179487179487
0.3688311688292528,0.516034985421236,0.5811538461538461
0.5064935064908754,0.5932944606396697,0.7265384615384616
0.4051948051927003,0.5830903790070464,0.6282051282051282
0.4935064935039299,0.6326530612226453,0.626025641025641
0.4909090909065408,0.6311953352751277,0.6880769230769231
0.48051948051698434,0.6370262390651982,0.5897435897435898
0.46233766233526064,0.6268221574325749,0.6666666666666666
0.48571428571176256,0.6282798833800926,0.6373076923076922
0.472727272724817,0.6209912536425044,0.6232051282051282
0.446753246750926,0.5597667638467645,0.6735897435897437
0.4129870129848676,0.5524781341091765,0.6089743589743589
0.42077922077703495,0.5568513119517293,0.6489743589743591
0.49870129869870805,0.6005830903772578,0.7433333333333334
0.4311688311665914,0.5510204081616589,0.615897435897436
0.4519480519457042,0.5626822157417998,0.6823076923076923
0.44155844155614776,0.5685131195318702,0.6856410256410257
0.4493506493483151,0.5612244897942822,0.6808974358974359
0.6571428571394434,0.7244897959162552,0.41884615384615387
0.5142857142830427,0.5976676384822226,0.6938461538461539
0.44415584415353687,0.5583090378992469,0.6594871794871795
0.5012987012960972,0.6020408163247755,0.7566666666666666
0.6597402597368326,0.7259475218637728,0.4166666666666667
0.5324675324647664,0.6078717201148459,0.6589743589743591
0.4649350649326497,0.6166180757999515,0.6666666666666666
0.43896103895875865,0.5670553935843526,0.6226923076923077
0.5116883116856535,0.5962099125347049,0.7107692307692307
0.3870129870109766,0.5728862973744231,0.4807692307692308
0.5272727272699882,0.6049562682198106,0.5705128205128205
0.49610389610131894,0.5991253644297402,0.7551282051282052
0.5038961038934863,0.603498542272293,0.7474358974358974
0.4597402597378715,0.6253644314850573,0.6248717948717948
0.43636363636136954,0.565597667636835,0.6489743589743591
0.47792207791959523,0.6355685131176806,0.717948717948718
0.42597402597181316,0.5481049562666236,0.6602564102564102
0.4753246753222061,0.634110787170163,0.6314102564102564
0.4545454545430933,0.622448979590022,0.6011538461538461
0.4571428571404824,0.6239067055375397,0.6211538461538462
0.42337662337442405,0.546647230319106,0.6538461538461539
0.43376623376398044,0.5641399416893174,0.6523076923076923
0.36623376623186377,0.5145772594737185,0.5064102564102564
0.48831168830915167,0.6297376093276101,0.6255128205128206
0.41818181817964584,0.5553935860042117,0.6111538461538462
0.5090909090882645,0.5947521865871873,0.7239743589743589
0.5168831168804318,0.6107871720098811,0.532051282051282
0.5298701298673774,0.6064139941673282,0.6196153846153846
0.4077922077900894,0.584548104954564,0.592948717948718
0.4285714285692023,0.5495626822141413,0.5824358974358975
0.4701298701274279,0.6195335276949868,0.6353846153846154
0.5350649350621556,0.6093294460623635,0.6410256410256411
0.37402597402403104,0.6399416909602335,0.657051282051282
0.42337662337442405,0.6705539358581034,0.3974358974358974
0.43636363636136954,0.6749271137006562,0.48794871794871797
0.43376623376398044,0.6763848396481739,0.46551282051282056
0.37922077921880926,0.6428571428552686,0.5619230769230769
0.44155844155614776,0.6778425655956914,0.4852564102564102
0.4311688311665914,0.672011661805621,0.47628205128205137
0.43896103895875865,0.679300291543209,0.4792307692307692
0.4285714285692023,0.6734693877531386,0.4588461538461539
0.44415584415353687,0.6822157434382443,0.532051282051282
0.4493506493483151,0.7390670553914314,0.44871794871794873
0.43636363636136954,0.7376093294439137,0.3732051282051282
0.43896103895875865,0.7332361516013608,0.32051282051282054
0.4285714285692023,0.7507288629715723,0.4358974358974359
0.446753246750926,0.7434402332339841,0.2948717948717949
0.37142857142664193,0.5612244897942822,0.5939743589743589
0.4753246753222061,0.5962099125347049,0.7692307692307693
0.5064935064908754,0.6370262390651982,0.6826923076923077
0.472727272724817,0.6122448979573987,0.7115384615384616
0.48831168830915167,0.603498542272293,0.7743589743589744
0.49870129869870805,0.6326530612226453,0.6496153846153846
0.3999999999979221,0.5481049562666236,0.6730769230769231
0.4155844155822567,0.5860058309020816,0.5974358974358973
0.4025974025953112,0.5553935860042117,0.6378205128205128
0.5116883116856535,0.634110787170163,0.7137179487179487
0.49610389610131894,0.6311953352751277,0.6367948717948718
0.37662337662142015,0.5583090378992469,0.6410256410256411
0.43636363636136954,0.5743440233219407,0.6708974358974359
0.5324675324647664,0.622448979590022,0.7161538461538461
0.4129870129848676,0.584548104954564,0.6666666666666666
0.36363636363447466,0.5335276967914474,0.5769230769230769
0.3688311688292528,0.5306122448964122,0.5470512820512821
0.52207792207521,0.6166180757999515,0.6602564102564102
0.5168831168804318,0.6195335276949868,0.6575641025641027
0.4909090909065408,0.5991253644297402,0.7273076923076923
0.4935064935039299,0.6005830903772578,0.7285897435897436
0.4051948051927003,0.5568513119517293,0.6496153846153846
0.5272727272699882,0.6253644314850573,0.6717948717948719
0.41818181817964584,0.5816326530595288,0.6435897435897436
0.446753246750926,0.5801749271120111,0.6626923076923077
0.5246753246725991,0.6180758017474692,0.6615384615384615
0.44155844155614776,0.5714285714269055,0.6764102564102564
0.4311688311665914,0.5889212827971169,0.6464102564102564
0.44415584415353687,0.5787172011644935,0.6496153846153846
0.43376623376398044,0.5728862973744231,0.6858974358974359
0.5038961038934863,0.6297376093276101,0.626025641025641
0.5298701298673774,0.6268221574325749,0.6456410256410257
0.42077922077703495,0.5830903790070464,0.6305128205128206
0.4519480519457042,0.577259475216976,0.6858974358974359
0.42337662337442405,0.5903790087446344,0.6025641025641025
0.4103896103874785,0.553935860056694,0.6153846153846154
0.5012987012960972,0.6282798833800926,0.6708974358974359
0.4285714285692023,0.5874635568495993,0.623974358974359
0.36103896103708555,0.5320699708439298,0.5961538461538461
0.48571428571176256,0.6020408163247755,0.8039743589743589
0.43896103895875865,0.5699708454793878,0.6346153846153846
0.48311688311437345,0.5947521865871873,0.7660256410256411
0.4493506493483151,0.5758017492694584,0.6897435897435897
0.42597402597181316,0.5918367346921521,0.6211538461538462
0.5090909090882645,0.6384839650127158,0.5956410256410256
0.5194805194778209,0.6209912536425044,0.7051282051282052
0.5350649350621556,0.6239067055375397,0.6874358974358975
0.47792207791959523,0.5976676384822226,0.768076923076923
0.4571428571404824,0.6093294460623635,0.6282051282051282
0.3896103896083657,0.565597667636835,0.6282051282051282
0.4545454545430933,0.6078717201148459,0.6089743589743589
0.5558441558412683,0.4883381924184014,0.7307692307692307
0.5532467532438793,0.48979591836591896,0.6025641025641025
0.29870129869974704,0.7259475218637728,0.4326923076923077
0.5610389610360466,0.48542274052336615,0.6410256410256411
0.5584415584386575,0.48688046647088373,0.6794871794871795
0.7012987012950582,0.4999999999985423,0.32051282051282054
0.5480519480491011,0.4927113702609542,0.597948717948718
0.6883116883081127,0.5072886297361303,0.46628205128205136
0.6987012986976692,0.5014577259460599,0.40166666666666667
0.2883116883101906,0.7317784256538432,0.378974358974359
0.30129870129713615,0.7244897959162552,0.4573076923076923
0.670129870126389,0.5174927113687536,0.4519230769230769
0.29610389610235793,0.7274052478112903,0.26282051282051283
0.6597402597368326,0.5233236151588242,0.35038461538461535
0.6909090909055018,0.5058309037886127,0.47064102564102556
0.6727272727237781,0.516034985421236,0.46794871794871795
0.5428571428543228,0.49562682215598947,0.5434615384615384
0.6779220779185563,0.5131195335262009,0.48794871794871797
0.5402597402569338,0.49708454810350705,0.5769230769230769
0.5454545454517119,0.4941690962084718,0.6042307692307691
0.3038961038945252,0.7230320699687376,0.42948717948717946
0.5376623376595446,0.4985422740510247,0.6030769230769232
0.6675324675289999,0.5189504373162713,0.4807692307692308
0.6831168831133345,0.5102040816311656,0.45397435897435895
0.6857142857107236,0.508746355683648,0.46615384615384614
0.6233766233733851,0.5437317784240707,0.5897435897435898
0.6753246753211671,0.5145772594737185,0.4591025641025641
0.693506493502891,0.5043731778410951,0.41025641025641024
0.5506493506464901,0.4912536443134366,0.5666666666666667
0.6805194805159454,0.5116618075786832,0.46205128205128215
0.620779220775996,0.5451895043715884,0.5256410256410257
0.6623376623342216,0.5218658892113065,0.42948717948717946
0.69610389610028,0.5029154518935776,0.517948717948718
0.2935064935049688,0.728862973758808,0.3782051282051282
0.2909090909075797,0.7303206997063256,0.41205128205128205
0.48051948051698434,0.7740524781318541,0.3333333333333333
0.35584415584230733,0.5743440233219407,0.5224358974358975
0.5012987012960972,0.4927113702609542,0.47435897435897434
0.5064935064908754,0.49562682215598947,0.6089743589743589
0.36363636363447466,0.5758017492694584,0.5311538461538462
0.3844155844135875,0.5174927113687536,0.5705128205128205
0.38181818181619837,0.5189504373162713,0.6089743589743589
0.36103896103708555,0.577259475216976,0.5288461538461539
0.42337662337442405,0.5422740524765531,0.6067948717948718
0.42597402597181316,0.5408163265290356,0.633974358974359
0.42077922077703495,0.5379008746340003,0.6032051282051282
0.44155844155614776,0.5262390670538594,0.6324358974358975
0.4051948051927003,0.5058309037886127,0.6082051282051282
0.4311688311665914,0.5437317784240707,0.5843589743589743
0.5116883116856535,0.4985422740510247,0.6885897435897436
0.3896103896083657,0.5204081632637889,0.6361538461538462
0.4077922077900894,0.5102040816311656,0.6115384615384616
0.4103896103874785,0.508746355683648,0.5961538461538461
0.5194805194778209,0.4766763848382604,0.6452564102564102
0.43896103895875865,0.527696793001377,0.6496153846153846
0.34805194805014,0.5903790087446344,0.38884615384615384
0.35844155843969644,0.5728862973744231,0.5384615384615384
0.4129870129848676,0.5364431486864827,0.617948717948718
0.397402597400533,0.5043731778410951,0.5993589743589743
0.4155844155822567,0.5349854227389651,0.5775641025641025
0.4493506493483151,0.5335276967914474,0.6461538461538462
0.44415584415353687,0.5306122448964122,0.6643589743589743
0.446753246750926,0.5291545189488946,0.6611538461538461
0.3454545454527509,0.5918367346921521,0.47435897435897434
0.43376623376398044,0.5247813411063418,0.6623076923076923
0.4519480519457042,0.5320699708439298,0.6293589743589744
0.3870129870109766,0.5218658892113065,0.5357692307692309
0.3999999999979221,0.5029154518935776,0.5912820512820514
0.5246753246725991,0.47959183673329564,0.5705128205128205
0.4025974025953112,0.5072886297361303,0.6521794871794873
0.4285714285692023,0.5451895043715884,0.6273076923076923
0.43636363636136954,0.5233236151588242,0.6579487179487179
0.5350649350621556,0.48542274052336615,0.5555128205128205
0.37142857142664193,0.5131195335262009,0.6282051282051282
0.3506493506475291,0.5714285714269055,0.5128205128205128
0.36623376623186377,0.5801749271120111,0.532051282051282
0.41818181817964584,0.539358600581518,0.5717948717948718
0.52207792207521,0.4810495626808133,0.4935897435897436
0.5090909090882645,0.4941690962084718,0.6314102564102564
0.37922077921880926,0.5145772594737185,0.5
0.3324675324658054,0.7448979591815018,0.3974358974358974
0.33766233766058357,0.747813411076537,0.3717948717948718
0.29870129869974704,0.7755102040793718,0.3128205128205129
0.3402597402579727,0.7521865889190898,0.3932051282051282
0.36103896103708555,0.740524781338949,0.3675641025641026
0.35584415584230733,0.7376093294439137,0.4284615384615385
0.36363636363447466,0.7390670553914314,0.39833333333333326
0.36623376623186377,0.7434402332339841,0.4273076923076923
0.3454545454527509,0.7551020408141251,0.33974358974358976
0.3532467532449182,0.7332361516013608,0.4042307692307692
0.3688311688292528,0.7419825072864665,0.3717948717948718
0.3506493506475291,0.7346938775488785,0.4469230769230769
0.35844155843969644,0.7361516034963961,0.3735897435897436
0.34805194805014,0.7536443148666074,0.3974358974358974
0.3688311688292528,0.8498542274027702,0.23076923076923078
0.31688311688147075,0.8323615160325587,0.33974358974358976
0.7402597402558948,0.4985422740510247,0.3141025641025641
0.3402597402579727,0.7492711370240547,0.34794871794871796
0.34805194805014,0.7448979591815018,0.2948717948717949
0.35584415584230733,0.740524781338949,0.4725641025641026
0.29870129869974704,0.7725947521843365,0.3141025641025641
0.36363636363447466,0.7361516034963961,0.3965384615384616
0.3506493506475291,0.7434402332339841,0.4573076923076923
0.36623376623186377,0.7346938775488785,0.4161538461538461
0.33766233766058357,0.7507288629715723,0.36538461538461536
0.3688311688292528,0.7332361516013608,0.41153846153846146
0.36103896103708555,0.7376093294439137,0.39602564102564103
0.35844155843969644,0.7390670553914314,0.4242307692307693
0.3428571428553618,0.747813411076537,0.40064102564102566
0.3532467532449182,0.7419825072864665,0.4
0.4155844155822567,0.930029154516239,0.42948717948717946
0.2649350649336887,0.7346938775488785,0.38461538461538464
0.31168831168669253,0.8250728862949707,0.3615384615384616
0.3090909090893034,0.8236151603474531,0.3467948717948718
0.26233766233629957,0.7332361516013608,0.40384615384615385
0.693506493502891,0.4912536443134366,0.3525641025641026
0.6155844155812178,0.5349854227389651,0.5880769230769232
0.5740259740229922,0.5116618075786832,0.6891025641025641
0.5402597402569338,0.5102040816311656,0.6364102564102564
0.5896103896073267,0.5262390670538594,0.6730769230769231
0.2805194805180233,0.7259475218637728,0.375
0.5818181818151594,0.5335276967914474,0.6624358974358975
0.5532467532438793,0.4999999999985423,0.623076923076923
0.5558441558412683,0.5014577259460599,0.6205128205128206
0.571428571425603,0.516034985421236,0.6553846153846155
0.5766233766203812,0.5131195335262009,0.6185897435897436
0.5870129870099376,0.5306122448964122,0.7034615384615385
0.5376623376595446,0.508746355683648,0.6261538461538462
0.5480519480491011,0.5029154518935776,0.6241025641025642
0.5584415584386575,0.5204081632637889,0.6460256410256411
0.5454545454517119,0.5072886297361303,0.5810256410256409
0.5688311688282139,0.5145772594737185,0.6455128205128204
0.5428571428543228,0.5058309037886127,0.6056410256410256
0.5974025973994941,0.5247813411063418,0.6711538461538461
0.5610389610360466,0.5218658892113065,0.6489743589743591
0.5948051948021049,0.5233236151588242,0.6538461538461539
0.5662337662308248,0.5189504373162713,0.6261538461538462
0.6181818181786068,0.5364431486864827,0.657051282051282
0.5636363636334357,0.5174927113687536,0.623974358974359
0.6909090909055018,0.49562682215598947,0.44448717948717953
0.6883116883081127,0.4941690962084718,0.3782051282051282
0.5792207792177703,0.5320699708439298,0.7029487179487179
0.5922077922047159,0.527696793001377,0.6644871794871795
0.5844155844125485,0.5291545189488946,0.7473076923076923
0.5506493506464901,0.5043731778410951,0.5461538461538461
0.6051948051916614,0.5408163265290356,0.5732051282051281
0.6129870129838286,0.539358600581518,0.5976923076923077
0.6103896103864396,0.5379008746340003,0.5942307692307691
0.6077922077890504,0.5422740524765531,0.6121794871794872
0.6025974025942723,0.5451895043715884,0.6282051282051282
0.5246753246725991,0.4766763848382604,0.5384615384615384
0.36623376623186377,0.577259475216976,0.5641025641025641
0.5090909090882645,0.49708454810350705,0.7115384615384616
0.3844155844135875,0.5204081632637889,0.6355128205128204
0.3532467532449182,0.5728862973744231,0.5333333333333332
0.5142857142830427,0.4941690962084718,0.5737179487179487
0.36103896103708555,0.5801749271120111,0.559871794871795
0.4129870129848676,0.539358600581518,0.6256410256410256
0.4519480519457042,0.5291545189488946,0.6605128205128205
0.36363636363447466,0.5787172011644935,0.555
0.37662337662142015,0.5131195335262009,0.3974358974358974
0.42337662337442405,0.5451895043715884,0.6410256410256411
0.44155844155614776,0.5233236151588242,0.6042307692307691
0.4103896103874785,0.5058309037886127,0.623076923076923
0.3999999999979221,0.4999999999985423,0.6324358974358975
0.38181818181619837,0.5218658892113065,0.6111538461538462
0.4155844155822567,0.5379008746340003,0.6328205128205128
0.4311688311665914,0.5408163265290356,0.6106410256410256
0.43376623376398044,0.527696793001377,0.6705128205128205
0.446753246750926,0.5320699708439298,0.647051282051282
0.4025974025953112,0.5102040816311656,0.6217948717948718
0.44415584415353687,0.5335276967914474,0.645
0.43636363636136954,0.5262390670538594,0.6662820512820513
0.4493506493483151,0.5306122448964122,0.6971794871794871
0.42077922077703495,0.5349854227389651,0.6076923076923078
0.43896103895875865,0.5247813411063418,0.6656410256410257
0.4285714285692023,0.5422740524765531,0.6135897435897436
0.42597402597181316,0.5437317784240707,0.6171794871794872
0.41818181817964584,0.5364431486864827,0.6047435897435898
0.3506493506475291,0.5743440233219407,0.5256410256410257
0.3870129870109766,0.5189504373162713,0.44871794871794873
0.5298701298673774,0.48542274052336615,0.5705128205128205
0.5064935064908754,0.4985422740510247,0.7435897435897436
0.397402597400533,0.5014577259460599,0.6452564102564102
0.35844155843969644,0.5699708454793878,0.5555128205128205
0.5272727272699882,0.48688046647088373,0.5897435897435898
0.3688311688292528,0.5758017492694584,0.5658974358974359
0.3922077922057548,0.5043731778410951,0.4423076923076923
0.3896103896083657,0.5174927113687536,0.6080769230769232
0.4051948051927003,0.508746355683648,0.6153846153846154
0.4077922077900894,0.5072886297361303,0.5787179487179487
0.5324675324647664,0.4839650145758485,0.5769230769230769
0.35584415584230733,0.5714285714269055,0.5128205128205128
0.5350649350621556,0.4825072886283309,0.5288461538461539
0.52207792207521,0.47813411078577805,0.4423076923076923
0.47792207791959523,0.565597667636835,0.7564102564102564
0.4545454545430933,0.5524781341091765,0.7307692307692307
0.49870129869870805,0.577259475216976,0.6153846153846154
0.4909090909065408,0.5612244897942822,0.735
0.48051948051698434,0.5670553935843526,0.782051282051282
0.5038961038934863,0.5801749271120111,0.6891025641025641
0.48571428571176256,0.5583090378992469,0.782051282051282
0.42077922077703495,0.6268221574325749,0.5342307692307693
0.42337662337442405,0.6166180757999515,0.5576923076923077
0.4935064935039299,0.5626822157417998,0.7019230769230769
0.48311688311437345,0.5685131195318702,0.7153846153846154
0.4493506493483151,0.6311953352751277,0.6176923076923078
0.37142857142664193,0.5991253644297402,0.5866666666666668
0.3246753246736381,0.46793002915315474,0.5769230769230769
0.4519480519457042,0.6326530612226453,0.6428205128205128
0.5246753246725991,0.5918367346921521,0.6474358974358975
0.43896103895875865,0.6370262390651982,0.5584615384615385
0.37922077921880926,0.603498542272293,0.6739743589743589
0.37402597402403104,0.6005830903772578,0.5355128205128205
0.37662337662142015,0.6020408163247755,0.5730769230769232
0.44155844155614776,0.6384839650127158,0.5646153846153847
0.3272727272710272,0.4693877551006724,0.40384615384615385
0.4311688311665914,0.6209912536425044,0.6075641025641025
0.3090909090893034,0.47084548104818996,0.48717948717948717
0.3870129870109766,0.5962099125347049,0.652948717948718
0.5168831168804318,0.5874635568495993,0.658076923076923
0.3896103896083657,0.5976676384822226,0.6097435897435898
0.43636363636136954,0.6355685131176806,0.5458974358974359
0.44415584415353687,0.6282798833800926,0.5820512820512821
0.43376623376398044,0.634110787170163,0.5730769230769232
0.3428571428553618,0.47813411078577805,0.4230769230769231
0.4701298701274279,0.5495626822141413,0.7008974358974359
0.446753246750926,0.6297376093276101,0.5824358974358975
0.3844155844135875,0.5947521865871873,0.6594871794871795
0.472727272724817,0.5510204081616589,0.7601282051282052
0.5012987012960972,0.5787172011644935,0.6752564102564103
0.5194805194778209,0.5889212827971169,0.6965384615384616
0.41818181817964584,0.6253644314850573,0.6373076923076922
0.4285714285692023,0.6195335276949868,0.5784615384615385
0.42597402597181316,0.6180758017474692,0.5801282051282052
0.38181818181619837,0.5932944606396697,0.6384615384615384
0.4571428571404824,0.553935860056694,0.8291025641025641
0.5350649350621556,0.5860058309020816,0.7564102564102564
0.49610389610131894,0.5758017492694584,0.6730769230769231
0.4649350649326497,0.546647230319106,0.6794871794871795
0.4675324675300388,0.5481049562666236,0.7051282051282052
0.42597402597181316,0.653061224487892,0.5384615384615384
0.43376623376398044,0.6457725947503039,0.5446153846153846
0.4285714285692023,0.6545189504354096,0.5202564102564102
0.6129870129838286,0.5481049562666236,0.611923076923077
0.6155844155812178,0.5495626822141413,0.6538461538461539
0.43636363636136954,0.6472303206978215,0.537051282051282
0.43896103895875865,0.6486880466453391,0.5403846153846155
0.4311688311665914,0.6559766763829272,0.5357692307692309
0.6103896103864396,0.546647230319106,0.6047435897435898
0.44415584415353687,0.6399416909602335,0.5629487179487179
0.44155844155614776,0.6501457725928568,0.5447435897435897
0.446753246750926,0.641399416907751,0.48717948717948717
0.44155844155614776,0.6647230320680328,0.5062820512820512
0.397402597400533,0.6399416909602335,0.5128205128205128
0.43896103895875865,0.6632653061205153,0.51
0.4285714285692023,0.6807580174907266,0.47166666666666673
0.43636363636136954,0.6676384839630681,0.48692307692307696
0.3922077922057548,0.6428571428552686,0.527051282051282
0.4311688311665914,0.6822157434382443,0.4499999999999999
0.43376623376398044,0.6661807580155505,0.5124358974358975
0.44415584415353687,0.672011661805621,0.4780769230769232
0.3999999999979221,0.641399416907751,0.5769230769230769
0.42597402597181316,0.6851311953332795,0.41448717948717945
0.4571428571404824,0.6399416909602335,0.6217948717948718
0.4155844155822567,0.709912536441079,0.358974358974359
0.5402597402569338,0.5932944606396697,0.717948717948718
0.42597402597181316,0.7157434402311494,0.42948717948717946
0.43376623376398044,0.7230320699687376,0.34294871794871795
0.4285714285692023,0.7201166180737023,0.4166666666666667
0.43896103895875865,0.7259475218637728,0.44448717948717953
0.43636363636136954,0.7215743440212199,0.4276923076923077
0.4311688311665914,0.7186588921261847,0.36115384615384616
0.42077922077703495,0.7128279883361143,0.3119230769230769
0.4129870129848676,0.7113702623885966,0.3574358974358974
0.42337662337442405,0.717201166178667,0.33974358974358976
0.44155844155614776,0.7244897959162552,0.391025641025641
0.5428571428543228,0.5976676384822226,0.7778205128205128
0.5454545454517119,0.5962099125347049,0.6474358974358975
0.41818181817964584,0.7142857142836319,0.36538461538461536
0.36623376623186377,0.5830903790070464,0.5448717948717948
0.5324675324647664,0.48979591836591896,0.6153846153846154
0.5194805194778209,0.49708454810350705,0.7051282051282052
0.36103896103708555,0.5860058309020816,0.5641025641025641
0.5246753246725991,0.4941690962084718,0.6730769230769231
0.43896103895875865,0.5422740524765531,0.6392307692307693
0.44155844155614776,0.5408163265290356,0.6397435897435898
0.4493506493483151,0.5364431486864827,0.6448717948717948
0.3999999999979221,0.5174927113687536,0.6511538461538462
0.397402597400533,0.5189504373162713,0.6346153846153846
0.4051948051927003,0.5145772594737185,0.6589743589743591
0.4077922077900894,0.5131195335262009,0.6153846153846154
0.4285714285692023,0.5247813411063418,0.6819230769230769
0.4155844155822567,0.5320699708439298,0.5965384615384616
0.4129870129848676,0.5335276967914474,0.6016666666666668
0.42077922077703495,0.5291545189488946,0.652948717948718
0.3948051948031439,0.5204081632637889,0.5961538461538461
0.44415584415353687,0.539358600581518,0.670128205128205
0.4103896103874785,0.5116618075786832,0.6474358974358975
0.42597402597181316,0.5262390670538594,0.6656410256410257
0.446753246750926,0.5379008746340003,0.6596153846153846
0.3506493506475291,0.5918367346921521,0.5238461538461539
0.5168831168804318,0.4985422740510247,0.7124358974358973
0.4519480519457042,0.5349854227389651,0.652051282051282
0.42337662337442405,0.527696793001377,0.6553846153846155
0.43636363636136954,0.5437317784240707,0.634102564102564
0.43376623376398044,0.5451895043715884,0.599871794871795
0.41818181817964584,0.5306122448964122,0.6093589743589743
0.3922077922057548,0.5218658892113065,0.6282051282051282
0.35844155843969644,0.5874635568495993,0.5769230769230769
0.35584415584230733,0.5889212827971169,0.5512820512820513
0.3532467532449182,0.5903790087446344,0.623974358974359
0.4025974025953112,0.516034985421236,0.6666666666666666
0.5350649350621556,0.4883381924184014,0.5576923076923077
0.4311688311665914,0.5233236151588242,0.650128205128205
0.5298701298673774,0.4912536443134366,0.5064102564102564
0.36363636363447466,0.584548104954564,0.5480769230769231
0.3688311688292528,0.5816326530595288,0.5673076923076923
0.3428571428553618,0.5728862973744231,0.5256410256410257
0.3454545454527509,0.5714285714269055,0.5064102564102564
0.52207792207521,0.49562682215598947,0.6987179487179487
0.5272727272699882,0.4927113702609542,0.5717948717948718
0.4701298701274279,0.7769679300268894,0.26282051282051283
0.43376623376398044,0.7798833819219245,0.3675641025641026
0.43636363636136954,0.8032069970822064,0.4166666666666667
0.47792207791959523,0.7332361516013608,0.42948717948717946
0.4909090909065408,0.7434402332339841,0.35474358974358977
0.48051948051698434,0.7376093294439137,0.38461538461538464
0.3688311688292528,0.7448979591815018,0.4358974358974359
0.29870129869974704,0.7609329446041956,0.3301282051282051
0.33766233766058357,0.7390670553914314,0.3874358974358974
0.34805194805014,0.7332361516013608,0.45576923076923076
0.3428571428553618,0.7361516034963961,0.4341025641025641
0.3454545454527509,0.7346938775488785,0.4526923076923077
0.3402597402579727,0.7376093294439137,0.40602564102564104
0.3532467532449182,0.7536443148666074,0.32474358974358974
0.35844155843969644,0.7507288629715723,0.3782051282051282
0.3350649350631945,0.740524781338949,0.3675641025641026
0.36363636363447466,0.747813411076537,0.3685897435897436
0.3324675324658054,0.7419825072864665,0.44871794871794873
0.4493506493483151,0.641399416907751,0.5426923076923077
0.43636363636136954,0.6486880466453391,0.5224358974358975
0.6181818181786068,0.546647230319106,0.6196153846153846
0.43896103895875865,0.6472303206978215,0.5491025641025641
0.4545454545430933,0.7317784256538432,0.4166666666666667
0.4311688311665914,0.6516034985403744,0.5641025641025641
0.4285714285692023,0.653061224487892,0.5475641025641025
0.44155844155614776,0.6457725947503039,0.5496153846153847
0.43376623376398044,0.6501457725928568,0.5403846153846155
0.4519480519457042,0.6399416909602335,0.5512820512820513
0.6051948051916614,0.553935860056694,0.717948717948718
0.44415584415353687,0.6443148688027863,0.5621794871794871
0.446753246750926,0.6428571428552686,0.4957692307692308
0.7298701298663384,0.5043731778410951,0.33653846153846156
0.7376623376585056,0.5058309037886127,0.37692307692307697
0.7116883116846147,0.5145772594737185,0.35987179487179477
0.7064935064898364,0.5116618075786832,0.3921794871794872
0.7350649350611166,0.5072886297361303,0.3692307692307692
0.7428571428532839,0.508746355683648,0.35551282051282057
0.7090909090872255,0.516034985421236,0.35371794871794876
0.7038961038924473,0.5131195335262009,0.40435897435897444
0.7402597402558948,0.5102040816311656,0.35128205128205137
0.7220779220741711,0.5204081632637889,0.2980769230769231
0.7168831168793929,0.5174927113687536,0.3552564102564102
0.3064935064919143,0.8265306122424882,0.3325641025641025
0.3038961038945252,0.827988338190006,0.3076923076923077
0.5870129870099376,0.5947521865871873,0.4807692307692308
0.3870129870109766,0.7157434402311494,0.41025641025641024
0.5558441558412683,0.6239067055375397,0.5666666666666667
0.5038961038934863,0.641399416907751,0.5641025641025641
0.4701298701274279,0.6690962099105857,0.33974358974358976
0.37922077921880926,0.7113702623885966,0.5064102564102564
0.397402597400533,0.7215743440212199,0.33974358974358976
0.38181818181619837,0.7186588921261847,0.4692307692307692
0.4051948051927003,0.7317784256538432,0.32051282051282054
0.49610389610131894,0.6428571428552686,0.48
0.5532467532438793,0.622448979590022,0.5897435897435898
0.5662337662308248,0.6297376093276101,0.5833333333333334
0.5506493506464901,0.6268221574325749,0.5976923076923077
0.3948051948031439,0.7259475218637728,0.34935897435897434
0.4285714285692023,0.6924198250708676,0.46705128205128216
0.43896103895875865,0.6982507288609381,0.46782051282051273
0.4077922077900894,0.7274052478112903,0.27564102564102566
0.4025974025953112,0.7303206997063256,0.38884615384615384
0.43376623376398044,0.7011661807559733,0.4326923076923077
0.5376623376595446,0.6195335276949868,0.6164102564102564
0.3922077922057548,0.7244897959162552,0.34217948717948715
0.4311688311665914,0.6938775510183852,0.4408974358974359
0.44155844155614776,0.6997084548084557,0.4578205128205127
0.5428571428543228,0.6166180757999515,0.6128205128205128
0.43636363636136954,0.702623906703491,0.43128205128205127
0.3999999999979221,0.7230320699687376,0.30128205128205127
0.5480519480491011,0.6253644314850573,0.5996153846153846
0.5454545454517119,0.6180758017474692,0.639102564102564
0.37402597402403104,0.7142857142836319,0.42948717948717946
0.3896103896083657,0.717201166178667,0.43102564102564106
0.3844155844135875,0.7201166180737023,0.4051282051282051
0.5402597402569338,0.6209912536425044,0.6452564102564102
0.7272727272689493,0.4985422740510247,0.42948717948717946
0.5688311688282139,0.539358600581518,0.5641025641025641
0.5584415584386575,0.5451895043715884,0.6410256410256411
0.6051948051916614,0.5189504373162713,0.5824358974358975
0.5999999999968831,0.5218658892113065,0.6282051282051282
0.5792207792177703,0.5102040816311656,0.5673076923076923
0.5844155844125485,0.5072886297361303,0.6410256410256411
0.6129870129838286,0.5145772594737185,0.5384615384615384
0.5454545454517119,0.5291545189488946,0.7393589743589744
0.5376623376595446,0.5335276967914474,0.6896153846153847
0.6025974025942723,0.5204081632637889,0.5976923076923077
0.5740259740229922,0.5364431486864827,0.7453846153846154
0.6077922077890504,0.5174927113687536,0.6128205128205128
0.6103896103864396,0.516034985421236,0.5641025641025641
0.6155844155812178,0.5131195335262009,0.5833333333333334
0.5506493506464901,0.5262390670538594,0.6464102564102564
0.5558441558412683,0.5233236151588242,0.6367948717948718
0.5818181818151594,0.508746355683648,0.6589743589743591
0.5402597402569338,0.5320699708439298,0.709871794871795
0.5532467532438793,0.5247813411063418,0.6623076923076923
0.5480519480491011,0.527696793001377,0.6742307692307693
0.5870129870099376,0.5058309037886127,0.6121794871794872
0.620779220775996,0.48688046647088373,0.5192307692307693
0.5428571428543228,0.5306122448964122,0.7082051282051282
0.5896103896073267,0.5043731778410951,0.7628205128205128
0.5766233766203812,0.5349854227389651,0.6610256410256411
0.5662337662308248,0.5408163265290356,0.5384615384615384
0.571428571425603,0.5379008746340003,0.8397435897435898
0.41818181817964584,0.6574344023304448,0.517051282051282
0.42597402597181316,0.6559766763829272,0.5811538461538461
0.4311688311665914,0.653061224487892,0.5328205128205129
0.4545454545430933,0.7303206997063256,0.5064102564102564
0.43636363636136954,0.6501457725928568,0.5024358974358974
0.44155844155614776,0.6472303206978215,0.5423076923076923
0.6181818181786068,0.5481049562666236,0.6025641025641025
0.6103896103864396,0.5495626822141413,0.6496153846153846
0.43376623376398044,0.6486880466453391,0.5334615384615384
0.43896103895875865,0.6457725947503039,0.5429487179487179
0.44415584415353687,0.6428571428552686,0.5157692307692309
0.4285714285692023,0.6516034985403744,0.5539743589743589
0.4519480519457042,0.641399416907751,0.5358974358974359
0.6155844155812178,0.546647230319106,0.5
0.6077922077890504,0.553935860056694,0.5448717948717948
0.4493506493483151,0.6399416909602335,0.6367948717948718
0.3246753246736381,0.6005830903772578,0.44871794871794873
0.3688311688292528,0.622448979590022,0.6880769230769231
0.5064935064908754,0.5451895043715884,0.5897435897435898
0.4597402597378715,0.5131195335262009,0.7307692307692307
0.4129870129848676,0.4927113702609542,0.5801282051282052
0.35844155843969644,0.6166180757999515,0.5737179487179487
0.42597402597181316,0.49708454810350705,0.5925641025641025
0.35584415584230733,0.6180758017474692,0.5128205128205128
0.5012987012960972,0.5364431486864827,0.6666666666666666
0.4935064935039299,0.5058309037886127,0.46474358974358976
0.48051948051698434,0.5014577259460599,0.6880769230769231
0.6181818181786068,0.38921282798720347,0.48717948717948717
0.4311688311665914,0.4941690962084718,0.6247435897435898
0.5246753246725991,0.5233236151588242,0.6824358974358975
0.42337662337442405,0.4985422740510247,0.620897435897436
0.4701298701274279,0.5189504373162713,0.690128205128205
0.5350649350621556,0.5291545189488946,0.7060256410256409
0.52207792207521,0.5247813411063418,0.7055128205128205
0.4675324675300388,0.5204081632637889,0.6965384615384616
0.5194805194778209,0.5262390670538594,0.7153846153846154
0.5168831168804318,0.527696793001377,0.717948717948718
0.5038961038934863,0.5349854227389651,0.7221794871794872
0.5298701298673774,0.5320699708439298,0.7008974358974359
0.4753246753222061,0.5043731778410951,0.6987179487179487
0.5324675324647664,0.5306122448964122,0.6938461538461539
0.43896103895875865,0.47813411078577805,0.5897435897435898
0.472727272724817,0.5174927113687536,0.7066666666666668
0.4285714285692023,0.49562682215598947,0.6098717948717948
0.5272727272699882,0.5335276967914474,0.7156410256410256
0.4909090909065408,0.5072886297361303,0.5128205128205128
0.43376623376398044,0.4810495626808133,0.5843589743589743
0.47792207791959523,0.5029154518935776,0.6324358974358975
0.42077922077703495,0.4883381924184014,0.650128205128205
0.43636363636136954,0.47959183673329564,0.6703846153846155
0.49610389610131894,0.539358600581518,0.7435897435897436
0.48571428571176256,0.5102040816311656,0.7230769230769232
0.48831168830915167,0.508746355683648,0.5410256410256411
0.49870129869870805,0.5379008746340003,0.735897435897436
0.5142857142830427,0.5408163265290356,0.7243589743589743
0.5116883116856535,0.5422740524765531,0.7307692307692307
0.7116883116846147,0.49708454810350705,0.34192307692307694
0.7090909090872255,0.4985422740510247,0.32051282051282054
0.5090909090882645,0.48688046647088373,0.6987179487179487
0.5168831168804318,0.4912536443134366,0.5855128205128205
0.5246753246725991,0.48979591836591896,0.5576923076923077
0.3532467532449182,0.5860058309020816,0.5820512820512821
0.38181818181619837,0.508746355683648,0.46153846153846156
0.37142857142664193,0.5029154518935776,0.5384615384615384
0.3506493506475291,0.584548104954564,0.6025641025641025
0.3454545454527509,0.5758017492694584,0.4935897435897436
0.3870129870109766,0.5058309037886127,0.38884615384615384
0.3844155844135875,0.5102040816311656,0.46794871794871795
0.5324675324647664,0.4941690962084718,0.5228205128205128
0.36623376623186377,0.5874635568495993,0.5778205128205127
0.42077922077703495,0.5247813411063418,0.6602564102564102
0.44155844155614776,0.5364431486864827,0.6343589743589744
0.36103896103708555,0.5903790087446344,0.5716666666666667
0.4155844155822567,0.527696793001377,0.6157692307692307
0.4129870129848676,0.5262390670538594,0.6153846153846154
0.4051948051927003,0.5218658892113065,0.625
0.43896103895875865,0.5349854227389651,0.6235897435897436
0.4285714285692023,0.5291545189488946,0.6865384615384615
0.446753246750926,0.5451895043715884,0.6671794871794873
0.397402597400533,0.5116618075786832,0.5983333333333334
0.3922077922057548,0.5145772594737185,0.6752564102564103
0.42337662337442405,0.5320699708439298,0.6566666666666666
0.3999999999979221,0.5131195335262009,0.6493589743589744
0.36363636363447466,0.5918367346921521,0.602051282051282
0.41818181817964584,0.5233236151588242,0.6483333333333332
0.42597402597181316,0.5335276967914474,0.6396153846153846
0.4311688311665914,0.5306122448964122,0.6625641025641027
0.43376623376398044,0.5379008746340003,0.6382051282051282
0.44415584415353687,0.5437317784240707,0.6652564102564102
0.5194805194778209,0.4927113702609542,0.7115384615384616
0.5298701298673774,0.4985422740510247,0.5662820512820513
0.3688311688292528,0.5889212827971169,0.5587179487179487
0.3948051948031439,0.516034985421236,0.5641025641025641
0.4025974025953112,0.5204081632637889,0.633974358974359
0.5272727272699882,0.49708454810350705,0.6128205128205128
0.3896103896083657,0.5072886297361303,0.47435897435897434
0.4103896103874785,0.5189504373162713,0.6353846153846154
0.4493506493483151,0.5408163265290356,0.647051282051282
0.43636363636136954,0.539358600581518,0.62
0.35584415584230733,0.5816326530595288,0.5923076923076923
0.4077922077900894,0.5174927113687536,0.6693589743589743
0.3298701298684163,0.5728862973744231,0.47435897435897434
0.35844155843969644,0.5830903790070464,0.5564102564102564
0.5350649350621556,0.49562682215598947,0.5398717948717948
0.3428571428553618,0.4810495626808133,0.38461538461538464
0.5038961038934863,0.577259475216976,0.6794871794871795
0.49610389610131894,0.5787172011644935,0.6794871794871795
0.4077922077900894,0.6049562682198106,0.5448717948717948
0.48571428571176256,0.5612244897942822,0.7487179487179488
0.3896103896083657,0.5947521865871873,0.6410256410256411
0.3272727272710272,0.4664723032056371,0.5470512820512821
0.4935064935039299,0.5597667638467645,0.6987179487179487
0.49870129869870805,0.5801749271120111,0.6867948717948718
0.47792207791959523,0.5685131195318702,0.7211538461538461
0.42597402597181316,0.6209912536425044,0.5712820512820513
0.5194805194778209,0.5918367346921521,0.6425641025641026
0.43636363636136954,0.6384839650127158,0.5384615384615384
0.5012987012960972,0.5758017492694584,0.7285897435897436
0.3999999999979221,0.6122448979573987,0.5961538461538461
0.37142857142664193,0.6020408163247755,0.5711538461538461
0.37662337662142015,0.5991253644297402,0.6093589743589743
0.44155844155614776,0.6355685131176806,0.5626923076923077
0.446753246750926,0.6326530612226453,0.5819230769230769
0.43896103895875865,0.634110787170163,0.5614102564102564
0.43376623376398044,0.6370262390651982,0.5494871794871795
0.37922077921880926,0.6005830903772578,0.6519230769230768
0.44415584415353687,0.6311953352751277,0.5812820512820513
0.4285714285692023,0.6166180757999515,0.5961538461538461
0.4311688311665914,0.6180758017474692,0.6043589743589743
0.5168831168804318,0.5903790087446344,0.717948717948718
0.4519480519457042,0.6297376093276101,0.6148717948717948
0.4493506493483151,0.6282798833800926,0.5897435897435898
0.3454545454527509,0.4766763848382604,0.4230769230769231
0.4675324675300388,0.5510204081616589,0.782051282051282
0.4701298701274279,0.546647230319106,0.8162820512820513
0.5246753246725991,0.5889212827971169,0.6410256410256411
0.37402597402403104,0.603498542272293,0.52
0.4129870129848676,0.6253644314850573,0.6128205128205128
0.3402597402579727,0.47959183673329564,0.4166666666666667
0.5064935064908754,0.5728862973744231,0.6378205128205128
0.3870129870109766,0.5932944606396697,0.7221794871794872
0.3844155844135875,0.5976676384822226,0.6421794871794873
0.42337662337442405,0.6195335276949868,0.5619230769230769
0.38181818181619837,0.5962099125347049,0.6660256410256411
0.48051948051698434,0.5641399416893174,0.6965384615384616
0.472727272724817,0.5481049562666236,0.761923076923077
0.48831168830915167,0.5626822157417998,0.6955128205128205
0.46233766233526064,0.553935860056694,0.7606410256410256
0.4519480519457042,0.6632653061205153,0.3525641025641026
0.3999999999979221,0.6457725947503039,0.5128205128205128
0.446753246750926,0.6661807580155505,0.5214102564102564
0.5012987012960972,0.728862973758808,0.5128205128205128
0.4311688311665914,0.6749271137006562,0.47435897435897434
0.42597402597181316,0.6778425655956914,0.4469230769230769
0.4077922077900894,0.641399416907751,0.5589743589743589
0.43376623376398044,0.6734693877531386,0.46653846153846157
0.44155844155614776,0.6690962099105857,0.507051282051282
0.43896103895875865,0.6705539358581034,0.4866666666666666
0.4051948051927003,0.6428571428552686,0.5175641025641026
0.4285714285692023,0.6763848396481739,0.4566666666666667
0.43636363636136954,0.672011661805621,0.4965384615384616
0.4025974025953112,0.6443148688027863,0.4435897435897435
0.44415584415353687,0.6676384839630681,0.46666666666666673
0.37402597402403104,0.546647230319106,0.6217948717948718
0.4545454545430933,0.5947521865871873,0.6089743589743589
0.48311688311437345,0.6078717201148459,0.7243589743589743
0.48051948051698434,0.6093294460623635,0.658076923076923
0.49870129869870805,0.6166180757999515,0.7760256410256411
0.47792207791959523,0.6049562682198106,0.7051282051282052
0.4675324675300388,0.5991253644297402,0.7115384615384616
0.5168831168804318,0.6297376093276101,0.6556410256410257
0.49610389610131894,0.6180758017474692,0.782051282051282
0.4285714285692023,0.5801749271120111,0.6712820512820513
0.43636363636136954,0.5816326530595288,0.6294871794871794
0.4493506493483151,0.5918367346921521,0.586923076923077
0.48831168830915167,0.6107871720098811,0.7301282051282052
0.4909090909065408,0.615160349852434,0.7378205128205128
0.4311688311665914,0.5787172011644935,0.6569230769230768
0.4519480519457042,0.5903790087446344,0.594871794871795
0.4935064935039299,0.6137026239049164,0.6869230769230769
0.3506493506475291,0.5364431486864827,0.5726923076923077
0.44155844155614776,0.584548104954564,0.658076923076923
0.42337662337442405,0.577259475216976,0.6205128205128206
0.42077922077703495,0.5728862973744231,0.6378205128205128
0.446753246750926,0.5874635568495993,0.6524358974358975
0.43376623376398044,0.5830903790070464,0.6538461538461539
0.37142857142664193,0.5481049562666236,0.5641025641025641
0.4129870129848676,0.5714285714269055,0.6307692307692309
0.48571428571176256,0.6122448979573987,0.6996153846153845
0.43896103895875865,0.5860058309020816,0.6398717948717948
0.44415584415353687,0.5889212827971169,0.6398717948717948
0.5012987012960972,0.6209912536425044,0.7442307692307691
0.10649350649295329,0.3994169096198268,0.32051282051282054
0.5064935064908754,0.6239067055375397,0.6871794871794871
0.3298701298684163,0.5247813411063418,0.4423076923076923
0.3844155844135875,0.5524781341091765,0.6153846153846154
0.5142857142830427,0.6253644314850573,0.7105128205128205
0.5116883116856535,0.6268221574325749,0.6880769230769231
0.5246753246725991,0.6311953352751277,0.6461538461538462
0.42597402597181316,0.5758017492694584,0.6461538461538462
0.3870129870109766,0.5568513119517293,0.5769230769230769
0.5038961038934863,0.6195335276949868,0.7398717948717948
0.4571428571404824,0.5932944606396697,0.7051282051282052
0.5090909090882645,0.622448979590022,0.6803846153846153
0.5194805194778209,0.6282798833800926,0.5974358974358973
0.43636363636136954,0.7551020408141251,0.3525641025641026
0.44415584415353687,0.747813411076537,0.45641025641025634
0.4493506493483151,0.7448979591815018,0.40166666666666667
0.4285714285692023,0.7332361516013608,0.35474358974358977
0.4311688311665914,0.7346938775488785,0.4538461538461539
0.42077922077703495,0.7448979591815018,0.3782051282051282
0.44415584415353687,0.7434402332339841,0.44871794871794873
0.43636363636136954,0.7361516034963961,0.44871794871794873
0.43896103895875865,0.7346938775488785,0.4519230769230769
0.446753246750926,0.7419825072864665,0.47435897435897434
0.34805194805014,0.6180758017474692,0.5384615384615384
0.48571428571176256,0.5145772594737185,0.6880769230769231
0.5246753246725991,0.5422740524765531,0.6153846153846154
0.42077922077703495,0.4839650145758485,0.6153846153846154
0.5870129870099376,0.3906705539347211,0.47012820512820513
0.5376623376595446,0.36880466472195683,0.3717948717948718
0.4597402597378715,0.5058309037886127,0.5833333333333334
0.48831168830915167,0.516034985421236,0.6682051282051282
0.52207792207521,0.5408163265290356,0.6196153846153846
0.5142857142830427,0.5247813411063418,0.6826923076923077
0.49610389610131894,0.5320699708439298,0.7435897435897436
0.5012987012960972,0.5291545189488946,0.72
0.5116883116856535,0.5233236151588242,0.7107692307692307
0.4909090909065408,0.5116618075786832,0.5521794871794871
0.5090909090882645,0.527696793001377,0.71
0.5038961038934863,0.5306122448964122,0.726923076923077
0.4935064935039299,0.5131195335262009,0.7029487179487179
0.49870129869870805,0.5335276967914474,0.7035897435897436
0.5064935064908754,0.5262390670538594,0.7057692307692307
0.5272727272699882,0.5379008746340003,0.7243589743589743
0.43636363636136954,0.4985422740510247,0.6447435897435898
0.5324675324647664,0.5349854227389651,0.7473076923076923
0.43376623376398044,0.49708454810350705,0.6382051282051282
0.446753246750926,0.4927113702609542,0.658076923076923
0.44155844155614776,0.49562682215598947,0.6153846153846154
0.48051948051698434,0.5174927113687536,0.7261538461538461
0.46233766233526064,0.5072886297361303,0.6538461538461539
0.5168831168804318,0.5437317784240707,0.7076923076923077
0.47792207791959523,0.5218658892113065,0.6874358974358975
0.43896103895875865,0.4941690962084718,0.6217948717948718
0.4545454545430933,0.508746355683648,0.7307692307692307
0.42597402597181316,0.4810495626808133,0.5192307692307693
0.5350649350621556,0.5364431486864827,0.6965384615384616
0.4311688311665914,0.47813411078577805,0.5811538461538461
0.48311688311437345,0.5189504373162713,0.7307692307692307
0.4753246753222061,0.5204081632637889,0.7307692307692307
0.5740259740229922,0.5379008746340003,0.7307692307692307
0.5792207792177703,0.5058309037886127,0.5384615384615384
0.6103896103864396,0.5116618075786832,0.5939743589743589
0.5506493506464901,0.5247813411063418,0.6556410256410257
0.571428571425603,0.5364431486864827,0.7038461538461539
0.5454545454517119,0.5335276967914474,0.7123076923076923
0.5688311688282139,0.5349854227389651,0.631923076923077
0.5558441558412683,0.527696793001377,0.680128205128205
0.6285714285681633,0.48688046647088373,0.40384615384615385
0.6077922077890504,0.5218658892113065,0.631923076923077
0.5844155844125485,0.508746355683648,0.6794871794871795
0.6051948051916614,0.5204081632637889,0.6176923076923078
0.5766233766203812,0.539358600581518,0.8269230769230769
0.5480519480491011,0.5233236151588242,0.6644871794871795
0.6025974025942723,0.5189504373162713,0.6482051282051282
0.6155844155812178,0.5145772594737185,0.559871794871795
0.5376623376595446,0.5291545189488946,0.7124358974358973
0.5999999999968831,0.5174927113687536,0.6282051282051282
0.6129870129838286,0.5131195335262009,0.5705128205128205
0.5532467532438793,0.5262390670538594,0.6553846153846155
0.6493506493472762,0.4985422740510247,0.47435897435897434
0.5818181818151594,0.5072886297361303,0.6282051282051282
0.6181818181786068,0.516034985421236,0.6226923076923077
0.6441558441524979,0.49562682215598947,0.46576923076923077
0.5610389610360466,0.5422740524765531,0.6602564102564102
0.5402597402569338,0.5306122448964122,0.7008974358974359
0.5974025973994941,0.5043731778410951,0.5801282051282052
0.5428571428543228,0.5320699708439298,0.6912820512820513
0.5298701298673774,0.48979591836591896,0.6217948717948718
0.3844155844135875,0.5014577259460599,0.4166666666666667
0.5324675324647664,0.4912536443134366,0.5160256410256411
0.5194805194778209,0.49562682215598947,0.6752564102564103
0.3532467532449182,0.5889212827971169,0.5256410256410257
0.52207792207521,0.49708454810350705,0.6564102564102564
0.5246753246725991,0.4985422740510247,0.47435897435897434
0.5272727272699882,0.4883381924184014,0.6538461538461539
0.35584415584230733,0.5903790087446344,0.6111538461538462
0.36103896103708555,0.5816326530595288,0.6282051282051282
0.42597402597181316,0.5247813411063418,0.6452564102564102
0.4025974025953112,0.5116618075786832,0.6492307692307693
0.43896103895875865,0.5437317784240707,0.5993589743589743
0.4129870129848676,0.5291545189488946,0.6030769230769232
0.43636363636136954,0.5422740524765531,0.62
0.4103896103874785,0.516034985421236,0.610897435897436
0.36623376623186377,0.584548104954564,0.5791025641025641
0.3922077922057548,0.5174927113687536,0.5302564102564102
0.3948051948031439,0.5189504373162713,0.623974358974359
0.42337662337442405,0.5233236151588242,0.6547435897435897
0.397402597400533,0.5204081632637889,0.6612820512820513
0.4077922077900894,0.5145772594737185,0.5841025641025641
0.446753246750926,0.5364431486864827,0.6644871794871795
0.35844155843969644,0.5918367346921521,0.5769230769230769
0.43376623376398044,0.5408163265290356,0.633974358974359
0.42077922077703495,0.5335276967914474,0.5889743589743589
0.44415584415353687,0.5349854227389651,0.6306410256410256
0.41818181817964584,0.5320699708439298,0.6098717948717948
0.4285714285692023,0.5262390670538594,0.6666666666666666
0.4493506493483151,0.5379008746340003,0.6671794871794873
0.44155844155614776,0.5451895043715884,0.6462820512820512
0.4155844155822567,0.5306122448964122,0.5983333333333334
0.4311688311665914,0.527696793001377,0.6755128205128205
0.37922077921880926,0.5102040816311656,0.44871794871794873
0.3506493506475291,0.5874635568495993,0.623076923076923
0.3999999999979221,0.5218658892113065,0.63
0.5350649350621556,0.4927113702609542,0.5803846153846154
0.34805194805014,0.5743440233219407,0.5983333333333334
0.3454545454527509,0.5728862973744231,0.5641025641025641
0.4051948051927003,0.5131195335262009,0.6769230769230768
0.3428571428553618,0.5714285714269055,0.48717948717948717
0.4519480519457042,0.539358600581518,0.6424358974358975
0.36363636363447466,0.5830903790070464,0.5820512820512821
0.3688311688292528,0.5860058309020816,0.5734615384615385
0.48051948051698434,0.4839650145758485,0.6880769230769231
0.43896103895875865,0.5072886297361303,0.6217948717948718
0.3948051948031439,0.5320699708439298,0.6061538461538462
0.397402597400533,0.5306122448964122,0.6235897435897436
0.4103896103874785,0.5233236151588242,0.6384615384615384
0.37662337662142015,0.5422740524765531,0.6282051282051282
0.4077922077900894,0.5247813411063418,0.5828205128205127
0.4155844155822567,0.5204081632637889,0.6384615384615384
0.43636363636136954,0.508746355683648,0.6873076923076923
0.38181818181619837,0.539358600581518,0.5641025641025641
0.42077922077703495,0.5174927113687536,0.6297435897435898
0.42597402597181316,0.5145772594737185,0.6096153846153846
0.4285714285692023,0.5131195335262009,0.5726923076923077
0.4129870129848676,0.5218658892113065,0.6393589743589744
0.3999999999979221,0.5291545189488946,0.6115384615384616
0.42337662337442405,0.516034985421236,0.6423076923076922
0.4311688311665914,0.5116618075786832,0.6629487179487179
0.4051948051927003,0.5262390670538594,0.623076923076923
0.41818181817964584,0.5189504373162713,0.6367948717948718
0.3922077922057548,0.5335276967914474,0.5993589743589743
0.43376623376398044,0.5102040816311656,0.6771794871794871
0.3844155844135875,0.5379008746340003,0.6025641025641025
0.3870129870109766,0.5364431486864827,0.5855128205128205
0.3896103896083657,0.5349854227389651,0.586923076923077
0.37402597402403104,0.5437317784240707,0.6602564102564102
0.47792207791959523,0.48542274052336615,0.6794871794871795
0.44415584415353687,0.5043731778410951,0.717948717948718
0.6831168831133345,0.4912536443134366,0.36538461538461536
0.2831168831154124,0.7274052478112903,0.3717948717948718
0.7012987012950582,0.49562682215598947,0.32051282051282054
0.5454545454517119,0.5014577259460599,0.5851282051282052
0.6155844155812178,0.5408163265290356,0.6008974358974359
0.5558441558412683,0.5072886297361303,0.6401282051282052
0.5480519480491011,0.508746355683648,0.6288461538461538
0.5506493506464901,0.5102040816311656,0.6444871794871795
0.69610389610028,0.4985422740510247,0.46794871794871795
0.27792207792063417,0.7303206997063256,0.3782051282051282
0.5792207792177703,0.5262390670538594,0.6410256410256411
0.5402597402569338,0.5043731778410951,0.6148717948717948
0.6727272727237781,0.48542274052336615,0.4230769230769231
0.5584415584386575,0.5145772594737185,0.6383333333333334
0.6077922077890504,0.5364431486864827,0.6225641025641026
0.6129870129838286,0.5451895043715884,0.5769230769230769
0.2805194805180233,0.7317784256538432,0.36538461538461536
0.5870129870099376,0.5247813411063418,0.6706410256410257
0.6103896103864396,0.5437317784240707,0.6217948717948718
0.571428571425603,0.5218658892113065,0.6296153846153846
0.5844155844125485,0.5233236151588242,0.6538461538461539
0.5974025973994941,0.5306122448964122,0.6826923076923077
0.5428571428543228,0.4999999999985423,0.6010256410256409
0.5636363636334357,0.5116618075786832,0.6274358974358974
0.5688311688282139,0.5204081632637889,0.6253846153846154
0.5376623376595446,0.5029154518935776,0.6011538461538461
0.5610389610360466,0.516034985421236,0.6346153846153846
0.5766233766203812,0.5189504373162713,0.5810256410256409
0.5740259740229922,0.5174927113687536,0.6371794871794872
0.5662337662308248,0.5131195335262009,0.6383333333333334
0.6181818181786068,0.5422740524765531,0.5669230769230769
0.5818181818151594,0.527696793001377,0.6960256410256411
0.5532467532438793,0.5058309037886127,0.5811538461538461
0.5064935064908754,0.3921282798822387,0.15384615384615385
0.5948051948021049,0.5291545189488946,0.5696153846153847
0.2857142857128015,0.728862973758808,0.34615384615384615
0.6051948051916614,0.5349854227389651,0.6456410256410257
0.6025974025942723,0.539358600581518,0.6025641025641025
0.5999999999968831,0.5379008746340003,0.658076923076923
0.5376623376595446,0.4927113702609542,0.5448717948717948
0.5428571428543228,0.48979591836591896,0.5993589743589743
0.3038961038945252,0.728862973758808,0.408974358974359
0.29870129869974704,0.7317784256538432,0.40615384615384625
0.5506493506464901,0.49708454810350705,0.6025641025641025
0.6779220779185563,0.5189504373162713,0.4388461538461539
0.6181818181786068,0.45918367346804906,0.5
0.670129870126389,0.5116618075786832,0.48717948717948717
0.6987012986976692,0.5072886297361303,0.4366666666666667
0.6623376623342216,0.516034985421236,0.45897435897435895
0.5532467532438793,0.49562682215598947,0.586923076923077
0.5480519480491011,0.4985422740510247,0.5937179487179487
0.6675324675289999,0.5131195335262009,0.5282051282051282
0.6883116883081127,0.5014577259460599,0.3124358974358975
0.6753246753211671,0.5204081632637889,0.4423076923076923
0.5584415584386575,0.4810495626808133,0.5325641025641027
0.6649350649316108,0.5145772594737185,0.515
0.7012987012950582,0.5058309037886127,0.45641025641025634
0.3064935064919143,0.7274052478112903,0.42948717948717946
0.6805194805159454,0.5174927113687536,0.4057692307692308
0.620779220775996,0.539358600581518,0.5666666666666667
0.69610389610028,0.508746355683648,0.471025641025641
0.5636363636334357,0.47813411078577805,0.5342307692307693
0.6909090909055018,0.4999999999985423,0.44871794871794873
0.6857142857107236,0.5029154518935776,0.376025641025641
0.6259740259707742,0.5364431486864827,0.6474358974358975
0.6285714285681633,0.5349854227389651,0.6324358974358975
0.5558441558412683,0.4941690962084718,0.6185897435897436
0.5688311688282139,0.48688046647088373,0.5362820512820513
0.30129870129713615,0.7303206997063256,0.4242307692307693
0.2883116883101906,0.7259475218637728,0.40384615384615385
0.5454545454517119,0.4883381924184014,0.5666666666666667
0.6831168831133345,0.5043731778410951,0.47435897435897434
0.6311688311655524,0.5451895043715884,0.5512820512820513
0.693506493502891,0.5102040816311656,0.4566666666666667
0.6233766233733851,0.5379008746340003,0.5811538461538461
0.5402597402569338,0.4912536443134366,0.5525641025641025
0.6389610389577197,0.5408163265290356,0.6346153846153846
0.7532467532428403,0.5116618075786832,0.27564102564102566
0.7480519480480621,0.5145772594737185,0.4166666666666667
0.7662337662297859,0.5043731778410951,0.35474358974358977
0.5454545454517119,0.5408163265290356,0.5897435897435898
0.5558441558412683,0.5349854227389651,0.6196153846153846
0.5480519480491011,0.539358600581518,0.7307692307692307
0.646753246749887,0.4839650145758485,0.5769230769230769
0.5506493506464901,0.5379008746340003,0.7025641025641025
0.6077922077890504,0.5058309037886127,0.6282051282051282
0.5974025973994941,0.5116618075786832,0.5641025641025641
0.5922077922047159,0.5145772594737185,0.6337179487179488
0.571428571425603,0.5262390670538594,0.6607692307692309
0.5792207792177703,0.5218658892113065,0.6164102564102564
0.5532467532438793,0.5364431486864827,0.6089743589743589
0.6025974025942723,0.508746355683648,0.6474358974358975
0.5636363636334357,0.5306122448964122,0.6839743589743589
0.5688311688282139,0.527696793001377,0.6693589743589743
0.6051948051916614,0.5072886297361303,0.6410256410256411
0.5896103896073267,0.516034985421236,0.6175641025641025
0.5870129870099376,0.5174927113687536,0.625
0.5610389610360466,0.5320699708439298,0.7275641025641025
0.5766233766203812,0.5233236151588242,0.617948717948718
0.5740259740229922,0.5247813411063418,0.6439743589743591
0.6155844155812178,0.5014577259460599,0.5641025641025641
0.5818181818151594,0.5204081632637889,0.6215384615384616
0.5662337662308248,0.5291545189488946,0.6482051282051282
0.5999999999968831,0.5102040816311656,0.6324358974358975
0.5844155844125485,0.5189504373162713,0.6153846153846154
0.5948051948021049,0.5131195335262009,0.6324358974358975
0.5428571428543228,0.5422740524765531,0.5116666666666666
0.620779220775996,0.4985422740510247,0.5256410256410257
0.5584415584386575,0.5335276967914474,0.6615384615384615
0.7090909090872255,0.49708454810350705,0.3717948717948718
0.3038961038945252,0.7463556851290194,0.41025641025641024
0.31688311688147075,0.7390670553914314,0.42525641025641026
0.29870129869974704,0.7492711370240547,0.4303846153846153
0.3272727272710272,0.7332361516013608,0.3794871794871794
0.30129870129713615,0.747813411076537,0.3932051282051282
0.32207792207624897,0.7361516034963961,0.40141025641025646
0.31948051947885986,0.7376093294439137,0.34961538461538455
0.31428571428408164,0.740524781338949,0.48294871794871796
0.3246753246736381,0.7346938775488785,0.3624358974358974
0.31168831168669253,0.7419825072864665,0.38461538461538464
0.7142857142820037,0.5029154518935776,0.38038461538461543
0.7038961038924473,0.508746355683648,0.4420512820512821
0.7350649350611166,0.5145772594737185,0.27782051282051284
0.7220779220741711,0.5014577259460599,0.1346153846153846
0.7402597402558948,0.5116618075786832,0.3076923076923077
0.7428571428532839,0.5131195335262009,0.3076923076923077
0.7116883116846147,0.5072886297361303,0.4230769230769231
0.7090909090872255,0.5058309037886127,0.4542307692307693
0.7064935064898364,0.5102040816311656,0.40307692307692305
0.7168831168793929,0.5043731778410951,0.46153846153846156
0.43636363636136954,0.747813411076537,0.382051282051282
0.4129870129848676,0.7376093294439137,0.4230769230769231
0.4311688311665914,0.7390670553914314,0.28205128205128205
0.5246753246725991,0.4927113702609542,0.6153846153846154
0.35584415584230733,0.584548104954564,0.5769230769230769
0.37662337662142015,0.5029154518935776,0.4230769230769231
0.5272727272699882,0.4941690962084718,0.6752564102564103
0.35844155843969644,0.5860058309020816,0.6267948717948718
0.5298701298673774,0.49562682215598947,0.6153846153846154
0.34805194805014,0.5801749271120111,0.5726923076923077
0.3844155844135875,0.5072886297361303,0.5480769230769231
0.3454545454527509,0.5787172011644935,0.5641025641025641
0.5324675324647664,0.49708454810350705,0.5885897435897436
0.3870129870109766,0.508746355683648,0.5615384615384615
0.36363636363447466,0.5889212827971169,0.5744871794871795
0.5350649350621556,0.4985422740510247,0.5815384615384616
0.4025974025953112,0.5174927113687536,0.6720512820512821
0.42077922077703495,0.527696793001377,0.6565384615384614
0.3688311688292528,0.5918367346921521,0.5951282051282052
0.3922077922057548,0.5116618075786832,0.5679487179487179
0.43376623376398044,0.5349854227389651,0.6506410256410257
0.4077922077900894,0.5204081632637889,0.6333333333333334
0.4103896103874785,0.5218658892113065,0.6071794871794872
0.4129870129848676,0.5233236151588242,0.6171794871794872
0.44415584415353687,0.5408163265290356,0.6761538461538461
0.4285714285692023,0.5320699708439298,0.6326923076923077
0.4311688311665914,0.5335276967914474,0.642948717948718
0.36623376623186377,0.5903790087446344,0.595
0.43896103895875865,0.5379008746340003,0.631923076923077
0.42597402597181316,0.5306122448964122,0.6484615384615384
0.3272727272710272,0.5685131195318702,0.47435897435897434
0.44155844155614776,0.539358600581518,0.6421794871794873
0.446753246750926,0.5422740524765531,0.6858974358974359
0.42337662337442405,0.5291545189488946,0.6616666666666666
0.4155844155822567,0.5247813411063418,0.6294871794871794
0.4051948051927003,0.5189504373162713,0.6587179487179486
0.43636363636136954,0.5364431486864827,0.6285897435897436
0.36103896103708555,0.5874635568495993,0.5880769230769232
0.5168831168804318,0.4883381924184014,0.5833333333333334
0.4493506493483151,0.5437317784240707,0.6638461538461539
0.4519480519457042,0.5451895043715884,0.6846153846153847
0.41818181817964584,0.5262390670538594,0.6347435897435898
0.3948051948031439,0.5131195335262009,0.6694871794871795
0.3298701298684163,0.5699708454793878,0.391025641025641
0.3999999999979221,0.516034985421236,0.6478205128205128
0.3428571428553618,0.577259475216976,0.5448717948717948
0.3532467532449182,0.5830903790070464,0.5769230769230769
0.397402597400533,0.5145772594737185,0.6666666666666666
0.3896103896083657,0.5102040816311656,0.5512820512820513
0.52207792207521,0.4912536443134366,0.6474358974358975
0.5194805194778209,0.48979591836591896,0.658076923076923
0.4597402597378715,0.5583090378992469,0.5769230769230769
0.42077922077703495,0.6297376093276101,0.5362820512820513
0.37402597402403104,0.6093294460623635,0.5342307692307693
0.4155844155822567,0.6326530612226453,0.6089743589743589
0.4753246753222061,0.5495626822141413,0.7435897435897436
0.472727272724817,0.565597667636835,0.7115384615384616
0.37922077921880926,0.6064139941673282,0.6367948717948718
0.3999999999979221,0.5947521865871873,0.47435897435897434
0.5038961038934863,0.5830903790070464,0.7205128205128205
0.37142857142664193,0.6078717201148459,0.5362820512820513
0.5012987012960972,0.5816326530595288,0.6794871794871795
0.4545454545430933,0.5612244897942822,0.5993589743589743
0.35584415584230733,0.4766763848382604,0.2734615384615384
0.4493506493483151,0.622448979590022,0.6116666666666666
0.3506493506475291,0.47959183673329564,0.3782051282051282
0.5064935064908754,0.5903790087446344,0.7252564102564102
0.5090909090882645,0.5918367346921521,0.7012820512820513
0.44415584415353687,0.6253644314850573,0.58
0.446753246750926,0.6268221574325749,0.5720512820512821
0.4701298701274279,0.5641399416893174,0.6367948717948718
0.37662337662142015,0.6049562682198106,0.3098717948717949
0.49610389610131894,0.584548104954564,0.6730769230769231
0.49870129869870805,0.5860058309020816,0.6423076923076922
0.48831168830915167,0.5568513119517293,0.8461538461538461
0.4285714285692023,0.634110787170163,0.5784615384615385
0.43376623376398044,0.6195335276949868,0.595
0.47792207791959523,0.5510204081616589,0.6773076923076923
0.44155844155614776,0.6180758017474692,0.5955128205128205
0.3922077922057548,0.5962099125347049,0.6062820512820514
0.42597402597181316,0.6384839650127158,0.6111538461538462
0.4519480519457042,0.6239067055375397,0.5925641025641025
0.4077922077900894,0.5991253644297402,0.5943589743589743
0.43896103895875865,0.6166180757999515,0.5994871794871796
0.4311688311665914,0.6355685131176806,0.5619230769230769
0.38181818181619837,0.6137026239049164,0.7564102564102564
0.5142857142830427,0.5889212827971169,0.7923076923076923
0.48051948051698434,0.546647230319106,0.5333333333333332
0.43636363636136954,0.6209912536425044,0.6034615384615384
0.5116883116856535,0.5874635568495993,0.6794871794871795
0.3948051948031439,0.5976676384822226,0.6128205128205128
0.4025974025953112,0.6020408163247755,0.5897435897435898
0.4051948051927003,0.603498542272293,0.5993589743589743
0.41818181817964584,0.6282798833800926,0.5641025641025641
0.42337662337442405,0.6370262390651982,0.5664102564102566
0.4129870129848676,0.6311953352751277,0.6057692307692307
0.4103896103874785,0.6005830903772578,0.6
0.397402597400533,0.5932944606396697,0.5384615384615384
0.4753246753222061,0.4825072886283309,0.6996153846153845
0.48051948051698434,0.48542274052336615,0.7243589743589743
0.4285714285692023,0.5145772594737185,0.6589743589743591
0.397402597400533,0.5320699708439298,0.5421794871794873
0.43896103895875865,0.508746355683648,0.6538461538461539
0.4103896103874785,0.527696793001377,0.6096153846153846
0.43376623376398044,0.5058309037886127,0.6505128205128204
0.3506493506475291,0.5524781341091765,0.5576923076923077
0.42597402597181316,0.5131195335262009,0.6080769230769232
0.3922077922057548,0.5291545189488946,0.6025641025641025
0.37142857142664193,0.5408163265290356,0.6153846153846154
0.3896103896083657,0.539358600581518,0.5801282051282052
0.43636363636136954,0.5072886297361303,0.6770512820512821
0.3948051948031439,0.5306122448964122,0.5726923076923077
0.41818181817964584,0.5204081632637889,0.6324358974358975
0.42337662337442405,0.5116618075786832,0.6025641025641025
0.37402597402403104,0.5422740524765531,0.5833333333333334
0.42077922077703495,0.5218658892113065,0.655128205128205
0.44155844155614776,0.5102040816311656,0.6880769230769231
0.4155844155822567,0.5189504373162713,0.6194871794871794
0.3999999999979221,0.5335276967914474,0.5865384615384616
0.3844155844135875,0.5364431486864827,0.5512820512820513
0.44415584415353687,0.4999999999985423,0.5042307692307693
0.4493506493483151,0.5029154518935776,0.6282051282051282
0.4129870129848676,0.5174927113687536,0.6739743589743589
0.4025974025953112,0.5233236151588242,0.6292307692307693
0.38181818181619837,0.5349854227389651,0.5769230769230769
0.4311688311665914,0.516034985421236,0.6465384615384616
0.3870129870109766,0.5379008746340003,0.5855128205128205
0.47792207791959523,0.4839650145758485,0.75
0.4051948051927003,0.5247813411063418,0.6337179487179488
0.44155844155614776,0.4883381924184014,0.6858974358974359
0.5324675324647664,0.5422740524765531,0.5298717948717948
0.43896103895875865,0.48979591836591896,0.6730769230769231
0.48051948051698434,0.5131195335262009,0.6923076923076923
0.5974025973994941,0.38921282798720347,0.41884615384615387
0.5064935064908754,0.5335276967914474,0.7105128205128205
0.4285714285692023,0.4839650145758485,0.5833333333333334
0.4935064935039299,0.5174927113687536,0.6748717948717948
0.5948051948021049,0.3906705539347211,0.42628205128205127
0.42597402597181316,0.48542274052336615,0.5833333333333334
0.49610389610131894,0.527696793001377,0.7062820512820513
0.5168831168804318,0.539358600581518,0.7093589743589743
0.4311688311665914,0.4825072886283309,0.5880769230769232
0.4701298701274279,0.5072886297361303,0.5747435897435897
0.5090909090882645,0.5320699708439298,0.7307692307692307
0.48311688311437345,0.5116618075786832,0.5791025641025641
0.4909090909065408,0.5189504373162713,0.6805128205128205
0.43376623376398044,0.4927113702609542,0.6264102564102564
0.5012987012960972,0.5247813411063418,0.7165384615384616
0.5116883116856535,0.5306122448964122,0.7314102564102564
0.5038961038934863,0.5233236151588242,0.6934615384615385
0.49870129869870805,0.5262390670538594,0.7041025641025641
0.5194805194778209,0.5379008746340003,0.717948717948718
0.43636363636136954,0.4912536443134366,0.6217948717948718
0.446753246750926,0.49708454810350705,0.6025641025641025
0.5350649350621556,0.5408163265290356,0.7307692307692307
0.5142857142830427,0.5291545189488946,0.7310256410256409
0.48571428571176256,0.5218658892113065,0.6741025641025641
0.47792207791959523,0.5145772594737185,0.7083333333333334
0.5246753246725991,0.5349854227389651,0.767051282051282
0.4753246753222061,0.516034985421236,0.6794871794871795
0.4519480519457042,0.4941690962084718,0.5128205128205128
0.48831168830915167,0.5204081632637889,0.6969230769230769
0.4675324675300388,0.508746355683648,0.7435897435897436
0.52207792207521,0.5364431486864827,0.6778205128205129
0.472727272724817,0.3396501457716045,0.33974358974358976
0.3428571428553618,0.7536443148666074,0.30128205128205127
0.36623376623186377,0.740524781338949,0.38
0.3506493506475291,0.7376093294439137,0.3717948717948718
0.35584415584230733,0.7346938775488785,0.40115384615384625
0.35844155843969644,0.7332361516013608,0.4307692307692307
0.3532467532449182,0.7361516034963961,0.42397435897435887
0.3688311688292528,0.7390670553914314,0.39487179487179486
0.29870129869974704,0.7784256559744069,0.23935897435897438
0.34805194805014,0.7507288629715723,0.38038461538461543
0.36363636363447466,0.7419825072864665,0.40256410256410263
0.3402597402579727,0.7551020408141251,0.3051282051282051
0.36103896103708555,0.7434402332339841,0.39961538461538465
0.29610389610235793,0.7682215743417836,0.3141025641025641
0.42597402597181316,0.6457725947503039,0.5256410256410257
0.43376623376398044,0.653061224487892,0.5312820512820513
0.48571428571176256,0.728862973758808,0.47435897435897434
0.4311688311665914,0.6486880466453391,0.5456410256410257
0.43636363636136954,0.6516034985403744,0.5124358974358975
0.4285714285692023,0.6501457725928568,0.5503846153846155
0.44155844155614776,0.6545189504354096,0.5292307692307693
0.43896103895875865,0.6559766763829272,0.5241025641025641
0.42077922077703495,0.6428571428552686,0.5432051282051282
0.4129870129848676,0.641399416907751,0.4775641025641026
0.48831168830915167,0.7274052478112903,0.5470512820512821
0.41818181817964584,0.6443148688027863,0.5717948717948718
0.44415584415353687,0.6588921282779624,0.5576923076923077
0.4155844155822567,0.6399416909602335,0.5641025641025641
0.27532467532324506,0.7346938775488785,0.3685897435897436
0.3064935064919143,0.8221574343999354,0.32320512820512814
0.2675324675310778,0.7361516034963961,0.3141025641025641
0.27272727272585595,0.7332361516013608,0.36269230769230776
0.2831168831154124,0.7390670553914314,0.3291025641025641
0.2701298701284669,0.7376093294439137,0.35474358974358977
0.2883116883101906,0.8177842565573826,0.28205128205128205
0.30129870129713615,0.8250728862949707,0.28205128205128205
0.2857142857128015,0.740524781338949,0.28846153846153844
0.4129870129848676,0.6457725947503039,0.5
0.42597402597181316,0.641399416907751,0.5705128205128205
0.6155844155812178,0.5612244897942822,0.6089743589743589
0.4285714285692023,0.6428571428552686,0.5474358974358975
0.4311688311665914,0.6443148688027863,0.5584615384615385
0.44155844155614776,0.6618075801729977,0.4964102564102564
0.4935064935039299,0.7259475218637728,0.32051282051282054
0.43376623376398044,0.6574344023304448,0.5421794871794873
0.42337662337442405,0.6399416909602335,0.5607692307692307
0.43636363636136954,0.6588921282779624,0.5228205128205128
0.43896103895875865,0.6603498542254801,0.5046153846153846
0.44415584415353687,0.6516034985403744,0.5184615384615384
0.43376623376398044,0.7346938775488785,0.3974358974358974
0.42337662337442405,0.7521865889190898,0.3717948717948718
0.43636363636136954,0.7332361516013608,0.40064102564102566
0.446753246750926,0.7390670553914314,0.5192307692307693
0.43896103895875865,0.7376093294439137,0.40602564102564104
0.41818181817964584,0.7419825072864665,0.358974358974359
0.4129870129848676,0.7390670553914314,0.38461538461538464
0.43376623376398044,0.7507288629715723,0.48717948717948717
0.44415584415353687,0.7448979591815018,0.3034615384615385
0.446753246750926,0.7463556851290194,0.3525641025641026
0.4311688311665914,0.7376093294439137,0.4273076923076923
0.37922077921880926,0.5218658892113065,0.5576923076923077
0.5168831168804318,0.4825072886283309,0.5576923076923077
0.5012987012960972,0.49708454810350705,0.5256410256410257
0.5038961038934863,0.4985422740510247,0.717948717948718
0.3688311688292528,0.5743440233219407,0.5282051282051282
0.3922077922057548,0.5058309037886127,0.5448717948717948
0.34805194805014,0.5860058309020816,0.7051282051282052
0.49870129869870805,0.49562682215598947,0.7307692307692307
0.37402597402403104,0.5189504373162713,0.5589743589743589
0.36363636363447466,0.5714285714269055,0.537051282051282
0.41818181817964584,0.5437317784240707,0.6153846153846154
0.3506493506475291,0.5758017492694584,0.5384615384615384
0.42077922077703495,0.5451895043715884,0.6780769230769231
0.37662337662142015,0.5204081632637889,0.5585897435897434
0.37142857142664193,0.5174927113687536,0.5833333333333334
0.3870129870109766,0.5145772594737185,0.5576923076923077
0.4051948051927003,0.5014577259460599,0.6410256410256411
0.4077922077900894,0.5029154518935776,0.5944871794871796
0.4103896103874785,0.5043731778410951,0.6452564102564102
0.3999999999979221,0.5102040816311656,0.6034615384615384
0.4311688311665914,0.539358600581518,0.6271794871794872
0.446753246750926,0.5247813411063418,0.6726923076923077
0.3896103896083657,0.516034985421236,0.657051282051282
0.35584415584230733,0.5787172011644935,0.5608974358974359
0.38181818181619837,0.5116618075786832,0.4358974358974359
0.43636363636136954,0.5306122448964122,0.631923076923077
0.43896103895875865,0.5320699708439298,0.6414102564102564
0.3844155844135875,0.5131195335262009,0.5
0.44415584415353687,0.5233236151588242,0.647948717948718
0.4519480519457042,0.527696793001377,0.6684615384615384
0.42337662337442405,0.5349854227389651,0.6137179487179488
0.4285714285692023,0.5379008746340003,0.6524358974358975
0.44155844155614776,0.5335276967914474,0.6439743589743591
0.42597402597181316,0.5364431486864827,0.6355128205128204
0.43376623376398044,0.5291545189488946,0.6766666666666666
0.3948051948031439,0.5072886297361303,0.6153846153846154
0.5272727272699882,0.4766763848382604,0.5512820512820513
0.4493506493483151,0.5262390670538594,0.6661538461538461
0.397402597400533,0.508746355683648,0.5567948717948719
0.5324675324647664,0.47959183673329564,0.5
0.36623376623186377,0.5728862973744231,0.5384615384615384
0.35844155843969644,0.5801749271120111,0.5402564102564102
0.4025974025953112,0.4999999999985423,0.6346153846153846
0.5246753246725991,0.48688046647088373,0.6282051282051282
0.4129870129848676,0.5408163265290356,0.6730769230769231
0.4155844155822567,0.5422740524765531,0.6378205128205128
0.472727272724817,0.6399416909602335,0.6
0.5584415584386575,0.615160349852434,0.47948717948717956
0.5999999999968831,0.6384839650127158,0.38461538461538464
0.43376623376398044,0.7317784256538432,0.4
0.4311688311665914,0.709912536441079,0.3808974358974358
0.43636363636136954,0.7303206997063256,0.37307692307692303
0.4285714285692023,0.7113702623885966,0.39371794871794863
0.42597402597181316,0.7128279883361143,0.3076923076923077
0.5402597402569338,0.6020408163247755,0.5705128205128205
0.42337662337442405,0.7142857142836319,0.358974358974359
0.4675324675300388,0.6428571428552686,0.5064102564102564
0.4649350649326497,0.6443148688027863,0.40602564102564104
0.2675324675310778,0.45189504373046097,0.24358974358974358
0.4701298701274279,0.641399416907751,0.5128205128205128
0.5324675324647664,0.5408163265290356,0.6410256410256411
0.3454545454527509,0.622448979590022,0.5256410256410257
0.4649350649326497,0.508746355683648,0.6346153846153846
0.52207792207521,0.5349854227389651,0.7230769230769232
0.4909090909065408,0.5174927113687536,0.7384615384615384
0.42597402597181316,0.48688046647088373,0.5470512820512821
0.48831168830915167,0.5218658892113065,0.7224358974358973
0.43636363636136954,0.4927113702609542,0.6308974358974359
0.4701298701274279,0.5058309037886127,0.5326923076923077
0.49870129869870805,0.527696793001377,0.7091025641025641
0.5246753246725991,0.5364431486864827,0.754102564102564
0.5168831168804318,0.5379008746340003,0.7120512820512821
0.49610389610131894,0.5262390670538594,0.7042307692307693
0.5142857142830427,0.5306122448964122,0.7203846153846154
0.5038961038934863,0.5247813411063418,0.6967948717948718
0.43376623376398044,0.4912536443134366,0.6073076923076923
0.5116883116856535,0.5291545189488946,0.7158974358974359
0.5194805194778209,0.539358600581518,0.7451282051282052
0.47792207791959523,0.516034985421236,0.7002564102564103
0.4311688311665914,0.4839650145758485,0.5974358974358973
0.5064935064908754,0.5320699708439298,0.7371794871794872
0.5012987012960972,0.5233236151588242,0.7234615384615386
0.44415584415353687,0.49708454810350705,0.5833333333333334
0.42337662337442405,0.48542274052336615,0.5666666666666667
0.43896103895875865,0.4883381924184014,0.623974358974359
0.5974025973994941,0.3906705539347211,0.4358974358974359
0.48571428571176256,0.5204081632637889,0.6885897435897436
0.4935064935039299,0.5189504373162713,0.6923076923076923
0.4753246753222061,0.5145772594737185,0.7265384615384616
0.5090909090882645,0.5335276967914474,0.7061538461538461
0.48311688311437345,0.5131195335262009,0.7487179487179488
0.3922077922057548,0.740524781338949,0.41025641025641024
0.42337662337442405,0.7696793002893012,0.40384615384615385
0.4103896103874785,0.7361516034963961,0.42628205128205127
0.3948051948031439,0.7390670553914314,0.4519230769230769
0.4493506493483151,0.7609329446041956,0.1987179487179487
0.4025974025953112,0.7346938775488785,0.3675641025641026
0.4051948051927003,0.7332361516013608,0.41025641025641024
0.43636363636136954,0.7623906705517132,0.5426923076923077
0.4311688311665914,0.7711370262368189,0.40384615384615385
0.5584415584386575,0.48979591836591896,0.6282051282051282
0.3038961038945252,0.7201166180737023,0.41025641025641024
0.5506493506464901,0.4825072886283309,0.6025641025641025
0.5636363636334357,0.4927113702609542,0.532051282051282
0.6441558441524979,0.5349854227389651,0.3974358974358974
0.6727272727237781,0.5072886297361303,0.4469230769230769
0.5402597402569338,0.4766763848382604,0.6025641025641025
0.6805194805159454,0.508746355683648,0.46423076923076917
0.670129870126389,0.5029154518935776,0.4326923076923077
0.6415584415551088,0.5364431486864827,0.46794871794871795
0.6857142857107236,0.5116618075786832,0.47346153846153854
0.7012987012950582,0.5204081632637889,0.4316666666666667
0.693506493502891,0.5189504373162713,0.4347435897435897
0.31688311688147075,0.7244897959162552,0.4208974358974359
0.31428571428408164,0.7259475218637728,0.4467948717948717
0.5376623376595446,0.47813411078577805,0.5085897435897436
0.5428571428543228,0.4810495626808133,0.5160256410256411
0.6233766233733851,0.5233236151588242,0.650128205128205
0.3246753246736381,0.7317784256538432,0.405
0.620779220775996,0.5247813411063418,0.6098717948717948
0.6831168831133345,0.5131195335262009,0.46192307692307694
0.6649350649316108,0.4999999999985423,0.4166666666666667
0.6909090909055018,0.5145772594737185,0.40961538461538466
0.6883116883081127,0.516034985421236,0.3894871794871794
0.5662337662308248,0.4912536443134366,0.46153846153846156
0.5532467532438793,0.48688046647088373,0.5
0.6779220779185563,0.5102040816311656,0.5324358974358975
0.5740259740229922,0.4985422740510247,0.6474358974358975
0.69610389610028,0.5174927113687536,0.39525641025641023
0.3272727272710272,0.7303206997063256,0.40602564102564104
0.6259740259707742,0.527696793001377,0.6243589743589744
0.31948051947885986,0.728862973758808,0.4475641025641025
0.5480519480491011,0.4839650145758485,0.5
0.571428571425603,0.4941690962084718,0.6474358974358975
0.5688311688282139,0.49562682215598947,0.5284615384615384
0.3090909090893034,0.7230320699687376,0.42948717948717946
0.32207792207624897,0.7274052478112903,0.40538461538461545
0.5610389610360466,0.4883381924184014,0.5544871794871795
0.6675324675289999,0.5043731778410951,0.5
0.6285714285681633,0.5262390670538594,0.8012820512820513
0.6753246753211671,0.5058309037886127,0.4384615384615385
0.6987012986976692,0.5218658892113065,0.40705128205128205
0.31168831168669253,0.7215743440212199,0.4230769230769231
0.5454545454517119,0.47959183673329564,0.5538461538461539
0.6389610389577197,0.5320699708439298,0.6025641025641025
0.5870129870099376,0.5014577259460599,0.6730769230769231
0.6493506493472762,0.48979591836591896,0.40384615384615385
0.5610389610360466,0.539358600581518,0.8333333333333334
0.5896103896073267,0.508746355683648,0.5769230769230769
0.5558441558412683,0.5306122448964122,0.6142307692307691
0.5636363636334357,0.5349854227389651,0.6938461538461539
0.5662337662308248,0.5364431486864827,0.532051282051282
0.5454545454517119,0.5247813411063418,0.6691025641025641
0.5402597402569338,0.527696793001377,0.6973076923076923
0.5792207792177703,0.5029154518935776,0.559871794871795
0.6103896103864396,0.5204081632637889,0.6
0.5506493506464901,0.5335276967914474,0.6923076923076923
0.5532467532438793,0.5291545189488946,0.6883333333333334
0.6025974025942723,0.516034985421236,0.6025641025641025
0.6129870129838286,0.5218658892113065,0.6167948717948718
0.5818181818151594,0.5043731778410951,0.5347435897435897
0.5428571428543228,0.5233236151588242,0.6805128205128205
0.5376623376595446,0.5262390670538594,0.6987179487179487
0.6181818181786068,0.5189504373162713,0.6185897435897436
0.6519480519446652,0.49708454810350705,0.5512820512820513
0.5999999999968831,0.5145772594737185,0.5993589743589743
0.6155844155812178,0.5174927113687536,0.6244871794871794
0.5974025973994941,0.5072886297361303,0.5769230769230769
0.5480519480491011,0.5320699708439298,0.6770512820512821
0.5584415584386575,0.5379008746340003,0.6641025641025641
0.5922077922047159,0.5102040816311656,0.5769230769230769
0.37142857142664193,0.7346938775488785,0.4511538461538461
0.38181818181619837,0.740524781338949,0.4573076923076923
0.3844155844135875,0.7390670553914314,0.3223076923076923
0.37922077921880926,0.7361516034963961,0.4133333333333333
0.37662337662142015,0.7376093294439137,0.44448717948717953
0.37402597402403104,0.7332361516013608,0.40474358974358965
0.4051948051927003,0.7142857142836319,0.34089743589743593
0.397402597400533,0.7157434402311494,0.3757692307692308
0.3948051948031439,0.7201166180737023,0.35038461538461535
0.3870129870109766,0.7215743440212199,0.41782051282051286
0.43376623376398044,0.6953352769659028,0.4382051282051283
0.37142857142664193,0.7303206997063256,0.39435897435897443
0.3844155844135875,0.7259475218637728,0.39512820512820507
0.3999999999979221,0.717201166178667,0.3557692307692308
0.43896103895875865,0.6924198250708676,0.46884615384615375
0.44155844155614776,0.6938775510183852,0.4847435897435898
0.3896103896083657,0.7230320699687376,0.40935897435897445
0.37922077921880926,0.728862973758808,0.40910256410256407
0.4311688311665914,0.6997084548084557,0.4526923076923077
0.4025974025953112,0.7128279883361143,0.373974358974359
0.37402597402403104,0.7317784256538432,0.3897435897435898
0.43636363636136954,0.6967930029134205,0.45999999999999996
0.4285714285692023,0.6982507288609381,0.4456410256410257
0.37662337662142015,0.7274052478112903,0.40141025641025646
0.3922077922057548,0.7186588921261847,0.3758974358974358
0.38181818181619837,0.7244897959162552,0.42525641025641026
0.5636363636334357,0.622448979590022,0.48717948717948717
0.5662337662308248,0.6239067055375397,0.5214102564102564
0.4103896103874785,0.7113702623885966,0.358974358974359
0.5532467532438793,0.6282798833800926,0.5544871794871795
0.48051948051698434,0.6355685131176806,0.5192307692307693
0.37142857142664193,0.5801749271120111,0.5384615384615384
0.4051948051927003,0.584548104954564,0.5833333333333334
0.4675324675300388,0.6195335276949868,0.5897435897435898
0.397402597400533,0.5889212827971169,0.5811538461538461
0.3999999999979221,0.5874635568495993,0.6794871794871795
0.37402597402403104,0.5787172011644935,0.5683333333333334
0.4103896103874785,0.5816326530595288,0.5192307692307693
0.41818181817964584,0.553935860056694,0.6666666666666666
0.4701298701274279,0.6180758017474692,0.5342307692307693
0.36623376623186377,0.5131195335262009,0.5705128205128205
0.42077922077703495,0.5524781341091765,0.6496153846153846
0.4077922077900894,0.5830903790070464,0.6794871794871795
0.42337662337442405,0.5510204081616589,0.6410256410256411
0.43376623376398044,0.5685131195318702,0.6811538461538461
0.44415584415353687,0.5626822157417998,0.6788461538461539
0.5064935064908754,0.5976676384822226,0.7393589743589744
0.5168831168804318,0.615160349852434,0.6794871794871795
0.48831168830915167,0.6311953352751277,0.5626923076923077
0.43896103895875865,0.565597667636835,0.6428205128205128
0.4545454545430933,0.6268221574325749,0.6193589743589744
0.4571428571404824,0.6253644314850573,0.64
0.49610389610131894,0.603498542272293,0.7447435897435898
0.49870129869870805,0.6020408163247755,0.7396153846153846
0.446753246750926,0.5612244897942822,0.68
0.5272727272699882,0.6093294460623635,0.6282051282051282
0.5298701298673774,0.6078717201148459,0.6025641025641025
0.5038961038934863,0.5991253644297402,0.7302564102564102
0.3688311688292528,0.5116618075786832,0.5811538461538461
0.4311688311665914,0.546647230319106,0.5864102564102563
0.5012987012960972,0.6005830903772578,0.745
0.4935064935039299,0.6282798833800926,0.6752564102564103
0.5090909090882645,0.5962099125347049,0.7291025641025641
0.44155844155614776,0.5641399416893174,0.6773076923076923
0.47792207791959523,0.6370262390651982,0.5464102564102564
0.46233766233526064,0.622448979590022,0.6634615384615384
0.4597402597378715,0.6239067055375397,0.6417948717948718
0.4519480519457042,0.5583090378992469,0.6794871794871795
0.5116883116856535,0.5947521865871873,0.6816666666666666
0.5142857142830427,0.5932944606396697,0.6657692307692309
0.4155844155822567,0.5553935860042117,0.6923076923076923
0.4285714285692023,0.5481049562666236,0.5658974358974359
0.48571428571176256,0.6326530612226453,0.6506410256410257
0.48311688311437345,0.634110787170163,0.6217948717948718
0.43636363636136954,0.5670553935843526,0.6546153846153846
0.5324675324647664,0.6064139941673282,0.6153846153846154
0.4493506493483151,0.5597667638467645,0.7028205128205127
0.42597402597181316,0.5495626822141413,0.6644871794871795
0.4909090909065408,0.6297376093276101,0.6794871794871795
0.4753246753222061,0.6384839650127158,0.4775641025641026
0.4649350649326497,0.6209912536425044,0.6097435897435898
0.9818181818130816,0.5553935860042117,0.25
0.3090909090893034,0.8265306122424882,0.30128205128205127
0.31428571428408164,0.8294460641375235,0.3717948717948718
0.4649350649326497,0.5204081632637889,0.7384615384615384
0.35844155843969644,0.6180758017474692,0.5726923076923077
0.43896103895875865,0.4766763848382604,0.5983333333333334
0.5064935064908754,0.5437317784240707,0.5855128205128205
0.5116883116856535,0.5408163265290356,0.6820512820512821
0.472727272724817,0.5189504373162713,0.7083333333333334
0.48831168830915167,0.5102040816311656,0.6474358974358975
0.36623376623186377,0.622448979590022,0.5256410256410257
0.42597402597181316,0.4985422740510247,0.5787179487179487
0.5272727272699882,0.5320699708439298,0.6932051282051281
0.37142857142664193,0.46793002915315474,0.3974358974358974
0.5350649350621556,0.5306122448964122,0.6794871794871795
0.42337662337442405,0.49708454810350705,0.5865384615384616
0.48571428571176256,0.508746355683648,0.6185897435897436
0.446753246750926,0.48688046647088373,0.48717948717948717
0.43636363636136954,0.4810495626808133,0.6188461538461538
0.35584415584230733,0.6166180757999515,0.5512820512820513
0.4155844155822567,0.4927113702609542,0.6858974358974359
0.52207792207521,0.5233236151588242,0.6933333333333334
0.5142857142830427,0.5422740524765531,0.7243589743589743
0.5090909090882645,0.5451895043715884,0.7307692307692307
0.4675324675300388,0.5218658892113065,0.6743589743589743
0.6155844155812178,0.38921282798720347,0.3717948717948718
0.4935064935039299,0.5072886297361303,0.6011538461538461
0.4909090909065408,0.5058309037886127,0.7564102564102564
0.5246753246725991,0.5247813411063418,0.7006410256410257
0.5194805194778209,0.527696793001377,0.7087179487179487
0.43376623376398044,0.47959183673329564,0.6121794871794872
0.5324675324647664,0.5291545189488946,0.7047435897435897
0.5298701298673774,0.5335276967914474,0.724871794871795
0.5168831168804318,0.5262390670538594,0.6905128205128205
0.49610389610131894,0.5379008746340003,0.737948717948718
0.4545454545430933,0.5145772594737185,0.7137179487179487
0.5038961038934863,0.5364431486864827,0.7252564102564102
0.42077922077703495,0.48979591836591896,0.6282051282051282
0.4701298701274279,0.5174927113687536,0.6987179487179487
0.49870129869870805,0.539358600581518,0.6846153846153847
0.46233766233526064,0.5131195335262009,0.7221794871794872
0.5012987012960972,0.5349854227389651,0.7239743589743589
0.4311688311665914,0.49562682215598947,0.6469230769230768
0.4753246753222061,0.5029154518935776,0.717948717948718
0.3506493506475291,0.6195335276949868,0.48717948717948717
0.4285714285692023,0.4941690962084718,0.5833333333333334
0.6571428571394434,0.508746355683648,0.5384615384615384
0.6831168831133345,0.5233236151588242,0.33846153846153854
0.3402597402579727,0.7274052478112903,0.4279487179487179
0.36623376623186377,0.7186588921261847,0.4307692307692307
0.6285714285681633,0.516034985421236,0.5064102564102564
0.5870129870099376,0.4927113702609542,0.5576923076923077
0.3350649350631945,0.7244897959162552,0.4273076923076923
0.34805194805014,0.7317784256538432,0.40935897435897445
0.3298701298684163,0.7215743440212199,0.3567948717948718
0.3324675324658054,0.7230320699687376,0.42679487179487186
0.3454545454527509,0.7303206997063256,0.4337179487179487
0.6337662337629415,0.5189504373162713,0.6102564102564102
0.6259740259707742,0.5145772594737185,0.6217948717948718
0.3428571428553618,0.728862973758808,0.4423076923076923
0.5818181818151594,0.48979591836591896,0.5961538461538461
0.5974025973994941,0.4985422740510247,0.6346153846153846
0.6597402597368326,0.5102040816311656,0.6153846153846154
0.6857142857107236,0.5247813411063418,0.33974358974358976
0.620779220775996,0.5116618075786832,0.5384615384615384
0.33766233766058357,0.7259475218637728,0.4316666666666667
0.36363636363447466,0.717201166178667,0.3974358974358974
0.3688311688292528,0.7201166180737023,0.4198717948717949
0.4675324675300388,0.5728862973744231,0.8076923076923077
0.47792207791959523,0.5903790087446344,0.7115384615384616
0.4519480519457042,0.6049562682198106,0.6538461538461539
0.36363636363447466,0.46793002915315474,0.48294871794871796
0.4129870129848676,0.603498542272293,0.5961538461538461
0.35584415584230733,0.4723032069957076,0.4230769230769231
0.42337662337442405,0.5976676384822226,0.6034615384615384
0.43636363636136954,0.6137026239049164,0.5988461538461538
0.5168831168804318,0.5685131195318702,0.6923076923076923
0.42597402597181316,0.5962099125347049,0.5956410256410256
0.5194805194778209,0.5670553935843526,0.625
0.44415584415353687,0.6093294460623635,0.6252564102564102
0.43376623376398044,0.615160349852434,0.606923076923077
0.44155844155614776,0.6107871720098811,0.6089743589743589
0.43896103895875865,0.6122448979573987,0.6178205128205128
0.41818181817964584,0.6005830903772578,0.5692307692307693
0.4311688311665914,0.5932944606396697,0.645
0.35844155843969644,0.47084548104818996,0.4358974358974359
0.3506493506475291,0.47521865889074283,0.4230769230769231
0.4493506493483151,0.6064139941673282,0.6666666666666666
0.36103896103708555,0.4693877551006724,0.47012820512820513
0.446753246750926,0.6078717201148459,0.6293589743589744
0.42077922077703495,0.5991253644297402,0.592948717948718
0.37402597402403104,0.6253644314850573,0.6708974358974359
0.3948051948031439,0.6370262390651982,0.6496153846153846
0.5142857142830427,0.546647230319106,0.7051282051282052
0.4285714285692023,0.5947521865871873,0.6364102564102564
0.3532467532449182,0.4737609329432252,0.3932051282051282
0.4155844155822567,0.6020408163247755,0.6515384615384614
0.4909090909065408,0.5830903790070464,0.6634615384615384
0.3402597402579727,0.7653061224467484,0.3525641025641026
0.3454545454527509,0.7623906705517132,0.3782051282051282
0.29610389610235793,0.7346938775488785,0.4214102564102565
0.3038961038945252,0.7390670553914314,0.4465384615384615
0.2935064935049688,0.7332361516013608,0.391025641025641
0.2909090909075797,0.7376093294439137,0.4230769230769231
0.2883116883101906,0.7361516034963961,0.3942307692307692
0.29870129869974704,0.7419825072864665,0.41884615384615387
0.30129870129713615,0.7434402332339841,0.3974358974358974
0.3064935064919143,0.740524781338949,0.4551282051282051
0.4597402597378715,0.5437317784240707,0.6666666666666666
0.5298701298673774,0.5014577259460599,0.6538461538461539
0.4545454545430933,0.5408163265290356,0.6282051282051282
0.47792207791959523,0.5306122448964122,0.6916666666666667
0.5038961038934863,0.5218658892113065,0.7019230769230769
0.36623376623186377,0.5962099125347049,0.5835897435897436
0.4675324675300388,0.5364431486864827,0.7334615384615384
0.4311688311665914,0.4693877551006724,0.6730769230769231
0.5350649350621556,0.5043731778410951,0.6579487179487179
0.5324675324647664,0.5029154518935776,0.6162820512820512
0.5012987012960972,0.5204081632637889,0.7044871794871795
0.52207792207521,0.508746355683648,0.7478205128205128
0.472727272724817,0.539358600581518,0.5833333333333334
0.5116883116856535,0.5145772594737185,0.7029487179487179
0.4649350649326497,0.5349854227389651,0.6852564102564103
0.48051948051698434,0.5320699708439298,0.7096153846153845
0.5168831168804318,0.5058309037886127,0.6858974358974359
0.4909090909065408,0.5262390670538594,0.6842307692307693
0.5272727272699882,0.4999999999985423,0.655128205128205
0.3688311688292528,0.5976676384822226,0.5962820512820514
0.5142857142830427,0.516034985421236,0.6829487179487179
0.49610389610131894,0.5174927113687536,0.6720512820512821
0.48831168830915167,0.5247813411063418,0.6860256410256411
0.4935064935039299,0.527696793001377,0.6837179487179487
0.4753246753222061,0.5291545189488946,0.6926923076923077
0.48311688311437345,0.5335276967914474,0.6992307692307693
0.5090909090882645,0.5131195335262009,0.657051282051282
0.36103896103708555,0.5932944606396697,0.5934615384615386
0.4571428571404824,0.5422740524765531,0.6425641025641026
0.4025974025953112,0.4766763848382604,0.5705128205128205
0.49870129869870805,0.5189504373162713,0.7225641025641025
0.36363636363447466,0.5947521865871873,0.6039743589743589
0.5194805194778209,0.5072886297361303,0.7137179487179487
0.5246753246725991,0.5102040816311656,0.6652564102564102
0.5064935064908754,0.5116618075786832,0.6871794871794871
0.48571428571176256,0.5233236151588242,0.6934615384615385
0.4701298701274279,0.5379008746340003,0.6752564102564103
0.46233766233526064,0.5451895043715884,0.6191025641025641
0.4051948051927003,0.5903790087446344,0.6217948717948718
0.41818181817964584,0.5481049562666236,0.6282051282051282
0.397402597400533,0.5830903790070464,0.6666666666666666
0.3948051948031439,0.584548104954564,0.6346153846153846
0.4935064935039299,0.634110787170163,0.5801282051282052
0.4077922077900894,0.5889212827971169,0.5769230769230769
0.4571428571404824,0.6195335276949868,0.658076923076923
0.4285714285692023,0.553935860056694,0.6256410256410256
0.48831168830915167,0.6370262390651982,0.5961538461538461
0.4753246753222061,0.6326530612226453,0.7307692307692307
0.5168831168804318,0.6093294460623635,0.7275641025641025
0.47792207791959523,0.6311953352751277,0.7403846153846154
0.4129870129848676,0.5510204081616589,0.6217948717948718
0.46233766233526064,0.6166180757999515,0.6346153846153846
0.42337662337442405,0.5568513119517293,0.623974358974359
0.37402597402403104,0.5728862973744231,0.4935897435897436
0.5090909090882645,0.6020408163247755,0.7594871794871795
0.446753246750926,0.5670553935843526,0.6805128205128205
0.43376623376398044,0.5626822157417998,0.6376923076923077
0.5246753246725991,0.6049562682198106,0.6794871794871795
0.5012987012960972,0.5947521865871873,0.7364102564102564
0.5116883116856535,0.6005830903772578,0.7644871794871795
0.49870129869870805,0.5962099125347049,0.7557692307692309
0.44415584415353687,0.5685131195318702,0.6697435897435897
0.5142857142830427,0.5991253644297402,0.6734615384615384
0.472727272724817,0.622448979590022,0.6016666666666668
0.43896103895875865,0.5597667638467645,0.6185897435897436
0.4675324675300388,0.6253644314850573,0.6519230769230768
0.5038961038934863,0.5932944606396697,0.7170512820512821
0.48311688311437345,0.6282798833800926,0.685128205128205
0.44155844155614776,0.5583090378992469,0.67
0.4311688311665914,0.5524781341091765,0.6496153846153846
0.3922077922057548,0.5860058309020816,0.6324358974358975
0.4155844155822567,0.5495626822141413,0.6666666666666666
0.4493506493483151,0.565597667636835,0.7205128205128205
0.4519480519457042,0.5641399416893174,0.6666666666666666
0.49610389610131894,0.5976676384822226,0.7106410256410257
0.4649350649326497,0.6268221574325749,0.6691025641025641
0.4701298701274279,0.6239067055375397,0.632948717948718
0.42597402597181316,0.5553935860042117,0.623974358974359
0.42077922077703495,0.546647230319106,0.5426923076923077
0.4103896103874785,0.5874635568495993,0.6465384615384616
0.3999999999979221,0.5816326530595288,0.6153846153846154
0.5324675324647664,0.6122448979573987,0.6217948717948718
0.5272727272699882,0.615160349852434,0.6410256410256411
0.6519480519446652,0.7317784256538432,0.36538461538461536
0.5064935064908754,0.603498542272293,0.740897435897436
0.5350649350621556,0.6107871720098811,0.6324358974358975
0.43636363636136954,0.5612244897942822,0.6746153846153847
0.4545454545430933,0.6209912536425044,0.6444871794871795
0.4597402597378715,0.6180758017474692,0.6057692307692307
0.4909090909065408,0.6355685131176806,0.5224358974358975
0.48051948051698434,0.6297376093276101,0.717948717948718
0.3350649350631945,0.7580174927091603,0.2991025641025641
0.31428571428408164,0.7463556851290194,0.47435897435897434
0.29870129869974704,0.7434402332339841,0.41500000000000004
0.30129870129713615,0.7419825072864665,0.4248717948717949
0.3402597402579727,0.766763848394266,0.28205128205128205
0.2935064935049688,0.7346938775488785,0.41974358974358966
0.2883116883101906,0.7376093294439137,0.4242307692307693
0.29610389610235793,0.7332361516013608,0.391025641025641
0.2909090909075797,0.7361516034963961,0.40615384615384625
0.3064935064919143,0.7390670553914314,0.4458974358974359
0.3428571428553618,0.7653061224467484,0.27564102564102566
0.3038961038945252,0.740524781338949,0.4971794871794872
0.42077922077703495,0.6647230320680328,0.4423076923076923
0.4155844155822567,0.6676384839630681,0.5384615384615384
0.44415584415353687,0.6836734693857619,0.4273076923076923
0.43896103895875865,0.6749271137006562,0.4828205128205128
0.44155844155614776,0.6763848396481739,0.4947435897435898
0.43636363636136954,0.679300291543209,0.46282051282051273
0.43376623376398044,0.6778425655956914,0.4306410256410257
0.37662337662142015,0.6399416909602335,0.6176923076923078
0.4311688311665914,0.6705539358581034,0.48717948717948717
0.37922077921880926,0.641399416907751,0.6371794871794872
0.42337662337442405,0.672011661805621,0.5384615384615384
0.4285714285692023,0.6690962099105857,0.47320512820512817
0.5428571428543228,0.546647230319106,0.7051282051282052
0.5376623376595446,0.5495626822141413,0.7307692307692307
0.42597402597181316,0.6734693877531386,0.4717948717948718
0.397402597400533,0.603498542272293,0.5993589743589743
0.5090909090882645,0.5816326530595288,0.6923076923076923
0.3844155844135875,0.6049562682198106,0.6692307692307693
0.38181818181619837,0.6064139941673282,0.5897435897435898
0.48571428571176256,0.5481049562666236,0.7692307692307693
0.3999999999979221,0.6020408163247755,0.5769230769230769
0.4701298701274279,0.5626822157417998,0.6923076923076923
0.42337662337442405,0.6297376093276101,0.5662820512820513
0.446753246750926,0.6166180757999515,0.607948717948718
0.4493506493483151,0.6209912536425044,0.5925641025641025
0.4753246753222061,0.553935860056694,0.7339743589743589
0.472727272724817,0.5612244897942822,0.735
0.5038961038934863,0.5903790087446344,0.689871794871795
0.4103896103874785,0.5962099125347049,0.6033333333333334
0.3948051948031439,0.5991253644297402,0.6282051282051282
0.4935064935039299,0.5495626822141413,0.2692307692307692
0.4285714285692023,0.6326530612226453,0.5892307692307691
0.3922077922057548,0.6005830903772578,0.6561538461538462
0.44155844155614776,0.6253644314850573,0.5993589743589743
0.4909090909065408,0.5510204081616589,0.7243589743589743
0.5064935064908754,0.5830903790070464,0.7051282051282052
0.5012987012960972,0.5918367346921521,0.6739743589743589
0.5194805194778209,0.5758017492694584,0.5192307692307693
0.5142857142830427,0.584548104954564,0.5470512820512821
0.4077922077900894,0.5976676384822226,0.6007692307692307
0.41818181817964584,0.6384839650127158,0.5769230769230769
0.49870129869870805,0.5874635568495993,0.6679487179487179
0.43896103895875865,0.6268221574325749,0.5780769230769232
0.47792207791959523,0.5524781341091765,0.7467948717948718
0.49610389610131894,0.5889212827971169,0.6652564102564102
0.43636363636136954,0.622448979590022,0.5884615384615385
0.4129870129848676,0.6355685131176806,0.5384615384615384
0.42077922077703495,0.6370262390651982,0.5769230769230769
0.36623376623186377,0.4810495626808133,0.45294871794871794
0.44415584415353687,0.6180758017474692,0.6
0.4311688311665914,0.6311953352751277,0.5782051282051281
0.43376623376398044,0.6239067055375397,0.5776923076923077
0.36103896103708555,0.47813411078577805,0.4935897435897436
0.3870129870109766,0.6093294460623635,0.6217948717948718
0.37402597402403104,0.6107871720098811,0.6153846153846154
0.42597402597181316,0.6282798833800926,0.6025641025641025
0.4025974025953112,0.5947521865871873,0.6051282051282052
0.37662337662142015,0.615160349852434,0.7115384615384616
0.48831168830915167,0.546647230319106,0.7478205128205128
0.4051948051927003,0.5932944606396697,0.6121794871794872
0.5116883116856535,0.5860058309020816,0.6794871794871795
0.48051948051698434,0.5568513119517293,0.6987179487179487
0.4519480519457042,0.6195335276949868,0.5576923076923077
0.48571428571176256,0.5962099125347049,0.717948717948718
0.4025974025953112,0.5495626822141413,0.6025641025641025
0.47792207791959523,0.603498542272293,0.6858974358974359
0.41818181817964584,0.5874635568495993,0.6384615384615384
0.4519480519457042,0.5714285714269055,0.6153846153846154
0.48051948051698434,0.5991253644297402,0.8034615384615384
0.48311688311437345,0.6005830903772578,0.7948717948717948
0.48831168830915167,0.5976676384822226,0.7256410256410256
0.4675324675300388,0.6093294460623635,0.5939743589743589
0.49870129869870805,0.6384839650127158,0.4230769230769231
0.42337662337442405,0.584548104954564,0.6371794871794872
0.4597402597378715,0.6107871720098811,0.5801282051282052
0.4311688311665914,0.5830903790070464,0.6662820512820513
0.5142857142830427,0.6297376093276101,0.6970512820512821
0.4155844155822567,0.5918367346921521,0.5769230769230769
0.3532467532449182,0.5335276967914474,0.625
0.5012987012960972,0.634110787170163,0.5384615384615384
0.4493506493483151,0.5699708454793878,0.6773076923076923
0.4935064935039299,0.5947521865871873,0.7362820512820514
0.446753246750926,0.5743440233219407,0.6816666666666666
0.3454545454527509,0.5349854227389651,0.5961538461538461
0.43896103895875865,0.5758017492694584,0.6358974358974359
0.44155844155614776,0.577259475216976,0.6461538461538462
0.4285714285692023,0.5816326530595288,0.6646153846153846
0.5324675324647664,0.6166180757999515,0.6538461538461539
0.44415584415353687,0.5728862973744231,0.6670512820512821
0.42077922077703495,0.5889212827971169,0.6153846153846154
0.4051948051927003,0.5510204081616589,0.5448717948717948
0.43376623376398044,0.5787172011644935,0.67
0.5168831168804318,0.6253644314850573,0.6705128205128205
0.29610389610235793,0.5189504373162713,0.30128205128205127
0.52207792207521,0.622448979590022,0.6566666666666666
0.4571428571404824,0.615160349852434,0.6666666666666666
0.5350649350621556,0.6180758017474692,0.6506410256410257
0.3844155844135875,0.5626822157417998,0.4935897435897436
0.42597402597181316,0.5860058309020816,0.6292307692307693
0.5090909090882645,0.6326530612226453,0.8012820512820513
0.4077922077900894,0.546647230319106,0.6217948717948718
0.4909090909065408,0.5932944606396697,0.6730769230769231
0.5116883116856535,0.6282798833800926,0.6814102564102564
0.5194805194778209,0.6268221574325749,0.6371794871794872
0.4103896103874785,0.5481049562666236,0.6880769230769231
0.5298701298673774,0.6209912536425044,0.6410256410256411
0.5246753246725991,0.6239067055375397,0.6865384615384615
0.4129870129848676,0.5903790087446344,0.5662820512820513
0.43636363636136954,0.5801749271120111,0.6748717948717948
0.3922077922057548,0.6443148688027863,0.4551282051282051
0.43636363636136954,0.6661807580155505,0.4723076923076924
0.4285714285692023,0.6822157434382443,0.4511538461538461
0.397402597400533,0.641399416907751,0.47435897435897434
0.43896103895875865,0.6647230320680328,0.4944871794871794
0.44155844155614776,0.6632653061205153,0.512051282051282
0.3948051948031439,0.6428571428552686,0.5214102564102564
0.43376623376398044,0.6676384839630681,0.5182051282051282
0.446753246750926,0.672011661805621,0.5128205128205128
0.4311688311665914,0.6807580174907266,0.4535897435897435
0.42597402597181316,0.6836734693857619,0.41282051282051285
0.44415584415353687,0.6734693877531386,0.341025641025641
0.3896103896083657,0.7346938775488785,0.36961538461538457
0.3870129870109766,0.7332361516013608,0.33653846153846156
0.3844155844135875,0.7376093294439137,0.3957692307692308
0.4285714285692023,0.7565597667616427,0.38461538461538464
0.37662337662142015,0.7390670553914314,0.4323076923076923
0.38181818181619837,0.7361516034963961,0.363974358974359
0.31168831168669253,0.8294460641375235,0.2948717948717949
0.3064935064919143,0.8440233236126997,0.28846153846153844
0.3428571428553618,0.7594752186566779,0.34294871794871795
0.3402597402579727,0.7609329446041956,0.34987179487179493
0.2935064935049688,0.740524781338949,0.4519230769230769
0.3064935064919143,0.7332361516013608,0.41269230769230764
0.3038961038945252,0.7346938775488785,0.3748717948717948
0.30129870129713615,0.7361516034963961,0.39679487179487183
0.29610389610235793,0.7390670553914314,0.4807692307692308
0.29870129869974704,0.7376093294439137,0.4428205128205129
0.3454545454527509,0.7580174927091603,0.3743589743589744
0.3324675324658054,0.7551020408141251,0.28205128205128205
0.3506493506475291,0.7419825072864665,0.41025641025641024
0.3428571428553618,0.7492711370240547,0.4593589743589743
0.29870129869974704,0.7711370262368189,0.3162820512820513
0.36103896103708555,0.7361516034963961,0.41025641025641024
0.3454545454527509,0.7448979591815018,0.3717948717948718
0.36363636363447466,0.7376093294439137,0.37
0.3688311688292528,0.7346938775488785,0.4374358974358975
0.30129870129713615,0.7725947521843365,0.21794871794871795
0.36623376623186377,0.7332361516013608,0.41025641025641024
0.3350649350631945,0.7507288629715723,0.38461538461538464
0.35584415584230733,0.7390670553914314,0.40923076923076923
0.33766233766058357,0.7521865889190898,0.2564102564102564
0.35844155843969644,0.740524781338949,0.39
0.3402597402579727,0.747813411076537,0.40602564102564104
0.7246753246715602,0.4985422740510247,0.48717948717948717
0.446753246750926,0.679300291543209,0.48717948717948717
0.44415584415353687,0.6778425655956914,0.47217948717948716
0.38181818181619837,0.6428571428552686,0.5688461538461539
0.43896103895875865,0.6807580174907266,0.4897435897435898
0.44155844155614776,0.6822157434382443,0.46794871794871795
0.4285714285692023,0.6632653061205153,0.5064102564102564
0.3870129870109766,0.6399416909602335,0.5534615384615384
0.3896103896083657,0.641399416907751,0.5448717948717948
0.43376623376398044,0.6836734693857619,0.4430769230769231
0.43636363636136954,0.6851311953332795,0.466025641025641
0.4311688311665914,0.6647230320680328,0.503974358974359
0.42077922077703495,0.6705539358581034,0.4914102564102564
0.42597402597181316,0.6676384839630681,0.48294871794871796
0.5428571428543228,0.5437317784240707,0.6410256410256411
0.5532467532438793,0.5379008746340003,0.7083333333333334
0.5558441558412683,0.539358600581518,0.717948717948718
0.6571428571394434,0.47959183673329564,0.5
0.5376623376595446,0.5408163265290356,0.5769230769230769
0.5922077922047159,0.5131195335262009,0.6282051282051282
0.5610389610360466,0.5306122448964122,0.636923076923077
0.5792207792177703,0.5174927113687536,0.6125641025641025
0.5402597402569338,0.5422740524765531,0.5791025641025641
0.5506493506464901,0.5364431486864827,0.623076923076923
0.6025974025942723,0.5072886297361303,0.6089743589743589
0.5584415584386575,0.5291545189488946,0.6653846153846155
0.5844155844125485,0.5204081632637889,0.6057692307692307
0.6441558441524979,0.4839650145758485,0.5352564102564102
0.620779220775996,0.4941690962084718,0.5576923076923077
0.5740259740229922,0.5262390670538594,0.6483333333333332
0.6415584415551088,0.4825072886283309,0.44871794871794873
0.5636363636334357,0.5320699708439298,0.6447435897435898
0.5870129870099376,0.5218658892113065,0.6124358974358974
0.571428571425603,0.5247813411063418,0.6282051282051282
0.5766233766203812,0.527696793001377,0.6506410256410257
0.5688311688282139,0.5233236151588242,0.6347435897435898
0.5662337662308248,0.5335276967914474,0.6820512820512821
0.5818181818151594,0.5189504373162713,0.6194871794871794
0.6129870129838286,0.5014577259460599,0.6153846153846154
0.5974025973994941,0.516034985421236,0.5801282051282052
0.6233766233733851,0.49562682215598947,0.559871794871795
0.5480519480491011,0.5349854227389651,0.7221794871794872
0.5896103896073267,0.5116618075786832,0.6487179487179486
0.5948051948021049,0.5145772594737185,0.617948717948718
0.6155844155812178,0.49708454810350705,0.5214102564102564
0.6493506493472762,0.516034985421236,0.6089743589743589
0.646753246749887,0.5145772594737185,0.5897435897435898
0.6597402597368326,0.5218658892113065,0.4807692307692308
0.6519480519446652,0.5174927113687536,0.5726923076923077
0.35584415584230733,0.7244897959162552,0.4446153846153847
0.36103896103708555,0.7274052478112903,0.42038461538461547
0.6545454545420544,0.5189504373162713,0.5076923076923077
0.3688311688292528,0.7317784256538432,0.40333333333333327
0.36623376623186377,0.7303206997063256,0.40628205128205125
0.35844155843969644,0.7259475218637728,0.4499999999999999
0.3532467532449182,0.7230320699687376,0.45615384615384613
0.3506493506475291,0.7215743440212199,0.4391025641025641
0.36363636363447466,0.728862973758808,0.387948717948718
0.6415584415551088,0.5116618075786832,0.47435897435897434
0.620779220775996,0.4999999999985423,0.532051282051282
0.6441558441524979,0.5131195335262009,0.44871794871794873
0.6311688311655524,0.5058309037886127,0.3782051282051282
0.6103896103864396,0.4941690962084718,0.48717948717948717
0.6571428571394434,0.5204081632637889,0.47435897435897434
0.5428571428543228,0.508746355683648,0.6051282051282052
0.5558441558412683,0.5043731778410951,0.6428205128205128
0.5688311688282139,0.5116618075786832,0.6358974358974359
0.6857142857107236,0.49562682215598947,0.3974358974358974
0.2857142857128015,0.7259475218637728,0.33974358974358976
0.5896103896073267,0.5233236151588242,0.6834615384615385
0.6909090909055018,0.4985422740510247,0.4230769230769231
0.5012987012960972,0.3921282798822387,0.3076923076923077
0.5480519480491011,0.4999999999985423,0.6167948717948718
0.5870129870099376,0.5335276967914474,0.6196153846153846
0.5662337662308248,0.5218658892113065,0.6238461538461538
0.6103896103864396,0.5349854227389651,0.6144871794871796
0.5922077922047159,0.5247813411063418,0.6433333333333334
0.5454545454517119,0.5102040816311656,0.6241025641025642
0.5766233766203812,0.516034985421236,0.6105128205128205
0.5792207792177703,0.5291545189488946,0.6741025641025641
0.5740259740229922,0.5145772594737185,0.6461538461538462
0.6649350649316108,0.4839650145758485,0.44871794871794873
0.571428571425603,0.5131195335262009,0.6437179487179486
0.5636363636334357,0.5204081632637889,0.6174358974358974
0.5974025973994941,0.527696793001377,0.6226923076923077
0.5948051948021049,0.5262390670538594,0.6666666666666666
0.5402597402569338,0.5072886297361303,0.5892307692307691
0.5584415584386575,0.5174927113687536,0.6496153846153846
0.6051948051916614,0.5437317784240707,0.6062820512820514
0.6129870129838286,0.5364431486864827,0.615
0.5610389610360466,0.5189504373162713,0.6432051282051282
0.6883116883081127,0.49708454810350705,0.3782051282051282
0.5532467532438793,0.5029154518935776,0.5862820512820514
0.5844155844125485,0.5320699708439298,0.6185897435897436
0.27532467532324506,0.7317784256538432,0.3824358974358974
0.6155844155812178,0.5379008746340003,0.6262820512820512
0.5506493506464901,0.5014577259460599,0.622051282051282
0.2831168831154124,0.7244897959162552,0.46153846153846156
0.5818181818151594,0.5306122448964122,0.7307692307692307
0.6181818181786068,0.539358600581518,0.6196153846153846
0.5999999999968831,0.5408163265290356,0.5705128205128205
0.5376623376595446,0.5058309037886127,0.6273076923076923
0.6025974025942723,0.5422740524765531,0.5683333333333334
0.446753246750926,0.6967930029134205,0.45294871794871794
0.5194805194778209,0.6443148688027863,0.5448717948717948
0.5454545454517119,0.6297376093276101,0.6205128205128206
0.4025974025953112,0.7186588921261847,0.38461538461538464
0.44415584415353687,0.6953352769659028,0.4230769230769231
0.37922077921880926,0.7230320699687376,0.43205128205128207
0.38181818181619837,0.7303206997063256,0.3751282051282052
0.37142857142664193,0.7244897959162552,0.4225641025641025
0.44155844155614776,0.6880466472283148,0.47884615384615375
0.42597402597181316,0.7084548104935614,0.3141025641025641
0.4311688311665914,0.7055393585985261,0.40461538461538465
0.3870129870109766,0.7274052478112903,0.33192307692307693
0.43636363636136954,0.6909620991233499,0.46153846153846156
0.37662337662142015,0.7215743440212199,0.4161538461538461
0.37402597402403104,0.7259475218637728,0.40974358974358965
0.3896103896083657,0.728862973758808,0.3235897435897435
0.43376623376398044,0.6895043731758324,0.4449999999999999
0.43896103895875865,0.6865889212807972,0.47641025641025636
0.3844155844135875,0.7317784256538432,0.3766666666666666
0.4285714285692023,0.7040816326510085,0.42128205128205126
0.5428571428543228,0.6282798833800926,0.6538461538461539
0.397402597400533,0.709912536441079,0.2948717948717949
0.5168831168804318,0.6428571428552686,0.5238461538461539
0.4753246753222061,0.4810495626808133,0.6689743589743591
0.5324675324647664,0.46064139941556664,0.46153846153846156
0.49870129869870805,0.46793002915315474,0.5128205128205128
0.36103896103708555,0.5568513119517293,0.6410256410256411
0.43896103895875865,0.5014577259460599,0.6891025641025641
0.43376623376398044,0.5043731778410951,0.6452564102564102
0.3948051948031439,0.5262390670538594,0.5384615384615384
0.3922077922057548,0.527696793001377,0.5555128205128205
0.3999999999979221,0.5233236151588242,0.6361538461538462
0.3870129870109766,0.5422740524765531,0.5256410256410257
0.4311688311665914,0.5174927113687536,0.665
0.4077922077900894,0.5306122448964122,0.5911538461538461
0.36363636363447466,0.5553935860042117,0.6089743589743589
0.4129870129848676,0.516034985421236,0.6105128205128205
0.42337662337442405,0.5218658892113065,0.6312820512820512
0.42077922077703495,0.5116618075786832,0.6274358974358974
0.37662337662142015,0.5364431486864827,0.5769230769230769
0.4051948051927003,0.5320699708439298,0.6141025641025641
0.42597402597181316,0.5204081632637889,0.6202564102564102
0.41818181817964584,0.5131195335262009,0.6358974358974359
0.4155844155822567,0.5145772594737185,0.6333333333333334
0.446753246750926,0.508746355683648,0.6698717948717948
0.43636363636136954,0.5029154518935776,0.6502564102564102
0.4025974025953112,0.5335276967914474,0.5480769230769231
0.6103896103864396,0.4169096209900382,0.46794871794871795
0.4103896103874785,0.5291545189488946,0.6047435897435898
0.4493506493483151,0.5072886297361303,0.6666666666666666
0.4285714285692023,0.5189504373162713,0.6346153846153846
0.44415584415353687,0.5102040816311656,0.7107692307692307
0.397402597400533,0.5247813411063418,0.5897435897435898
0.37922077921880926,0.5349854227389651,0.5641025641025641
0.37402597402403104,0.5379008746340003,0.5801282051282052
0.7662337662297859,0.4999999999985423,0.375
0.745454545450673,0.5116618075786832,0.3269230769230769
0.7792207792167314,0.5072886297361303,0.3034615384615385
0.7740259740219532,0.49708454810350705,0.3076923076923077
0.48311688311437345,0.5860058309020816,0.6666666666666666
0.49870129869870805,0.5481049562666236,0.7564102564102564
0.472727272724817,0.5801749271120111,0.7307692307692307
0.37922077921880926,0.6209912536425044,0.717948717948718
0.4909090909065408,0.5903790087446344,0.7093589743589743
0.4545454545430933,0.5699708454793878,0.7371794871794872
0.5350649350621556,0.5685131195318702,0.6794871794871795
0.4519480519457042,0.615160349852434,0.5726923076923077
0.47792207791959523,0.5830903790070464,0.6987179487179487
0.4571428571404824,0.5714285714269055,0.6025641025641025
0.4493506493483151,0.6137026239049164,0.594871794871795
0.3532467532449182,0.4664723032056371,0.5256410256410257
0.42337662337442405,0.5991253644297402,0.6089743589743589
0.41818181817964584,0.5962099125347049,0.622051282051282
0.4129870129848676,0.5932944606396697,0.5961538461538461
0.4155844155822567,0.5947521865871873,0.5888461538461539
0.42597402597181316,0.6005830903772578,0.6282051282051282
0.44155844155614776,0.6093294460623635,0.6223076923076923
0.42077922077703495,0.5976676384822226,0.6326923076923077
0.43376623376398044,0.6049562682198106,0.6153846153846154
0.44415584415353687,0.6107871720098811,0.6165384615384616
0.4935064935039299,0.5918367346921521,0.6474358974358975
0.4311688311665914,0.603498542272293,0.6201282051282052
0.43896103895875865,0.6078717201148459,0.6132051282051282
0.4753246753222061,0.5816326530595288,0.7564102564102564
0.4285714285692023,0.6020408163247755,0.6111538461538462
0.446753246750926,0.6122448979573987,0.6052564102564102
0.43636363636136954,0.6064139941673282,0.6373076923076922
0.35584415584230733,0.46793002915315474,0.4775641025641026
0.35844155843969644,0.4693877551006724,0.47269230769230774
0.3999999999979221,0.6326530612226453,0.47012820512820513
0.36363636363447466,0.4723032069957076,0.42948717948717946
0.31428571428408164,0.7419825072864665,0.4423076923076923
0.3090909090893034,0.7390670553914314,0.4558974358974359
0.3272727272710272,0.7376093294439137,0.40294871794871806
0.29870129869974704,0.7448979591815018,0.40602564102564104
0.31948051947885986,0.7332361516013608,0.3871794871794872
0.32207792207624897,0.7346938775488785,0.39602564102564103
0.3246753246736381,0.7361516034963961,0.36294871794871797
0.3038961038945252,0.747813411076537,0.38461538461538464
0.30129870129713615,0.7463556851290194,0.4410256410256411
0.31168831168669253,0.740524781338949,0.40602564102564104
0.5376623376595446,0.6005830903772578,0.5961538461538461
0.42597402597181316,0.709912536441079,0.3310256410256409
0.4649350649326497,0.641399416907751,0.6538461538461539
0.4285714285692023,0.7142857142836319,0.40384615384615385
0.42337662337442405,0.7113702623885966,0.3301282051282051
0.472727272724817,0.6428571428552686,0.5961538461538461
0.43896103895875865,0.7317784256538432,0.3808974358974358
0.43636363636136954,0.7274052478112903,0.40166666666666667
0.4311688311665914,0.7128279883361143,0.391025641025641
0.43376623376398044,0.728862973758808,0.40064102564102566
0.5792207792177703,0.6239067055375397,0.4166666666666667
0.4675324675300388,0.6399416909602335,0.5384615384615384
0.4701298701274279,0.6443148688027863,0.44871794871794873
0.5584415584386575,0.6122448979573987,0.3782051282051282
0.4519480519457042,0.5801749271120111,0.5555128205128205
0.4051948051927003,0.553935860056694,0.6752564102564103
0.4545454545430933,0.6049562682198106,0.6987179487179487
0.48051948051698434,0.5962099125347049,0.7435897435897436
0.4077922077900894,0.5553935860042117,0.6378205128205128
0.48311688311437345,0.5976676384822226,0.7307692307692307
0.3688311688292528,0.5335276967914474,0.6
0.43636363636136954,0.5714285714269055,0.6401282051282052
0.49870129869870805,0.6297376093276101,0.6762820512820513
0.47792207791959523,0.5947521865871873,0.6384615384615384
0.472727272724817,0.615160349852434,0.6367948717948718
0.5012987012960972,0.6311953352751277,0.623974358974359
0.5038961038934863,0.6326530612226453,0.5384615384615384
0.52207792207521,0.6195335276949868,0.6367948717948718
0.4129870129848676,0.5816326530595288,0.5576923076923077
0.5116883116856535,0.6370262390651982,0.6602564102564102
0.5246753246725991,0.6209912536425044,0.6679487179487179
0.42077922077703495,0.5860058309020816,0.6164102564102564
0.5194805194778209,0.6180758017474692,0.6730769230769231
0.48831168830915167,0.6005830903772578,0.7107692307692307
0.41818181817964584,0.584548104954564,0.6264102564102564
0.1168831168825097,0.3921282798822387,0.4166666666666667
0.36623376623186377,0.5320699708439298,0.6025641025641025
0.4909090909065408,0.6020408163247755,0.7152564102564103
0.4493506493483151,0.5787172011644935,0.6776923076923077
0.4311688311665914,0.5918367346921521,0.6393589743589744
0.446753246750926,0.577259475216976,0.6737179487179487
0.4285714285692023,0.5903790087446344,0.6378205128205128
0.44155844155614776,0.5743440233219407,0.652051282051282
0.42597402597181316,0.5889212827971169,0.6084615384615384
0.44415584415353687,0.5758017492694584,0.6746153846153847
0.4935064935039299,0.603498542272293,0.7421794871794872
0.3999999999979221,0.5510204081616589,0.6602564102564102
0.5272727272699882,0.622448979590022,0.6933333333333334
0.43376623376398044,0.5699708454793878,0.6624358974358975
0.49610389610131894,0.6282798833800926,0.6834615384615385
0.48571428571176256,0.5991253644297402,0.6837179487179487
0.5350649350621556,0.6268221574325749,0.6871794871794871
0.46233766233526064,0.6093294460623635,0.6496153846153846
0.43896103895875865,0.5728862973744231,0.6256410256410256
0.5298701298673774,0.6239067055375397,0.6891025641025641
0.4571428571404824,0.6064139941673282,0.6324358974358975
0.36363636363447466,0.5306122448964122,0.6153846153846154
0.3506493506475291,0.5233236151588242,0.6282051282051282
0.42337662337442405,0.5874635568495993,0.6456410256410257
0.397402597400533,0.5495626822141413,0.5426923076923077
0.3922077922057548,0.546647230319106,0.6067948717948718
0.5558441558412683,0.6618075801729977,0.3717948717948718
0.5324675324647664,0.6253644314850573,0.6474358974358975
0.5142857142830427,0.6384839650127158,0.6089743589743589
0.3870129870109766,0.5670553935843526,0.5961538461538461
0.31168831168669253,0.8221574343999354,0.35474358974358977
0.31428571428408164,0.8236151603474531,0.27564102564102566
0.7298701298663384,0.5131195335262009,0.34192307692307694
0.7324675324637275,0.5116618075786832,0.3183333333333333
0.7142857142820037,0.5102040816311656,0.4124358974358975
0.7168831168793929,0.508746355683648,0.3965384615384616
0.7194805194767819,0.5072886297361303,0.4935897435897436
0.7246753246715602,0.516034985421236,0.3291025641025641
0.7038961038924473,0.5043731778410951,0.4230769230769231
0.7272727272689493,0.5145772594737185,0.3641025641025642
0.7116883116846147,0.4999999999985423,0.3525641025641026
0.7220779220741711,0.5058309037886127,0.5384615384615384
0.7064935064898364,0.5029154518935776,0.3230769230769231
0.7090909090872255,0.5014577259460599,0.3632051282051282
0.36103896103708555,0.4766763848382604,0.5384615384615384
0.48311688311437345,0.5568513119517293,0.6794871794871795
0.3999999999979221,0.603498542272293,0.6346153846153846
0.37662337662142015,0.6137026239049164,0.6324358974358975
0.4519480519457042,0.6209912536425044,0.5846153846153845
0.37142857142664193,0.6107871720098811,0.6153846153846154
0.4285714285692023,0.6311953352751277,0.5897435897435898
0.5116883116856535,0.584548104954564,0.6730769230769231
0.4493506493483151,0.6195335276949868,0.6107692307692307
0.3948051948031439,0.6005830903772578,0.6037179487179488
0.4025974025953112,0.5932944606396697,0.6089743589743589
0.44415584415353687,0.6166180757999515,0.610897435897436
0.43896103895875865,0.6253644314850573,0.5835897435897436
0.4103896103874785,0.5976676384822226,0.6126923076923078
0.4909090909065408,0.5495626822141413,0.6496153846153846
0.43636363636136954,0.6239067055375397,0.5683333333333334
0.4077922077900894,0.5962099125347049,0.5911538461538461
0.49610389610131894,0.5874635568495993,0.6682051282051282
0.446753246750926,0.6180758017474692,0.5908974358974359
0.49870129869870805,0.5889212827971169,0.6812820512820513
0.5064935064908754,0.5816326530595288,0.7564102564102564
0.5038961038934863,0.5918367346921521,0.7021794871794871
0.42077922077703495,0.6384839650127158,0.5369230769230768
0.48831168830915167,0.5481049562666236,0.7403846153846154
0.48571428571176256,0.546647230319106,0.6941025641025641
0.4545454545430933,0.5641399416893174,0.6111538461538462
0.38181818181619837,0.6049562682198106,0.6346153846153846
0.4753246753222061,0.5524781341091765,0.7606410256410256
0.44155844155614776,0.6268221574325749,0.5687179487179487
0.3922077922057548,0.5991253644297402,0.6474358974358975
0.4311688311665914,0.6326530612226453,0.5870512820512821
0.397402597400533,0.6020408163247755,0.5256410256410257
0.4051948051927003,0.5947521865871873,0.5897435897435898
0.42597402597181316,0.6297376093276101,0.6097435897435898
0.42337662337442405,0.6282798833800926,0.6166666666666666
0.5142857142830427,0.5860058309020816,0.6794871794871795
0.43376623376398044,0.622448979590022,0.5897435897435898
0.36363636363447466,0.47813411078577805,0.42948717948717946
0.5012987012960972,0.5903790087446344,0.7137179487179487
0.37402597402403104,0.6122448979573987,0.6410256410256411
0.48051948051698434,0.5553935860042117,0.6496153846153846
0.47792207791959523,0.553935860056694,0.6624358974358975
0.4701298701274279,0.5612244897942822,0.7243589743589743
0.472727272724817,0.5626822157417998,0.6282051282051282
0.2857142857128015,0.7390670553914314,0.4326923076923077
0.2831168831154124,0.740524781338949,0.41025641025641024
0.27532467532324506,0.7332361516013608,0.3883333333333334
0.30129870129713615,0.8236151603474531,0.34294871794871795
0.2675324675310778,0.7376093294439137,0.38461538461538464
0.3038961038945252,0.8221574343999354,0.34358974358974353
0.29870129869974704,0.8250728862949707,0.30128205128205127
0.27272727272585595,0.7346938775488785,0.2948717948717949
0.2701298701284669,0.7361516034963961,0.35474358974358977
0.5480519480491011,0.5408163265290356,0.6153846153846154
0.5792207792177703,0.5116618075786832,0.6137179487179488
0.5844155844125485,0.5145772594737185,0.6324358974358975
0.5766233766203812,0.5335276967914474,0.7073076923076923
0.5376623376595446,0.5349854227389651,0.7120512820512821
0.5610389610360466,0.5247813411063418,0.6376923076923077
0.52207792207521,0.3629737609318864,0.42948717948717946
0.5922077922047159,0.5189504373162713,0.6235897435897436
0.5948051948021049,0.5204081632637889,0.6087179487179488
0.571428571425603,0.5306122448964122,0.7093589743589743
0.5662337662308248,0.527696793001377,0.6417948717948718
0.5402597402569338,0.5364431486864827,0.6137179487179488
0.5974025973994941,0.5218658892113065,0.6553846153846155
0.5584415584386575,0.5233236151588242,0.6321794871794872
0.5818181818151594,0.5131195335262009,0.6593589743589744
0.6181818181786068,0.5102040816311656,0.6378205128205128
0.5896103896073267,0.5174927113687536,0.6196153846153846
0.5688311688282139,0.5291545189488946,0.6923076923076923
0.5636363636334357,0.5262390670538594,0.6534615384615384
0.5428571428543228,0.5379008746340003,0.6002564102564102
0.6025974025942723,0.5014577259460599,0.6708974358974359
0.6441558441524979,0.47813411078577805,0.358974358974359
0.5454545454517119,0.539358600581518,0.6923076923076923
0.5870129870099376,0.516034985421236,0.6062820512820514
0.5740259740229922,0.5320699708439298,0.5535897435897437
0.4571428571404824,0.5116618075786832,0.6666666666666666
0.4545454545430933,0.5131195335262009,0.6367948717948718
0.35844155843969644,0.6195335276949868,0.6794871794871795
0.4649350649326497,0.5189504373162713,0.7093589743589743
0.5142857142830427,0.5437317784240707,0.6987179487179487
0.49870129869870805,0.5349854227389651,0.726923076923077
0.43636363636136954,0.4766763848382604,0.597051282051282
0.52207792207521,0.527696793001377,0.7260256410256409
0.41818181817964584,0.4927113702609542,0.6043589743589743
0.5064935064908754,0.5422740524765531,0.6708974358974359
0.5038961038934863,0.5379008746340003,0.7130769230769232
0.42597402597181316,0.4941690962084718,0.5282051282051282
0.5012987012960972,0.539358600581518,0.6810256410256411
0.42337662337442405,0.49562682215598947,0.6282051282051282
0.4285714285692023,0.4985422740510247,0.6089743589743589
0.4311688311665914,0.49708454810350705,0.625
0.5272727272699882,0.5306122448964122,0.6960256410256411
0.5324675324647664,0.5335276967914474,0.7344871794871796
0.5090909090882645,0.5408163265290356,0.7664102564102564
0.5168831168804318,0.5247813411063418,0.6942307692307693
0.5194805194778209,0.5233236151588242,0.6558974358974359
0.49610389610131894,0.5364431486864827,0.6548717948717948
0.472727272724817,0.5204081632637889,0.7093589743589743
0.4701298701274279,0.5218658892113065,0.6703846153846155
0.5246753246725991,0.5262390670538594,0.6952564102564103
0.6103896103864396,0.3906705539347211,0.44871794871794873
0.3506493506475291,0.6180758017474692,0.5085897435897436
0.48311688311437345,0.5029154518935776,0.7948717948717948
0.5350649350621556,0.5320699708439298,0.6932051282051281
0.5298701298673774,0.5291545189488946,0.7080769230769232
0.43896103895875865,0.4810495626808133,0.6282051282051282
0.4675324675300388,0.5174927113687536,0.7521794871794872
0.4909090909065408,0.5102040816311656,0.533076923076923
0.4753246753222061,0.5014577259460599,0.7147435897435898
0.43376623376398044,0.47813411078577805,0.6025641025641025
0.42077922077703495,0.4912536443134366,0.652051282051282
0.48831168830915167,0.5058309037886127,0.52
0.4935064935039299,0.508746355683648,0.4358974358974359
0.48571428571176256,0.5072886297361303,0.48948717948717957
0.37402597402403104,0.5903790087446344,0.6333333333333334
0.4129870129848676,0.5685131195318702,0.623974358974359
0.5766233766203812,0.6632653061205153,0.5384615384615384
0.5012987012960972,0.6122448979573987,0.7335897435897436
0.4909090909065408,0.6180758017474692,0.6891025641025641
0.3999999999979221,0.5758017492694584,0.5426923076923077
0.42077922077703495,0.5641399416893174,0.5897435897435898
0.5324675324647664,0.5947521865871873,0.6752564102564103
0.42597402597181316,0.5612244897942822,0.6217948717948718
0.44155844155614776,0.5524781341091765,0.6297435897435898
0.5272727272699882,0.5976676384822226,0.6837179487179487
0.49870129869870805,0.6137026239049164,0.7596153846153846
0.49610389610131894,0.615160349852434,0.6496153846153846
0.4597402597378715,0.6355685131176806,0.6396153846153846
0.47792207791959523,0.6253644314850573,0.6860256410256411
0.52207792207521,0.6005830903772578,0.6778205128205129
0.4753246753222061,0.6268221574325749,0.6807692307692307
0.472727272724817,0.6282798833800926,0.6794871794871795
0.48051948051698434,0.6239067055375397,0.69
0.48831168830915167,0.6195335276949868,0.6979487179487179
0.37142857142664193,0.5918367346921521,0.5961538461538461
0.43636363636136954,0.5553935860042117,0.6242307692307693
0.5246753246725991,0.5991253644297402,0.6474358974358975
0.4311688311665914,0.5583090378992469,0.607051282051282
0.5116883116856535,0.6064139941673282,0.6987179487179487
0.43376623376398044,0.5568513119517293,0.6373076923076922
0.4649350649326497,0.6326530612226453,0.7144871794871795
0.4701298701274279,0.6297376093276101,0.6666666666666666
0.5168831168804318,0.603498542272293,0.7324358974358974
0.4493506493483151,0.5481049562666236,0.6683333333333332
0.5350649350621556,0.5932944606396697,0.75
0.48311688311437345,0.622448979590022,0.69
0.446753246750926,0.5495626822141413,0.635
0.29870129869974704,0.539358600581518,0.46153846153846156
0.4519480519457042,0.546647230319106,0.6410256410256411
0.4285714285692023,0.5597667638467645,0.6447435897435898
0.4545454545430933,0.6384839650127158,0.5530769230769231
0.48571428571176256,0.6209912536425044,0.6943589743589743
0.5090909090882645,0.6078717201148459,0.7393589743589744
0.4935064935039299,0.6166180757999515,0.7051282051282052
0.3896103896083657,0.5816326530595288,0.5384615384615384
0.43896103895875865,0.553935860056694,0.6373076923076922
0.5038961038934863,0.6107871720098811,0.7664102564102564
0.5298701298673774,0.5962099125347049,0.6666666666666666
0.5194805194778209,0.6020408163247755,0.729871794871795
0.4675324675300388,0.6311953352751277,0.7051282051282052
0.38181818181619837,0.5860058309020816,0.6153846153846154
0.5142857142830427,0.6049562682198106,0.6876923076923077
0.4571428571404824,0.6370262390651982,0.6008974358974359
0.397402597400533,0.577259475216976,0.6538461538461539
0.46233766233526064,0.634110787170163,0.7011538461538461
0.4155844155822567,0.5670553935843526,0.617948717948718
0.44415584415353687,0.5510204081616589,0.6606410256410257
0.3922077922057548,0.5801749271120111,0.5705128205128205
0.42337662337442405,0.5626822157417998,0.5939743589743589
0.3324675324658054,0.5204081632637889,0.46153846153846156
0.35844155843969644,0.5058309037886127,0.5064102564102564
0.3090909090893034,0.842565597665182,0.3076923076923077
0.5662337662308248,0.6268221574325749,0.5512820512820513
0.397402597400533,0.7186588921261847,0.3678205128205128
0.4051948051927003,0.7113702623885966,0.38461538461538464
0.41818181817964584,0.7069970845460437,0.41025641025641024
0.4285714285692023,0.7011661807559733,0.4367948717948717
0.4077922077900894,0.7128279883361143,0.3728205128205128
0.38181818181619837,0.7215743440212199,0.4258974358974359
0.43896103895875865,0.6953352769659028,0.47435897435897434
0.43376623376398044,0.6924198250708676,0.4533333333333333
0.37662337662142015,0.7303206997063256,0.3916666666666666
0.3870129870109766,0.7244897959162552,0.3782051282051282
0.42597402597181316,0.6997084548084557,0.40769230769230763
0.4311688311665914,0.702623906703491,0.4453846153846153
0.43636363636136954,0.6938775510183852,0.4515384615384615
0.37922077921880926,0.7317784256538432,0.3801282051282052
0.44415584415353687,0.6865889212807972,0.38782051282051283
0.3948051948031439,0.717201166178667,0.39064102564102565
0.37142857142664193,0.7274052478112903,0.41679487179487185
0.37402597402403104,0.728862973758808,0.4250000000000001
0.3844155844135875,0.7230320699687376,0.3974358974358974
0.3896103896083657,0.7259475218637728,0.34192307692307694
0.42077922077703495,0.7084548104935614,0.41346153846153844
0.44155844155614776,0.6967930029134205,0.4675641025641025
0.4103896103874785,0.7142857142836319,0.3743589743589744
0.5480519480491011,0.6282798833800926,0.5769230769230769
0.3999999999979221,0.7201166180737023,0.3782051282051282
0.5610389610360466,0.6239067055375397,0.40602564102564104
0.3922077922057548,0.7157434402311494,0.3974358974358974
0.42337662337442405,0.6676384839630681,0.5192307692307693
0.38181818181619837,0.6443148688027863,0.5769230769230769
0.44415584415353687,0.679300291543209,0.5064102564102564
0.4311688311665914,0.6632653061205153,0.5139743589743591
0.43376623376398044,0.6851311953332795,0.45871794871794874
0.3844155844135875,0.6428571428552686,0.5741025641025641
0.42597402597181316,0.6661807580155505,0.46153846153846156
0.43636363636136954,0.6836734693857619,0.46641025641025635
0.4285714285692023,0.6647230320680328,0.48012820512820514
0.43896103895875865,0.6822157434382443,0.47769230769230775
0.44155844155614776,0.6807580174907266,0.47384615384615375
0.3870129870109766,0.641399416907751,0.559871794871795
0.3896103896083657,0.6399416909602335,0.6367948717948718
0.4545454545430933,0.6399416909602335,0.4807692307692308
0.48571428571176256,0.6574344023304448,0.3974358974358974
0.4675324675300388,0.6472303206978215,0.5256410256410257
0.4129870129848676,0.709912536441079,0.3717948717948718
0.41818181817964584,0.7128279883361143,0.39371794871794863
0.5402597402569338,0.5947521865871873,0.6858974358974359
0.4285714285692023,0.7186588921261847,0.376025641025641
0.46233766233526064,0.6443148688027863,0.40384615384615385
0.43896103895875865,0.7244897959162552,0.4551282051282051
0.43376623376398044,0.7215743440212199,0.3632051282051282
0.43636363636136954,0.7230320699687376,0.39064102564102565
0.44155844155614776,0.7259475218637728,0.4935897435897436
0.4311688311665914,0.7201166180737023,0.3942307692307692
0.4155844155822567,0.7113702623885966,0.33974358974358976
0.4103896103874785,0.7084548104935614,0.3717948717948718
0.4571428571404824,0.641399416907751,0.4914102564102564
0.42077922077703495,0.7142857142836319,0.40384615384615385
0.4129870129848676,0.5102040816311656,0.6442307692307693
0.3844155844135875,0.5262390670538594,0.5993589743589743
0.3506493506475291,0.5685131195318702,0.5769230769230769
0.3688311688292528,0.5583090378992469,0.6474358974358975
0.37662337662142015,0.5306122448964122,0.6115384615384616
0.4103896103874785,0.5349854227389651,0.6141025641025641
0.42597402597181316,0.5029154518935776,0.5820512820512821
0.37922077921880926,0.5291545189488946,0.5720512820512821
0.397402597400533,0.5422740524765531,0.6025641025641025
0.4077922077900894,0.5364431486864827,0.5884615384615385
0.44415584415353687,0.516034985421236,0.6794871794871795
0.37142857142664193,0.5335276967914474,0.6007692307692307
0.446753246750926,0.5145772594737185,0.7192307692307691
0.42337662337442405,0.5043731778410951,0.5769230769230769
0.3870129870109766,0.5247813411063418,0.6025641025641025
0.4155844155822567,0.508746355683648,0.6425641025641026
0.4493506493483151,0.5131195335262009,0.6969230769230769
0.4051948051927003,0.5379008746340003,0.6307692307692309
0.42077922077703495,0.5058309037886127,0.625
0.4285714285692023,0.5014577259460599,0.5426923076923077
0.4025974025953112,0.539358600581518,0.5961538461538461
0.43376623376398044,0.5218658892113065,0.6758974358974359
0.44155844155614776,0.5174927113687536,0.662051282051282
0.43896103895875865,0.5189504373162713,0.5858974358974359
0.48311688311437345,0.4941690962084718,0.7243589743589743
0.41818181817964584,0.5072886297361303,0.6282051282051282
0.3896103896083657,0.5233236151588242,0.5384615384615384
0.37402597402403104,0.5320699708439298,0.5769230769230769
0.4311688311665914,0.4999999999985423,0.6410256410256411
0.43636363636136954,0.5204081632637889,0.6812820512820513
0.4753246753222061,0.4985422740510247,0.592948717948718
0.29610389610235793,0.7259475218637728,0.41025641025641024
0.5480519480491011,0.4941690962084718,0.5788461538461539
0.6285714285681633,0.539358600581518,0.6602564102564102
0.6727272727237781,0.5174927113687536,0.46153846153846156
0.6779220779185563,0.5204081632637889,0.47435897435897434
0.5454545454517119,0.4927113702609542,0.6123076923076923
0.7012987012950582,0.5102040816311656,0.4470512820512821
0.6987012986976692,0.508746355683648,0.47551282051282057
0.5428571428543228,0.4912536443134366,0.5719230769230769
0.5376623376595446,0.4883381924184014,0.5752564102564103
0.5506493506464901,0.49562682215598947,0.5769230769230769
0.3064935064919143,0.7317784256538432,0.4225641025641025
0.670129870126389,0.516034985421236,0.4347435897435897
0.6259740259707742,0.5379008746340003,0.6185897435897436
0.6649350649316108,0.5131195335262009,0.5198717948717948
0.5558441558412683,0.4985422740510247,0.6116666666666666
0.6675324675289999,0.5145772594737185,0.5153846153846154
0.5402597402569338,0.48979591836591896,0.5282051282051282
0.69610389610028,0.5072886297361303,0.46974358974358976
0.6883116883081127,0.5029154518935776,0.29038461538461546
0.6909090909055018,0.5043731778410951,0.3156410256410257
0.6311688311655524,0.5408163265290356,0.6
0.6753246753211671,0.5189504373162713,0.5102564102564102
0.6857142857107236,0.5014577259460599,0.4935897435897436
0.6623376623342216,0.5116618075786832,0.5512820512820513
0.2935064935049688,0.7244897959162552,0.3942307692307692
0.29870129869974704,0.7274052478112903,0.46153846153846156
0.3272727272710272,0.7201166180737023,0.4166666666666667
0.3038961038945252,0.7303206997063256,0.4376923076923077
0.620779220775996,0.5349854227389651,0.6337179487179488
0.6233766233733851,0.5364431486864827,0.6192307692307691
0.6805194805159454,0.5218658892113065,0.3391025641025641
0.6831168831133345,0.4999999999985423,0.4230769230769231
0.693506493502891,0.5058309037886127,0.4583333333333333
0.30129870129713615,0.728862973758808,0.4391025641025641
0.5532467532438793,0.49708454810350705,0.5792307692307693
0.5610389610360466,0.47813411078577805,0.5512820512820513
0.5792207792177703,0.4912536443134366,0.6794871794871795
0.6441558441524979,0.5043731778410951,0.4358974358974359
0.5454545454517119,0.4664723032056371,0.5961538461538461
0.6545454545420544,0.5102040816311656,0.5214102564102564
0.36103896103708555,0.7186588921261847,0.358974358974359
0.3298701298684163,0.7244897959162552,0.41025641025641024
0.3454545454527509,0.7274052478112903,0.40846153846153843
0.6337662337629415,0.5218658892113065,0.6282051282051282
0.5480519480491011,0.4737609329432252,0.4935897435897436
0.6597402597368326,0.5072886297361303,0.391025641025641
0.34805194805014,0.728862973758808,0.42371794871794866
0.3428571428553618,0.7317784256538432,0.41974358974358966
0.3324675324658054,0.7259475218637728,0.4074358974358975
0.6883116883081127,0.5233236151588242,0.28653846153846146
0.5844155844125485,0.4883381924184014,0.6067948717948718
0.6311688311655524,0.5204081632637889,0.5726923076923077
0.6493506493472762,0.5014577259460599,0.5214102564102564
0.5896103896073267,0.49708454810350705,0.5641025641025641
0.36363636363447466,0.7201166180737023,0.48717948717948717
0.6103896103864396,0.48542274052336615,0.5833333333333334
0.5402597402569338,0.4693877551006724,0.4573076923076923
0.6363636363603307,0.5174927113687536,0.6089743589743589
0.33766233766058357,0.7230320699687376,0.4184615384615385
0.3402597402579727,0.7303206997063256,0.38551282051282043
0.5506493506464901,0.47521865889074283,0.5128205128205128
0.5376623376595446,0.46793002915315474,0.5085897435897436
0.6909090909055018,0.5247813411063418,0.2478205128205128
0.6285714285681633,0.5131195335262009,0.5064102564102564
0.3922077922057548,0.5612244897942822,0.5961538461538461
0.5298701298673774,0.6384839650127158,0.5961538461538461
0.4701298701274279,0.5991253644297402,0.7393589743589744
0.4597402597378715,0.5932944606396697,0.6346153846153846
0.42597402597181316,0.5801749271120111,0.6282051282051282
0.48831168830915167,0.615160349852434,0.7307692307692307
0.42077922077703495,0.5714285714269055,0.6698717948717948
0.472727272724817,0.6005830903772578,0.75
0.52207792207521,0.6282798833800926,0.6371794871794872
0.4129870129848676,0.5728862973744231,0.5737179487179487
0.5168831168804318,0.6311953352751277,0.7147435897435898
0.42337662337442405,0.5787172011644935,0.6461538461538462
0.4519480519457042,0.5889212827971169,0.5983333333333334
0.43896103895875865,0.5816326530595288,0.6016666666666668
0.4285714285692023,0.5758017492694584,0.6137179487179488
0.4311688311665914,0.577259475216976,0.6626923076923077
0.49610389610131894,0.6195335276949868,0.7346153846153846
0.5012987012960972,0.6166180757999515,0.7511538461538462
0.41818181817964584,0.5699708454793878,0.6121794871794872
0.5142857142830427,0.6239067055375397,0.6725641025641025
0.44155844155614776,0.5830903790070464,0.6493589743589744
0.4909090909065408,0.6107871720098811,0.7138461538461539
0.48571428571176256,0.6137026239049164,0.6932051282051281
0.44415584415353687,0.5903790087446344,0.639102564102564
0.4493506493483151,0.5874635568495993,0.6506410256410257
0.43376623376398044,0.584548104954564,0.6506410256410257
0.5324675324647664,0.634110787170163,0.5256410256410257
0.3844155844135875,0.5568513119517293,0.6474358974358975
0.35584415584230733,0.5349854227389651,0.5512820512820513
0.35844155843969644,0.5364431486864827,0.6217948717948718
0.4935064935039299,0.6122448979573987,0.7335897435897436
0.446753246750926,0.5918367346921521,0.6424358974358975
0.43636363636136954,0.5860058309020816,0.6312820512820512
0.5038961038934863,0.6180758017474692,0.7606410256410256
0.5116883116856535,0.622448979590022,0.6910256410256411
0.5064935064908754,0.6253644314850573,0.680128205128205
0.49870129869870805,0.6209912536425044,0.7274358974358973
0.5090909090882645,0.6268221574325749,0.6361538461538462
0.5194805194778209,0.6326530612226453,0.6378205128205128
0.4025974025953112,0.5670553935843526,0.5897435897435898
0.4077922077900894,0.5641399416893174,0.6346153846153846
0.5246753246725991,0.6297376093276101,0.7029487179487179
0.4155844155822567,0.5743440233219407,0.6314102564102564
0.46233766233526064,0.5947521865871873,0.7008974358974359
0.4103896103874785,0.565597667636835,0.5983333333333334
0.38181818181619837,0.7419825072864665,0.34615384615384615
0.37142857142664193,0.7361516034963961,0.4423076923076923
0.42337662337442405,0.7653061224467484,0.41346153846153844
0.3870129870109766,0.7390670553914314,0.3974358974358974
0.37922077921880926,0.7346938775488785,0.36961538461538457
0.37662337662142015,0.7332361516013608,0.4066666666666667
0.37402597402403104,0.7376093294439137,0.4425641025641025
0.3896103896083657,0.740524781338949,0.3717948717948718
0.7766233766193422,0.5029154518935776,0.41282051282051285
0.771428571424564,0.5058309037886127,0.1794871794871795
0.745454545450673,0.508746355683648,0.2906410256410257
0.7532467532428403,0.5072886297361303,0.30128205128205127
0.7506493506454512,0.5058309037886127,0.3974358974358974
0.7610389610350077,0.4999999999985423,0.42948717948717946
0.7636363636323967,0.5014577259460599,0.4230769230769231
0.6051948051916614,0.4985422740510247,0.3076923076923077
0.35844155843969644,0.7303206997063256,0.43282051282051287
0.36103896103708555,0.7230320699687376,0.4525641025641025
0.3506493506475291,0.728862973758808,0.4391025641025641
0.3532467532449182,0.7274052478112903,0.4342307692307693
0.6545454545420544,0.5116618075786832,0.5256410256410257
0.6571428571394434,0.516034985421236,0.47012820512820513
0.6337662337629415,0.4999999999985423,0.391025641025641
0.6311688311655524,0.5014577259460599,0.40384615384615385
0.6623376623342216,0.5306122448964122,0.28846153846153844
0.36623376623186377,0.7259475218637728,0.43025641025641026
0.6155844155812178,0.4927113702609542,0.5256410256410257
0.6493506493472762,0.5204081632637889,0.4935897435897436
0.6519480519446652,0.5131195335262009,0.5608974358974359
0.35584415584230733,0.7317784256538432,0.40846153846153843
0.3688311688292528,0.7244897959162552,0.4332051282051283
0.6181818181786068,0.4912536443134366,0.4935897435897436
0.6597402597368326,0.5145772594737185,0.5042307692307693
0.36363636363447466,0.7215743440212199,0.41025641025641024
0.3454545454527509,0.7142857142836319,0.41025641025641024
0.6363636363603307,0.5043731778410951,0.46794871794871795
0.37402597402403104,0.5801749271120111,0.5128205128205128
0.4103896103874785,0.5830903790070464,0.5939743589743589
0.52207792207521,0.6107871720098811,0.6858974358974359
0.3948051948031439,0.5918367346921521,0.6282051282051282
0.472727272724817,0.6180758017474692,0.6435897435897436
0.3844155844135875,0.5743440233219407,0.4358974358974359
0.4155844155822567,0.5568513119517293,0.6987179487179487
0.48831168830915167,0.6326530612226453,0.6185897435897436
0.48051948051698434,0.634110787170163,0.523076923076923
0.4701298701274279,0.6166180757999515,0.6025641025641025
0.4909090909065408,0.6282798833800926,0.6507692307692309
0.4285714285692023,0.546647230319106,0.6089743589743589
0.47792207791959523,0.6384839650127158,0.5897435897435898
0.41818181817964584,0.5524781341091765,0.6102564102564102
0.42337662337442405,0.5495626822141413,0.6666666666666666
0.4571428571404824,0.6268221574325749,0.6397435897435898
0.4649350649326497,0.6195335276949868,0.6506410256410257
0.4311688311665914,0.5481049562666236,0.6096153846153846
0.36623376623186377,0.5116618075786832,0.5705128205128205
0.5246753246725991,0.6122448979573987,0.5855128205128205
0.5090909090882645,0.5976676384822226,0.738974358974359
0.3999999999979221,0.5889212827971169,0.559871794871795
0.44155844155614776,0.565597667636835,0.6776923076923077
0.46233766233526064,0.6239067055375397,0.6615384615384615
0.5142857142830427,0.5947521865871873,0.6780769230769231
0.5038961038934863,0.6005830903772578,0.7462820512820512
0.446753246750926,0.5626822157417998,0.685128205128205
0.5350649350621556,0.6064139941673282,0.6346153846153846
0.44415584415353687,0.5612244897942822,0.6873076923076923
0.6545454545420544,0.7259475218637728,0.358974358974359
0.43636363636136954,0.5685131195318702,0.6525641025641027
0.5012987012960972,0.5991253644297402,0.7185897435897436
0.5064935064908754,0.5962099125347049,0.726923076923077
0.6519480519446652,0.7244897959162552,0.4230769230769231
0.6597402597368326,0.7230320699687376,0.391025641025641
0.6441558441524979,0.7317784256538432,0.35474358974358977
0.43376623376398044,0.5670553935843526,0.655128205128205
0.4597402597378715,0.622448979590022,0.6257692307692307
0.43896103895875865,0.5641399416893174,0.6556410256410257
0.49610389610131894,0.6020408163247755,0.742948717948718
0.5324675324647664,0.6049562682198106,0.6410256410256411
0.4935064935039299,0.6297376093276101,0.6282051282051282
0.4545454545430933,0.6253644314850573,0.6117948717948718
0.49870129869870805,0.603498542272293,0.7444871794871794
0.4753246753222061,0.6370262390651982,0.6067948717948718
0.42597402597181316,0.5510204081616589,0.6510256410256411
0.4493506493483151,0.5583090378992469,0.6748717948717948
0.5116883116856535,0.5932944606396697,0.6957692307692307
0.37922077921880926,0.577259475216976,0.5833333333333334
0.42077922077703495,0.553935860056694,0.6432051282051282
0.4675324675300388,0.6209912536425044,0.6730769230769231
0.4519480519457042,0.5597667638467645,0.6858974358974359
0.48571428571176256,0.6311953352751277,0.7275641025641025
0.397402597400533,0.5874635568495993,0.6153846153846154
0.4051948051927003,0.5860058309020816,0.5897435897435898
0.4571428571404824,0.5583090378992469,0.5833333333333334
0.37922077921880926,0.6078717201148459,0.40384615384615385
0.49610389610131894,0.5830903790070464,0.7115384615384616
0.4103896103874785,0.6020408163247755,0.5897435897435898
0.4155844155822567,0.6282798833800926,0.5512820512820513
0.5038961038934863,0.584548104954564,0.5983333333333334
0.4701298701274279,0.5685131195318702,0.7051282051282052
0.42077922077703495,0.6311953352751277,0.6089743589743589
0.5142857142830427,0.5903790087446344,0.7606410256410256
0.49870129869870805,0.5816326530595288,0.6626923076923077
0.3506493506475291,0.47813411078577805,0.3632051282051282
0.42597402597181316,0.634110787170163,0.5860256410256409
0.43896103895875865,0.6209912536425044,0.5953846153846154
0.43636363636136954,0.6166180757999515,0.5958974358974359
0.43376623376398044,0.6180758017474692,0.5994871794871796
0.4935064935039299,0.5553935860042117,0.6858974358974359
0.5090909090882645,0.5874635568495993,0.7083333333333334
0.5116883116856535,0.5918367346921521,0.6923076923076923
0.44415584415353687,0.6239067055375397,0.5785897435897436
0.35844155843969644,0.47959183673329564,0.4401282051282051
0.397402597400533,0.5976676384822226,0.6146153846153846
0.3532467532449182,0.4766763848382604,0.391025641025641
0.5012987012960972,0.5860058309020816,0.6842307692307693
0.4051948051927003,0.5991253644297402,0.5888461538461539
0.4493506493483151,0.6268221574325749,0.5997435897435898
0.3999999999979221,0.5962099125347049,0.6182051282051282
0.446753246750926,0.622448979590022,0.5805128205128205
0.44155844155614776,0.6195335276949868,0.596923076923077
0.4311688311665914,0.6370262390651982,0.5616666666666666
0.4285714285692023,0.6384839650127158,0.5602564102564103
0.5064935064908754,0.5889212827971169,0.6923076923076923
0.4519480519457042,0.6253644314850573,0.5885897435897436
0.42337662337442405,0.6355685131176806,0.5787179487179487
0.4753246753222061,0.5481049562666236,0.7221794871794872
0.37662337662142015,0.6093294460623635,0.532051282051282
0.37142857142664193,0.6064139941673282,0.5987179487179487
0.37402597402403104,0.6049562682198106,0.5715384615384616
0.48831168830915167,0.5524781341091765,0.6752564102564103
0.4077922077900894,0.603498542272293,0.6708974358974359
0.3922077922057548,0.5947521865871873,0.6128205128205128
0.4545454545430933,0.5597667638467645,0.6324358974358975
0.4649350649326497,0.565597667636835,0.658076923076923
0.4025974025953112,0.6005830903772578,0.6293589743589744
0.3948051948031439,0.5932944606396697,0.6410256410256411
0.38181818181619837,0.7346938775488785,0.38461538461538464
0.3844155844135875,0.7332361516013608,0.35038461538461535
0.3870129870109766,0.7376093294439137,0.42948717948717946
0.43636363636136954,0.7740524781318541,0.4316666666666667
0.4311688311665914,0.7594752186566779,0.3974358974358974
0.37402597402403104,0.7390670553914314,0.41025641025641024
0.4285714285692023,0.7609329446041956,0.2948717948717949
0.3896103896083657,0.7361516034963961,0.39564102564102566
0.37662337662142015,0.7434402332339841,0.3333333333333333
0.37142857142664193,0.740524781338949,0.44871794871794873
0.7636363636323967,0.5058309037886127,0.20935897435897433
0.7584415584376185,0.508746355683648,0.3119230769230769
0.745454545450673,0.5043731778410951,0.24358974358974358
0.7506493506454512,0.5014577259460599,0.3717948717948718
0.472727272724817,0.4825072886283309,0.7371794871794872
0.4285714285692023,0.5072886297361303,0.6333333333333334
0.4519480519457042,0.5174927113687536,0.6987179487179487
0.37402597402403104,0.5262390670538594,0.5576923076923077
0.3870129870109766,0.5306122448964122,0.5769230769230769
0.3999999999979221,0.5349854227389651,0.6057692307692307
0.4311688311665914,0.5058309037886127,0.6558974358974359
0.43376623376398044,0.516034985421236,0.6683333333333332
0.43636363636136954,0.5145772594737185,0.6717948717948719
0.42597402597181316,0.508746355683648,0.5656410256410257
0.3844155844135875,0.5320699708439298,0.6432051282051282
0.41818181817964584,0.5014577259460599,0.6153846153846154
0.3896103896083657,0.5291545189488946,0.5833333333333334
0.3948051948031439,0.5379008746340003,0.5678205128205129
0.44415584415353687,0.5218658892113065,0.6726923076923077
0.37662337662142015,0.5247813411063418,0.5482051282051282
0.397402597400533,0.5364431486864827,0.5833333333333334
0.6077922077890504,0.4183673469375558,0.46794871794871795
0.4493506493483151,0.5189504373162713,0.6205128205128206
0.4051948051927003,0.5437317784240707,0.717948717948718
0.48571428571176256,0.4985422740510247,0.6794871794871795
0.3922077922057548,0.539358600581518,0.6282051282051282
0.446753246750926,0.5204081632637889,0.6524358974358975
0.37922077921880926,0.5233236151588242,0.5730769230769232
0.37142857142664193,0.527696793001377,0.6282051282051282
0.42337662337442405,0.5102040816311656,0.6044871794871796
0.44155844155614776,0.5116618075786832,0.623974358974359
0.4155844155822567,0.5029154518935776,0.594871794871795
0.43896103895875865,0.5131195335262009,0.6894871794871795
0.4129870129848676,0.5043731778410951,0.5897435897435898
0.42077922077703495,0.4999999999985423,0.6307692307692309
0.38181818181619837,0.5335276967914474,0.6233333333333334
0.4103896103874785,0.5408163265290356,0.6282051282051282
0.4311688311665914,0.47959183673329564,0.5983333333333334
0.5194805194778209,0.5408163265290356,0.6089743589743589
0.4597402597378715,0.5102040816311656,0.7051282051282052
0.5844155844125485,0.39358600582975634,0.47435897435897434
0.472727272724817,0.5029154518935776,0.6987179487179487
0.5298701298673774,0.5349854227389651,0.7234615384615386
0.5246753246725991,0.5437317784240707,0.6965384615384616
0.42077922077703495,0.48542274052336615,0.5993589743589743
0.43896103895875865,0.4985422740510247,0.623974358974359
0.48051948051698434,0.5218658892113065,0.6883333333333334
0.4753246753222061,0.5189504373162713,0.6880769230769231
0.47792207791959523,0.5174927113687536,0.7398717948717948
0.4545454545430933,0.5072886297361303,0.6666666666666666
0.43376623376398044,0.49562682215598947,0.631923076923077
0.5272727272699882,0.5364431486864827,0.7596153846153846
0.5116883116856535,0.527696793001377,0.7152564102564103
0.5064935064908754,0.5247813411063418,0.712948717948718
0.49610389610131894,0.5306122448964122,0.7517948717948718
0.49870129869870805,0.5291545189488946,0.7214102564102564
0.5090909090882645,0.5233236151588242,0.7078205128205127
0.43636363636136954,0.4941690962084718,0.6253846153846154
0.5038961038934863,0.5320699708439298,0.7435897435897436
0.5142857142830427,0.5262390670538594,0.7017948717948718
0.5350649350621556,0.5379008746340003,0.6612820512820513
0.5870129870099376,0.3921282798822387,0.38038461538461543
0.5012987012960972,0.5335276967914474,0.724871794871795
0.48311688311437345,0.5204081632637889,0.7051282051282052
0.48571428571176256,0.5131195335262009,0.6994871794871795
0.48831168830915167,0.5116618075786832,0.6025641025641025
0.4935064935039299,0.5145772594737185,0.7371794871794872
0.4909090909065408,0.516034985421236,0.7275641025641025
0.5818181818151594,0.38921282798720347,0.38461538461538464
0.5168831168804318,0.5422740524765531,0.6025641025641025
0.3090909090893034,0.7361516034963961,0.3925641025641026
0.3272727272710272,0.740524781338949,0.4198717948717949
0.31428571428408164,0.7332361516013608,0.4082051282051283
0.31168831168669253,0.7376093294439137,0.4324358974358975
0.3298701298684163,0.7711370262368189,0.30128205128205127
0.30129870129713615,0.7551020408141251,0.3475641025641026
0.3246753246736381,0.7390670553914314,0.40641025641025647
0.35584415584230733,0.7565597667616427,0.28846153846153844
0.31948051947885986,0.7419825072864665,0.3942307692307692
0.31688311688147075,0.7346938775488785,0.3752564102564102
0.3324675324658054,0.7725947521843365,0.26282051282051283
0.42337662337442405,0.7609329446041956,0.3076923076923077
0.37922077921880926,0.7390670553914314,0.40384615384615385
0.3870129870109766,0.7346938775488785,0.41025641025641024
0.4311688311665914,0.7565597667616427,0.41025641025641024
0.3896103896083657,0.7332361516013608,0.35038461538461535
0.3844155844135875,0.7361516034963961,0.391025641025641
0.4285714285692023,0.7580174927091603,0.3782051282051282
0.38181818181619837,0.7376093294439137,0.40012820512820507
0.37402597402403104,0.7419825072864665,0.34615384615384615
0.7064935064898364,0.5204081632637889,0.36538461538461536
0.7038961038924473,0.5218658892113065,0.3076923076923077
0.7376623376585056,0.5029154518935776,0.41025641025641024
0.7090909090872255,0.5189504373162713,0.36538461538461536
0.7116883116846147,0.5174927113687536,0.2492307692307692
0.7246753246715602,0.5102040816311656,0.3826923076923076
0.7220779220741711,0.5116618075786832,0.35717948717948717
0.7272727272689493,0.508746355683648,0.41307692307692306
0.7194805194767819,0.5131195335262009,0.3647435897435898
0.7324675324637275,0.5058309037886127,0.4166666666666667
0.7298701298663384,0.5072886297361303,0.3957692307692308
0.7168831168793929,0.5145772594737185,0.376025641025641
0.7142857142820037,0.516034985421236,0.36538461538461536
0.35844155843969644,0.6209912536425044,0.5641025641025641
0.35584415584230733,0.6195335276949868,0.5426923076923077
0.4649350649326497,0.5174927113687536,0.6730769230769231
0.6129870129838286,0.3906705539347211,0.3717948717948718
0.48831168830915167,0.5072886297361303,0.5692307692307693
0.4909090909065408,0.508746355683648,0.5256410256410257
0.46233766233526064,0.516034985421236,0.7884615384615384
0.5116883116856535,0.5437317784240707,0.5641025641025641
0.4571428571404824,0.5131195335262009,0.735
0.5038961038934863,0.539358600581518,0.7512820512820512
0.5142857142830427,0.5451895043715884,0.6025641025641025
0.5246753246725991,0.527696793001377,0.7082051282051282
0.49870129869870805,0.5364431486864827,0.7333333333333334
0.4311688311665914,0.4985422740510247,0.625
0.4935064935039299,0.5102040816311656,0.38782051282051283
0.5272727272699882,0.5291545189488946,0.6841025641025641
0.36363636363447466,0.6239067055375397,0.6025641025641025
0.52207792207521,0.5262390670538594,0.7001282051282052
0.5168831168804318,0.5233236151588242,0.6946153846153847
0.5194805194778209,0.5247813411063418,0.6955128205128205
0.3506493506475291,0.6166180757999515,0.6089743589743589
0.37922077921880926,0.4693877551006724,0.391025641025641
0.48571428571176256,0.5058309037886127,0.7478205128205128
0.5324675324647664,0.5320699708439298,0.71
0.5298701298673774,0.5306122448964122,0.7374358974358974
0.43636363636136954,0.47813411078577805,0.6196153846153846
0.4701298701274279,0.5204081632637889,0.6684615384615384
0.5012987012960972,0.5379008746340003,0.7425641025641025
0.49610389610131894,0.5349854227389651,0.6908974358974359
0.472727272724817,0.5218658892113065,0.7275641025641025
0.42077922077703495,0.4927113702609542,0.6602564102564102
0.5064935064908754,0.5408163265290356,0.6769230769230768
0.4285714285692023,0.49708454810350705,0.5871794871794871
0.5350649350621556,0.5335276967914474,0.7106410256410257
0.43376623376398044,0.4766763848382604,0.6089743589743589
0.3532467532449182,0.6180758017474692,0.5128205128205128
0.42337662337442405,0.4941690962084718,0.6153846153846154
0.42597402597181316,0.49562682215598947,0.6256410256410256
0.4675324675300388,0.5189504373162713,0.6858974358974359
0.5168831168804318,0.5072886297361303,0.7051282051282052
0.4675324675300388,0.5349854227389651,0.722948717948718
0.4649350649326497,0.5364431486864827,0.6994871794871795
0.5142857142830427,0.5145772594737185,0.6944871794871795
0.5064935064908754,0.5131195335262009,0.7355128205128205
0.4701298701274279,0.539358600581518,0.7074358974358975
0.4753246753222061,0.5306122448964122,0.6912820512820513
0.36103896103708555,0.5947521865871873,0.5729487179487179
0.4909090909065408,0.527696793001377,0.6983333333333334
0.49610389610131894,0.5189504373162713,0.6947435897435897
0.48831168830915167,0.5233236151588242,0.6962820512820513
0.49870129869870805,0.5174927113687536,0.7235897435897436
0.5272727272699882,0.5014577259460599,0.6423076923076922
0.47792207791959523,0.5291545189488946,0.705
0.36363636363447466,0.5932944606396697,0.627051282051282
0.4935064935039299,0.5262390670538594,0.7030769230769232
0.36623376623186377,0.5976676384822226,0.5955128205128205
0.4545454545430933,0.5422740524765531,0.6666666666666666
0.5012987012960972,0.5218658892113065,0.7106410256410257
0.5038961038934863,0.5204081632637889,0.7247435897435898
0.5194805194778209,0.5058309037886127,0.6979487179487179
0.3688311688292528,0.5962099125347049,0.5835897435897436
0.472727272724817,0.5379008746340003,0.5914102564102564
0.48571428571176256,0.5247813411063418,0.6858974358974359
0.48311688311437345,0.5320699708439298,0.7194871794871796
0.3506493506475291,0.6005830903772578,0.5512820512820513
0.4571428571404824,0.5408163265290356,0.6526923076923077
0.48051948051698434,0.5335276967914474,0.7246153846153846
0.5324675324647664,0.5043731778410951,0.6656410256410257
0.5116883116856535,0.516034985421236,0.631025641025641
0.5246753246725991,0.508746355683648,0.7069230769230769
0.5090909090882645,0.5116618075786832,0.6142307692307691
0.52207792207521,0.5102040816311656,0.6880769230769231
0.4077922077900894,0.4810495626808133,0.5769230769230769
0.5298701298673774,0.4999999999985423,0.6611538461538461
0.43896103895875865,0.46355685131060187,0.5384615384615384
0.46233766233526064,0.5437317784240707,0.517051282051282
0.5350649350621556,0.5029154518935776,0.6191025641025641
0.3922077922057548,0.6355685131176806,0.5448717948717948
0.37142857142664193,0.6239067055375397,0.7211538461538461
0.48831168830915167,0.5816326530595288,0.717948717948718
0.48571428571176256,0.5830903790070464,0.6743589743589743
0.4935064935039299,0.584548104954564,0.625
0.4571428571404824,0.5758017492694584,0.5641025641025641
0.4909090909065408,0.5860058309020816,0.5983333333333334
0.35584415584230733,0.47521865889074283,0.3782051282051282
0.4103896103874785,0.6311953352751277,0.6025641025641025
0.4701298701274279,0.5743440233219407,0.7093589743589743
0.36623376623186377,0.4693877551006724,0.47435897435897434
0.43896103895875865,0.615160349852434,0.5980769230769232
0.42077922077703495,0.6020408163247755,0.6025641025641025
0.3844155844135875,0.6166180757999515,0.5961538461538461
0.44415584415353687,0.6064139941673282,0.6308974358974359
0.446753246750926,0.6049562682198106,0.6474358974358975
0.42597402597181316,0.5932944606396697,0.6025641025641025
0.4285714285692023,0.5976676384822226,0.618974358974359
0.3506493506475291,0.4723032069957076,0.40384615384615385
0.42337662337442405,0.5947521865871873,0.616923076923077
0.4311688311665914,0.5962099125347049,0.6482051282051282
0.44155844155614776,0.6137026239049164,0.6165384615384616
0.43636363636136954,0.6107871720098811,0.5943589743589743
0.43376623376398044,0.6122448979573987,0.6060256410256409
0.4753246753222061,0.5889212827971169,0.717948717948718
0.3532467532449182,0.47084548104818996,0.45974358974358975
0.37402597402403104,0.622448979590022,0.7243589743589743
0.472727272724817,0.5728862973744231,0.6538461538461539
0.4493506493483151,0.6093294460623635,0.6171794871794872
0.4155844155822567,0.5991253644297402,0.5983333333333334
0.41818181817964584,0.603498542272293,0.5692307692307693
0.47792207791959523,0.5874635568495993,0.6346153846153846
0.4519480519457042,0.6078717201148459,0.6794871794871795
0.4649350649326497,0.5714285714269055,0.5897435897435898
0.7168831168793929,0.5029154518935776,0.4551282051282051
0.7194805194767819,0.5014577259460599,0.34192307692307694
0.7142857142820037,0.5043731778410951,0.373974358974359
0.7090909090872255,0.5072886297361303,0.46153846153846156
0.7402597402558948,0.5131195335262009,0.2692307692307692
0.7064935064898364,0.508746355683648,0.4410256410256411
0.7116883116846147,0.5058309037886127,0.38461538461538464
0.7428571428532839,0.5116618075786832,0.41576923076923084
0.7220779220741711,0.4999999999985423,0.33974358974358976
0.7038961038924473,0.5102040816311656,0.4284615384615385
0.2883116883101906,0.7419825072864665,0.38038461538461543
0.3402597402579727,0.7594752186566779,0.38038461538461543
0.2909090909075797,0.7434402332339841,0.36538461538461536
0.32207792207624897,0.7492711370240547,0.25
0.33766233766058357,0.7638483964992308,0.3717948717948718
0.30129870129713615,0.7376093294439137,0.43128205128205127
0.3038961038945252,0.7332361516013608,0.4139743589743591
0.3064935064919143,0.7346938775488785,0.3982051282051282
0.29870129869974704,0.7361516034963961,0.4410256410256411
0.2935064935049688,0.7390670553914314,0.41474358974358966
0.3428571428553618,0.7609329446041956,0.46153846153846156
0.3454545454527509,0.7565597667616427,0.40602564102564104
0.29610389610235793,0.740524781338949,0.4387179487179487
0.4909090909065408,0.7740524781318541,0.20935897435897433
0.5792207792177703,0.48688046647088373,0.6367948717948718
0.6311688311655524,0.5043731778410951,0.5192307692307693
0.6181818181786068,0.4883381924184014,0.5769230769230769
0.6519480519446652,0.516034985421236,0.4957692307692308
0.6545454545420544,0.5145772594737185,0.5064102564102564
0.646753246749887,0.5189504373162713,0.488974358974359
0.6233766233733851,0.508746355683648,0.5641025641025641
0.6415584415551088,0.5218658892113065,0.5705128205128205
0.6571428571394434,0.5131195335262009,0.5239743589743591
0.3532467532449182,0.7303206997063256,0.4246153846153847
0.6597402597368326,0.5116618075786832,0.5487179487179487
0.3506493506475291,0.7317784256538432,0.42679487179487186
0.36363636363447466,0.7244897959162552,0.4449999999999999
0.35584415584230733,0.728862973758808,0.4207692307692307
0.3688311688292528,0.7215743440212199,0.40487179487179487
0.35844155843969644,0.7274052478112903,0.4362820512820513
0.36103896103708555,0.7259475218637728,0.4443589743589743
0.6493506493472762,0.5174927113687536,0.4935897435897436
0.36623376623186377,0.7230320699687376,0.41525641025641025
0.6441558441524979,0.5204081632637889,0.5384615384615384
0.472727272724817,0.5962099125347049,0.7435897435897436
0.5168831168804318,0.6355685131176806,0.6153846153846154
0.4025974025953112,0.5597667638467645,0.6923076923076923
0.4571428571404824,0.5991253644297402,0.6538461538461539
0.41818181817964584,0.5801749271120111,0.6111538461538462
0.5350649350621556,0.6311953352751277,0.6730769230769231
0.5142857142830427,0.6195335276949868,0.6987179487179487
0.4519480519457042,0.584548104954564,0.6282051282051282
0.42077922077703495,0.5787172011644935,0.6367948717948718
0.4701298701274279,0.5976676384822226,0.6923076923076923
0.5090909090882645,0.6166180757999515,0.7906410256410257
0.48051948051698434,0.615160349852434,0.6393589743589744
0.4753246753222061,0.6122448979573987,0.6634615384615384
0.42337662337442405,0.5714285714269055,0.6267948717948718
0.446753246750926,0.5816326530595288,0.6446153846153846
0.43636363636136954,0.5874635568495993,0.6374358974358975
0.5116883116856535,0.6209912536425044,0.6560256410256411
0.4909090909065408,0.6093294460623635,0.7307692307692307
0.36363636363447466,0.5349854227389651,0.6282051282051282
0.3896103896083657,0.5495626822141413,0.5833333333333334
0.49610389610131894,0.6239067055375397,0.621025641025641
0.4155844155822567,0.5758017492694584,0.6538461538461539
0.48831168830915167,0.6049562682198106,0.7093589743589743
0.48571428571176256,0.6064139941673282,0.7467948717948718
0.43376623376398044,0.5889212827971169,0.6508974358974359
0.42597402597181316,0.5699708454793878,0.6474358974358975
0.4129870129848676,0.577259475216976,0.7115384615384616
0.5012987012960972,0.6268221574325749,0.7051282051282052
0.4935064935039299,0.6078717201148459,0.746923076923077
0.4285714285692023,0.5743440233219407,0.6629487179487179
0.44155844155614776,0.5903790087446344,0.6521794871794873
0.4493506493483151,0.5860058309020816,0.6776923076923077
0.44415584415353687,0.5830903790070464,0.6326923076923077
0.5246753246725991,0.6370262390651982,0.4551282051282051
0.43896103895875865,0.5918367346921521,0.6392307692307693
0.4311688311665914,0.5728862973744231,0.6864102564102564
0.4545454545430933,0.6005830903772578,0.6794871794871795
0.4597402597378715,0.603498542272293,0.5641025641025641
0.5298701298673774,0.6282798833800926,0.6175641025641025
0.49870129869870805,0.622448979590022,0.7167948717948718
0.48311688311437345,0.6137026239049164,0.6776923076923077
0.5064935064908754,0.6180758017474692,0.6853846153846153
0.5272727272699882,0.6297376093276101,0.6692307692307693
0.5038961038934863,0.6253644314850573,0.6634615384615384
0.4285714285692023,0.7390670553914314,0.4316666666666667
0.43896103895875865,0.7448979591815018,0.40384615384615385
0.43636363636136954,0.7492711370240547,0.5384615384615384
0.43376623376398044,0.747813411076537,0.33974358974358976
0.44155844155614776,0.7463556851290194,0.4358974358974359
0.37402597402403104,0.6239067055375397,0.6666666666666666
0.3948051948031439,0.6355685131176806,0.6025641025641025
0.4493506493483151,0.6078717201148459,0.6346153846153846
0.48571428571176256,0.5816326530595288,0.6474358974358975
0.4545454545430933,0.5758017492694584,0.6314102564102564
0.472727272724817,0.5743440233219407,0.5897435897435898
0.3688311688292528,0.4693877551006724,0.4519230769230769
0.42077922077703495,0.603498542272293,0.6205128205128206
0.37142857142664193,0.622448979590022,0.6538461538461539
0.47792207791959523,0.5889212827971169,0.7371794871794872
0.3506493506475291,0.47084548104818996,0.3992307692307692
0.42597402597181316,0.5947521865871873,0.5723076923076923
0.4311688311665914,0.5976676384822226,0.6244871794871794
0.4935064935039299,0.5860058309020816,0.6378205128205128
0.446753246750926,0.6064139941673282,0.6398717948717948
0.43896103895875865,0.6137026239049164,0.6153846153846154
0.4285714285692023,0.5962099125347049,0.6258974358974358
0.43376623376398044,0.6107871720098811,0.6006410256410256
0.44155844155614776,0.615160349852434,0.6215384615384616
0.44415584415353687,0.6049562682198106,0.6357692307692309
0.43636363636136954,0.6122448979573987,0.5985897435897436
0.3532467532449182,0.4723032069957076,0.4248717948717949
0.35584415584230733,0.4737609329432252,0.3932051282051282
0.4571428571404824,0.577259475216976,0.6452564102564102
0.4701298701274279,0.5728862973744231,0.7221794871794872
0.4129870129848676,0.5991253644297402,0.5952564102564103
0.42337662337442405,0.5932944606396697,0.6157692307692307
0.49610389610131894,0.5524781341091765,0.6153846153846154
0.41818181817964584,0.6020408163247755,0.633974358974359
0.4155844155822567,0.6005830903772578,0.6102564102564102
0.4909090909065408,0.584548104954564,0.6858974358974359
0.48831168830915167,0.5830903790070464,0.6624358974358975
0.5662337662308248,0.5058309037886127,0.617948717948718
0.5636363636334357,0.5072886297361303,0.6812820512820513
0.5558441558412683,0.5116618075786832,0.5961538461538461
0.5506493506464901,0.5145772594737185,0.6788461538461539
0.5740259740229922,0.5014577259460599,0.6762820512820513
0.6103896103864396,0.527696793001377,0.6017948717948718
0.6181818181786068,0.5233236151588242,0.6324358974358975
0.6675324675289999,0.49562682215598947,0.46153846153846156
0.6025974025942723,0.5320699708439298,0.6185897435897436
0.5402597402569338,0.5204081632637889,0.6815384615384615
0.5376623376595446,0.5218658892113065,0.6720512820512821
0.6155844155812178,0.5247813411063418,0.6296153846153846
0.6051948051916614,0.5306122448964122,0.6405128205128204
0.6129870129838286,0.5262390670538594,0.6324358974358975
0.5974025973994941,0.5349854227389651,0.6410256410256411
0.5688311688282139,0.5043731778410951,0.5769230769230769
0.5428571428543228,0.5189504373162713,0.6442307692307693
0.6077922077890504,0.5291545189488946,0.6335897435897436
0.571428571425603,0.5029154518935776,0.48717948717948717
0.5480519480491011,0.516034985421236,0.6532051282051282
0.5454545454517119,0.5174927113687536,0.6414102564102564
0.5584415584386575,0.5102040816311656,0.6730769230769231
0.5766233766203812,0.4999999999985423,0.5085897435897436
0.5610389610360466,0.508746355683648,0.625
0.5948051948021049,0.5364431486864827,0.623974358974359
0.5922077922047159,0.5379008746340003,0.7115384615384616
0.6909090909055018,0.4825072886283309,0.19230769230769232
0.5999999999968831,0.5335276967914474,0.6314102564102564
0.6753246753211671,0.4912536443134366,0.4551282051282051
0.5532467532438793,0.5131195335262009,0.7019230769230769
0.6727272727237781,0.4927113702609542,0.4358974358974359
0.4103896103874785,0.6297376093276101,0.6025641025641025
0.4545454545430933,0.5787172011644935,0.75
0.37662337662142015,0.622448979590022,0.5897435897435898
0.41818181817964584,0.5991253644297402,0.6384615384615384
0.48831168830915167,0.5860058309020816,0.6410256410256411
0.4935064935039299,0.5830903790070464,0.6384615384615384
0.48571428571176256,0.584548104954564,0.6858974358974359
0.42077922077703495,0.6005830903772578,0.5910256410256409
0.37142857142664193,0.6253644314850573,0.6996153846153845
0.4909090909065408,0.5816326530595288,0.6891025641025641
0.4493506493483151,0.6049562682198106,0.5897435897435898
0.42337662337442405,0.5962099125347049,0.6161538461538462
0.4129870129848676,0.6020408163247755,0.5576923076923077
0.44415584415353687,0.6078717201148459,0.6282051282051282
0.35584415584230733,0.47084548104818996,0.41025641025641024
0.3532467532449182,0.47521865889074283,0.4341025641025641
0.4311688311665914,0.5947521865871873,0.6489743589743591
0.4285714285692023,0.5932944606396697,0.6217948717948718
0.43636363636136954,0.615160349852434,0.5860256410256409
0.43896103895875865,0.6107871720098811,0.6285897435897436
0.44155844155614776,0.6122448979573987,0.6174358974358974
0.43376623376398044,0.6137026239049164,0.6105128205128205
0.37402597402403104,0.6268221574325749,0.7093589743589743
0.36363636363447466,0.4693877551006724,0.3717948717948718
0.3506493506475291,0.4737609329432252,0.40705128205128205
0.42597402597181316,0.5976676384822226,0.6047435897435898
0.4155844155822567,0.603498542272293,0.6217948717948718
0.446753246750926,0.6093294460623635,0.6273076923076923
0.35844155843969644,0.4723032069957076,0.4807692307692308
0.3948051948031439,0.6384839650127158,0.5
0.4701298701274279,0.4941690962084718,0.6410256410256411
0.47792207791959523,0.4810495626808133,0.6556410256410257
0.3324675324658054,0.5626822157417998,0.5
0.4493506493483151,0.5058309037886127,0.6410256410256411
0.43896103895875865,0.4999999999985423,0.6410256410256411
0.3948051948031439,0.527696793001377,0.5662820512820513
0.4025974025953112,0.5320699708439298,0.5783333333333334
0.6597402597368326,0.3906705539347211,0.358974358974359
0.41818181817964584,0.5116618075786832,0.6311538461538462
0.4077922077900894,0.5291545189488946,0.5852564102564103
0.4103896103874785,0.5306122448964122,0.5966666666666668
0.4155844155822567,0.516034985421236,0.6607692307692309
0.4519480519457042,0.5072886297361303,0.6923076923076923
0.4051948051927003,0.5335276967914474,0.5641025641025641
0.43376623376398044,0.5029154518935776,0.6460256410256411
0.446753246750926,0.5102040816311656,0.7152564102564103
0.4129870129848676,0.5145772594737185,0.6121794871794872
0.37142857142664193,0.5379008746340003,0.5726923076923077
0.42337662337442405,0.5204081632637889,0.6288461538461538
0.4311688311665914,0.5189504373162713,0.685128205128205
0.42597402597181316,0.5218658892113065,0.6067948717948718
0.43636363636136954,0.5043731778410951,0.6514102564102564
0.397402597400533,0.5233236151588242,0.6452564102564102
0.42077922077703495,0.5131195335262009,0.597948717948718
0.37922077921880926,0.5364431486864827,0.4957692307692308
0.3999999999979221,0.5247813411063418,0.5576923076923077
0.4285714285692023,0.5174927113687536,0.6496153846153846
0.3896103896083657,0.5422740524765531,0.5737179487179487
0.37402597402403104,0.539358600581518,0.5214102564102564
0.44415584415353687,0.508746355683648,0.6987179487179487
0.37662337662142015,0.5349854227389651,0.5576923076923077
0.5116883116856535,0.47084548104818996,0.42948717948717946
0.5142857142830427,0.4723032069957076,0.42948717948717946
0.3844155844135875,0.740524781338949,0.3675641025641026
0.37142857142664193,0.7332361516013608,0.41025641025641024
0.37402597402403104,0.7346938775488785,0.39141025641025645
0.38181818181619837,0.7390670553914314,0.4423076923076923
0.4311688311665914,0.766763848394266,0.41025641025641024
0.37922077921880926,0.7376093294439137,0.42948717948717946
0.42337662337442405,0.7623906705517132,0.4423076923076923
0.37662337662142015,0.7361516034963961,0.4214102564102565
0.5766233766203812,0.672011661805621,0.5256410256410257
0.4155844155822567,0.5583090378992469,0.6025641025641025
0.37922077921880926,0.584548104954564,0.5512820512820513
0.3870129870109766,0.5918367346921521,0.6602564102564102
0.4103896103874785,0.5787172011644935,0.5983333333333334
0.5064935064908754,0.6122448979573987,0.6721794871794873
0.4753246753222061,0.6180758017474692,0.6294871794871794
0.472727272724817,0.6370262390651982,0.690128205128205
0.5090909090882645,0.6107871720098811,0.717948717948718
0.42337662337442405,0.565597667636835,0.6358974358974359
0.44155844155614776,0.5495626822141413,0.6388461538461538
0.446753246750926,0.5524781341091765,0.6706410256410257
0.4545454545430933,0.6297376093276101,0.6558974358974359
0.41818181817964584,0.5626822157417998,0.657051282051282
0.5272727272699882,0.6005830903772578,0.6367948717948718
0.4649350649326497,0.6355685131176806,0.6723076923076923
0.47792207791959523,0.6166180757999515,0.6432051282051282
0.3948051948031439,0.5699708454793878,0.4166666666666667
0.5350649350621556,0.6020408163247755,0.6816666666666666
0.46233766233526064,0.6311953352751277,0.6893589743589743
0.5246753246725991,0.5962099125347049,0.6617948717948718
0.49870129869870805,0.6049562682198106,0.7282051282051282
0.5324675324647664,0.603498542272293,0.6624358974358975
0.48831168830915167,0.622448979590022,0.6760256410256411
0.42597402597181316,0.5641399416893174,0.6773076923076923
0.4051948051927003,0.5758017492694584,0.6923076923076923
0.49610389610131894,0.6064139941673282,0.745
0.5298701298673774,0.5991253644297402,0.6905128205128205
0.3064935064919143,0.5437317784240707,0.34615384615384615
0.44415584415353687,0.553935860056694,0.6660256410256411
0.48051948051698434,0.6209912536425044,0.6578205128205129
0.4311688311665914,0.5670553935843526,0.6829487179487179
0.48311688311437345,0.6195335276949868,0.6602564102564102
0.48571428571176256,0.6239067055375397,0.6666666666666666
0.6389610389577197,0.7303206997063256,0.2692307692307692
0.4597402597378715,0.6326530612226453,0.6846153846153847
0.43896103895875865,0.5510204081616589,0.6153846153846154
0.4935064935039299,0.6253644314850573,0.6264102564102564
0.4571428571404824,0.6282798833800926,0.6334615384615384
0.43376623376398044,0.5481049562666236,0.6098717948717948
0.4285714285692023,0.5685131195318702,0.6375641025641026
0.4493506493483151,0.5568513119517293,0.6858974358974359
0.43636363636136954,0.546647230319106,0.6132051282051282
0.5012987012960972,0.6093294460623635,0.740897435897436
0.4519480519457042,0.5553935860042117,0.6891025641025641
0.42077922077703495,0.5612244897942822,0.5555128205128205
0.5194805194778209,0.5932944606396697,0.6688461538461539
0.4701298701274279,0.6384839650127158,0.5833333333333334
0.52207792207521,0.5976676384822226,0.6644871794871795
0.36363636363447466,0.5058309037886127,0.4807692307692308
0.4909090909065408,0.6268221574325749,0.6417948717948718
0.2675324675310778,0.4548104956254962,0.30128205128205127
0.36103896103708555,0.5072886297361303,0.5042307692307693
0.5038961038934863,0.6078717201148459,0.7547435897435898
0.5168831168804318,0.5947521865871873,0.6698717948717948
0.2701298701284669,0.45335276967797855,0.3034615384615385
0.4675324675300388,0.634110787170163,0.6538461538461539
0.38181818181619837,0.5889212827971169,0.5683333333333334
0.37662337662142015,0.5860058309020816,0.5342307692307693
0.37402597402403104,0.5816326530595288,0.5983333333333334
0.37142857142664193,0.5830903790070464,0.5673076923076923
0.3870129870109766,0.717201166178667,0.4423076923076923
0.37402597402403104,0.7128279883361143,0.44871794871794873
0.3844155844135875,0.7186588921261847,0.40602564102564104
0.5428571428543228,0.6180758017474692,0.6311538461538462
0.3948051948031439,0.7244897959162552,0.4223076923076923
0.38181818181619837,0.7201166180737023,0.3997435897435898
0.4051948051927003,0.7303206997063256,0.24358974358974358
0.5454545454517119,0.6166180757999515,0.594871794871795
0.5506493506464901,0.6253644314850573,0.6638461538461539
0.5558441558412683,0.622448979590022,0.5720512820512821
0.3922077922057548,0.7259475218637728,0.3743589743589744
0.43896103895875865,0.6997084548084557,0.46269230769230774
0.43376623376398044,0.702623906703491,0.45923076923076916
0.397402597400533,0.7230320699687376,0.3871794871794872
0.43636363636136954,0.7011661807559733,0.45769230769230773
0.44155844155614776,0.6982507288609381,0.46628205128205136
0.4285714285692023,0.6938775510183852,0.47294871794871796
0.5532467532438793,0.6239067055375397,0.6244871794871794
0.4311688311665914,0.6924198250708676,0.44448717948717953
0.42597402597181316,0.6953352769659028,0.42628205128205127
0.4025974025953112,0.7317784256538432,0.36538461538461536
0.5402597402569338,0.6195335276949868,0.6693589743589743
0.44415584415353687,0.7084548104935614,0.36217948717948717
0.5376623376595446,0.6209912536425044,0.7051282051282052
0.5480519480491011,0.6268221574325749,0.6217948717948718
0.5662337662308248,0.6282798833800926,0.5
0.5038961038934863,0.6399416909602335,0.5384615384615384
0.49870129869870805,0.6428571428552686,0.4935897435897436
0.4285714285692023,0.6457725947503039,0.5441025641025641
0.44415584415353687,0.6603498542254801,0.48371794871794876
0.4155844155822567,0.6443148688027863,0.5214102564102564
0.43636363636136954,0.6559766763829272,0.5057692307692309
0.43376623376398044,0.6545189504354096,0.5529487179487179
0.42597402597181316,0.6501457725928568,0.5833333333333334
0.43896103895875865,0.6516034985403744,0.5362820512820513
0.42077922077703495,0.641399416907751,0.5682051282051281
0.4129870129848676,0.6428571428552686,0.5729487179487179
0.44155844155614776,0.653061224487892,0.5360256410256411
0.4311688311665914,0.6472303206978215,0.5614102564102564
0.41818181817964584,0.6399416909602335,0.5842307692307691
0.3402597402579727,0.717201166178667,0.41448717948717945
0.3454545454527509,0.7201166180737023,0.4414102564102565
0.5999999999968831,0.48979591836591896,0.6367948717948718
0.646753246749887,0.516034985421236,0.5934615384615386
0.35844155843969644,0.7244897959162552,0.44961538461538453
0.3688311688292528,0.7303206997063256,0.4032051282051282
0.36103896103708555,0.728862973758808,0.4428205128205129
0.35584415584230733,0.7259475218637728,0.39961538461538465
0.620779220775996,0.5014577259460599,0.5214102564102564
0.36623376623186377,0.7317784256538432,0.40282051282051284
0.6519480519446652,0.5189504373162713,0.48871794871794877
0.6181818181786068,0.49708454810350705,0.6089743589743589
0.670129870126389,0.5262390670538594,0.4166666666666667
0.36363636363447466,0.7274052478112903,0.41500000000000004
0.5558441558412683,0.4620991253630843,0.532051282051282
0.6545454545420544,0.5174927113687536,0.5435897435897437
0.3506493506475291,0.7230320699687376,0.44717948717948713
0.6311688311655524,0.5072886297361303,0.4551282051282051
0.3532467532449182,0.7215743440212199,0.41346153846153844
0.6493506493472762,0.5145772594737185,0.4807692307692308
0.7506493506454512,0.5043731778410951,0.4358974358974359
0.7558441558402295,0.5072886297361303,0.391025641025641
0.7584415584376185,0.5058309037886127,0.44871794871794873
0.7662337662297859,0.5058309037886127,0.38782051282051283
0.7792207792167314,0.5014577259460599,0.40384615384615385
0.7844155844115096,0.5043731778410951,0.42948717948717946
0.446753246750926,0.6472303206978215,0.47435897435897434
0.9142857142809648,0.0,0.5256410256410257
0.44155844155614776,0.6443148688027863,0.5452564102564103
0.472727272724817,0.7317784256538432,0.3717948717948718
0.4311688311665914,0.6618075801729977,0.5116666666666666
0.43896103895875865,0.6428571428552686,0.5498717948717948
0.43376623376398044,0.6399416909602335,0.550128205128205
0.43636363636136954,0.641399416907751,0.5323076923076923
0.4285714285692023,0.6603498542254801,0.4948717948717948
0.42597402597181316,0.6588921282779624,0.4573076923076923
0.44415584415353687,0.6457725947503039,0.5426923076923077
0.5558441558412683,0.4839650145758485,0.5769230769230769
0.5584415584386575,0.4912536443134366,0.5284615384615384
0.31688311688147075,0.7230320699687376,0.4337179487179487
0.5480519480491011,0.48542274052336615,0.5752564102564103
0.5402597402569338,0.4810495626808133,0.5662820512820513
0.31948051947885986,0.7303206997063256,0.4230769230769231
0.6233766233733851,0.527696793001377,0.6257692307692307
0.6571428571394434,0.5408163265290356,0.1794871794871795
0.5428571428543228,0.4766763848382604,0.5608974358974359
0.571428571425603,0.4985422740510247,0.6487179487179486
0.6831168831133345,0.5145772594737185,0.4319230769230769
0.6805194805159454,0.5072886297361303,0.48012820512820514
0.5454545454517119,0.47813411078577805,0.48538461538461536
0.7012987012950582,0.5189504373162713,0.39230769230769225
0.5636363636334357,0.4883381924184014,0.6794871794871795
0.5662337662308248,0.48979591836591896,0.6602564102564102
0.6909090909055018,0.5131195335262009,0.4169230769230769
0.620779220775996,0.5262390670538594,0.6265384615384616
0.3246753246736381,0.7274052478112903,0.4307692307692307
0.32207792207624897,0.7317784256538432,0.40961538461538466
0.5506493506464901,0.48688046647088373,0.5915384615384616
0.6727272727237781,0.508746355683648,0.4783333333333334
0.6779220779185563,0.5058309037886127,0.4461538461538461
0.5610389610360466,0.4927113702609542,0.5833333333333334
0.6883116883081127,0.5116618075786832,0.46346153846153854
0.31168831168669253,0.7259475218637728,0.4208974358974359
0.6337662337629415,0.5335276967914474,0.6025641025641025
0.6857142857107236,0.516034985421236,0.4193589743589743
0.670129870126389,0.5014577259460599,0.4380769230769231
0.6363636363603307,0.5291545189488946,0.717948717948718
0.3090909090893034,0.7244897959162552,0.4423076923076923
0.5740259740229922,0.4941690962084718,0.47858974358974354
0.5688311688282139,0.49708454810350705,0.6378205128205128
0.6987012986976692,0.5174927113687536,0.3883333333333334
0.69610389610028,0.5218658892113065,0.16025641025641027
0.6415584415551088,0.5379008746340003,0.5448717948717948
0.6753246753211671,0.5102040816311656,0.5
0.6259740259707742,0.5233236151588242,0.7265384615384616
0.3272727272710272,0.728862973758808,0.41179487179487184
0.5376623376595446,0.47959183673329564,0.5256410256410257
0.6675324675289999,0.4999999999985423,0.38461538461538464
0.6311688311655524,0.5320699708439298,0.6496153846153846
0.4129870129848676,0.5014577259460599,0.6153846153846154
0.4519480519457042,0.5204081632637889,0.6858974358974359
0.44155844155614776,0.5145772594737185,0.6575641025641027
0.37402597402403104,0.5233236151588242,0.5512820512820513
0.472727272724817,0.48542274052336615,0.7884615384615384
0.446753246750926,0.5174927113687536,0.7058974358974359
0.3896103896083657,0.5320699708439298,0.5816666666666668
0.38181818181619837,0.5306122448964122,0.5576923076923077
0.3999999999979221,0.5379008746340003,0.6008974358974359
0.41818181817964584,0.5043731778410951,0.6506410256410257
0.43896103895875865,0.516034985421236,0.6025641025641025
0.42597402597181316,0.5058309037886127,0.5855128205128205
0.43636363636136954,0.5116618075786832,0.7028205128205127
0.44415584415353687,0.5189504373162713,0.69
0.43376623376398044,0.5131195335262009,0.6865384615384615
0.3948051948031439,0.5349854227389651,0.6076923076923078
0.4285714285692023,0.5102040816311656,0.6025641025641025
0.42077922077703495,0.5029154518935776,0.5875641025641025
0.5350649350621556,0.4737609329432252,0.5726923076923077
0.3922077922057548,0.5364431486864827,0.5855128205128205
0.3870129870109766,0.5335276967914474,0.5769230769230769
0.4493506493483151,0.5218658892113065,0.6578205128205129
0.37922077921880926,0.5262390670538594,0.5566666666666666
0.37142857142664193,0.5247813411063418,0.5470512820512821
0.4025974025953112,0.5422740524765531,0.5897435897435898
0.3844155844135875,0.5291545189488946,0.6089743589743589
0.4311688311665914,0.508746355683648,0.6602564102564102
0.4103896103874785,0.5437317784240707,0.6025641025641025
0.4935064935039299,0.49708454810350705,0.5128205128205128
0.42337662337442405,0.5072886297361303,0.6114102564102564
0.47792207791959523,0.4883381924184014,0.7435897435897436
0.6415584415551088,0.39650145772479156,0.5641025641025641
0.4753246753222061,0.48979591836591896,0.7115384615384616
0.37662337662142015,0.527696793001377,0.5544871794871795
0.4155844155822567,0.4999999999985423,0.5769230769230769
0.4597402597378715,0.6137026239049164,0.5769230769230769
0.4571428571404824,0.6122448979573987,0.6111538461538462
0.4077922077900894,0.5495626822141413,0.592948717948718
0.4935064935039299,0.5976676384822226,0.7307692307692307
0.48311688311437345,0.603498542272293,0.7435897435897436
0.48831168830915167,0.5947521865871873,0.7275641025641025
0.48051948051698434,0.6020408163247755,0.6965384615384616
0.5142857142830427,0.6326530612226453,0.5769230769230769
0.5272727272699882,0.6166180757999515,0.6153846153846154
0.42597402597181316,0.5830903790070464,0.6506410256410257
0.48571428571176256,0.5932944606396697,0.7862820512820513
0.4675324675300388,0.6064139941673282,0.6858974358974359
0.4129870129848676,0.5874635568495993,0.625
0.47792207791959523,0.6005830903772578,0.8128205128205129
0.5298701298673774,0.6180758017474692,0.6378205128205128
0.5350649350621556,0.6209912536425044,0.7216666666666668
0.42337662337442405,0.5816326530595288,0.6025641025641025
0.46233766233526064,0.615160349852434,0.5833333333333334
0.5116883116856535,0.6311953352751277,0.717948717948718
0.4285714285692023,0.584548104954564,0.6434615384615384
0.5194805194778209,0.6239067055375397,0.6305128205128206
0.4311688311665914,0.5860058309020816,0.657051282051282
0.42077922077703495,0.5918367346921521,0.6082051282051282
0.5012987012960972,0.6370262390651982,0.6703846153846155
0.43636363636136954,0.577259475216976,0.6338461538461538
0.5168831168804318,0.622448979590022,0.6442307692307693
0.4103896103874785,0.5510204081616589,0.5641025641025641
0.35584415584230733,0.5320699708439298,0.6324358974358975
0.49610389610131894,0.634110787170163,0.6589743589743591
0.44155844155614776,0.5801749271120111,0.6421794871794873
0.43376623376398044,0.5758017492694584,0.6517948717948718
0.41818181817964584,0.5903790087446344,0.5803846153846154
0.44415584415353687,0.5699708454793878,0.6791025641025641
0.5324675324647664,0.6195335276949868,0.6914102564102566
0.446753246750926,0.5714285714269055,0.6923076923076923
0.5064935064908754,0.6282798833800926,0.7243589743589743
0.43896103895875865,0.5787172011644935,0.6737179487179487
0.4909090909065408,0.5962099125347049,0.7307692307692307
0.5090909090882645,0.6297376093276101,0.7615384615384616
0.37922077921880926,0.5685131195318702,0.5298717948717948
0.4753246753222061,0.5991253644297402,0.8034615384615384
0.5246753246725991,0.6268221574325749,0.6717948717948719
0.472727272724817,0.6093294460623635,0.6538461538461539
0.35844155843969644,0.5335276967914474,0.5961538461538461
0.4155844155822567,0.5889212827971169,0.625
0.4493506493483151,0.5728862973744231,0.7079487179487179
0.52207792207521,0.6253644314850573,0.6911538461538461
0.3090909090893034,0.8323615160325587,0.32051282051282054
0.4155844155822567,0.6574344023304448,0.5576923076923077
0.6103896103864396,0.5481049562666236,0.5769230769230769
0.4311688311665914,0.6545189504354096,0.5334615384615384
0.6181818181786068,0.5495626822141413,0.5256410256410257
0.20519480519373925,0.402332361514862,0.5128205128205128
0.44155844155614776,0.6486880466453391,0.5392307692307693
0.43896103895875865,0.6501457725928568,0.5383333333333332
0.43636363636136954,0.6457725947503039,0.5344871794871795
0.6155844155812178,0.5510204081616589,0.5705128205128205
0.4285714285692023,0.6559766763829272,0.5102564102564102
0.446753246750926,0.6399416909602335,0.48435897435897435
0.44415584415353687,0.641399416907751,0.5782051282051281
0.43376623376398044,0.6472303206978215,0.5264102564102564
0.30129870129713615,0.7798833819219245,0.34192307692307694
0.4025974025953112,0.5510204081616589,0.5064102564102564
0.4597402597378715,0.6122448979573987,0.6282051282051282
0.5038961038934863,0.634110787170163,0.6666666666666666
0.5064935064908754,0.6326530612226453,0.6602564102564102
0.48311688311437345,0.5991253644297402,0.7585897435897436
0.4077922077900894,0.5481049562666236,0.5448717948717948
0.5298701298673774,0.6195335276949868,0.6641025641025641
0.4285714285692023,0.5830903790070464,0.6689743589743591
0.472727272724817,0.6049562682198106,0.6461538461538462
0.49610389610131894,0.6384839650127158,0.5470512820512821
0.47792207791959523,0.6020408163247755,0.7435897435897436
0.5012987012960972,0.6355685131176806,0.6666666666666666
0.5116883116856535,0.6297376093276101,0.7051282051282052
0.37402597402403104,0.5670553935843526,0.4807692307692308
0.4051948051927003,0.5495626822141413,0.6410256410256411
0.5142857142830427,0.6282798833800926,0.6703846153846155
0.52207792207521,0.6239067055375397,0.6730769230769231
0.4129870129848676,0.5918367346921521,0.5871794871794871
0.5350649350621556,0.6166180757999515,0.6897435897435897
0.42077922077703495,0.5874635568495993,0.6132051282051282
0.3038961038945252,0.5131195335262009,0.28525641025641024
0.4935064935039299,0.5932944606396697,0.7243589743589743
0.48831168830915167,0.5962099125347049,0.741923076923077
0.48571428571176256,0.5976676384822226,0.7025641025641025
0.4909090909065408,0.5947521865871873,0.7019230769230769
0.5324675324647664,0.6180758017474692,0.6538461538461539
0.5246753246725991,0.622448979590022,0.6642307692307693
0.44415584415353687,0.5743440233219407,0.6639743589743591
0.49870129869870805,0.6370262390651982,0.6906410256410257
0.44155844155614776,0.5758017492694584,0.6624358974358975
0.446753246750926,0.5728862973744231,0.6888461538461539
0.5090909090882645,0.6311953352751277,0.6708974358974359
0.42337662337442405,0.5860058309020816,0.64
0.4155844155822567,0.5903790087446344,0.5608974358974359
0.41818181817964584,0.5889212827971169,0.5897435897435898
0.43896103895875865,0.577259475216976,0.6538461538461539
0.3948051948031439,0.5553935860042117,0.6410256410256411
0.4519480519457042,0.5699708454793878,0.6185897435897436
0.4493506493483151,0.5714285714269055,0.6739743589743589
0.5168831168804318,0.6268221574325749,0.6266666666666666
0.4545454545430933,0.615160349852434,0.5461538461538461
0.43376623376398044,0.5801749271120111,0.6525641025641027
0.48051948051698434,0.6005830903772578,0.7435897435897436
0.42597402597181316,0.584548104954564,0.6076923076923078
0.3428571428553618,0.5379008746340003,0.6410256410256411
0.5272727272699882,0.6209912536425044,0.7076923076923077
0.43636363636136954,0.5787172011644935,0.658076923076923
0.5194805194778209,0.6253644314850573,0.6321794871794872
0.4311688311665914,0.5816326530595288,0.6594871794871795
0.4571428571404824,0.6137026239049164,0.6025641025641025
0.4103896103874785,0.546647230319106,0.6217948717948718
0.3870129870109766,0.5597667638467645,0.48717948717948717
0.25974025973891046,0.7332361516013608,0.30128205128205127
0.3090909090893034,0.8221574343999354,0.3219230769230769
0.4077922077900894,0.5437317784240707,0.6346153846153846
0.4051948051927003,0.5422740524765531,0.5384615384615384
0.37142857142664193,0.5233236151588242,0.5608974358974359
0.4155844155822567,0.5014577259460599,0.5512820512820513
0.4519480519457042,0.5218658892113065,0.6692307692307693
0.472727272724817,0.48688046647088373,0.8076923076923077
0.37402597402403104,0.5247813411063418,0.5897435897435898
0.3896103896083657,0.5335276967914474,0.5943589743589743
0.446753246750926,0.5189504373162713,0.6560256410256411
0.42597402597181316,0.5072886297361303,0.6116666666666666
0.3844155844135875,0.5306122448964122,0.5384615384615384
0.42337662337442405,0.5058309037886127,0.6089743589743589
0.3948051948031439,0.5364431486864827,0.5961538461538461
0.5350649350621556,0.47521865889074283,0.4807692307692308
0.4285714285692023,0.508746355683648,0.632948717948718
0.4103896103874785,0.5451895043715884,0.6666666666666666
0.38181818181619837,0.5291545189488946,0.5794871794871795
0.41818181817964584,0.5029154518935776,0.597051282051282
0.43896103895875865,0.5145772594737185,0.6282051282051282
0.3870129870109766,0.5320699708439298,0.5829487179487179
0.44415584415353687,0.5174927113687536,0.6689743589743591
0.4025974025953112,0.5408163265290356,0.5641025641025641
0.4493506493483151,0.5204081632637889,0.6512820512820513
0.42077922077703495,0.5043731778410951,0.6173076923076923
0.397402597400533,0.5379008746340003,0.5475641025641025
0.4311688311665914,0.5102040816311656,0.66
0.43376623376398044,0.5116618075786832,0.6466666666666666
0.37662337662142015,0.5262390670538594,0.5897435897435898
0.37922077921880926,0.527696793001377,0.5855128205128205
0.43636363636136954,0.5131195335262009,0.7033333333333334
0.3999999999979221,0.539358600581518,0.6098717948717948
0.44155844155614776,0.516034985421236,0.6756410256410257
0.3922077922057548,0.5349854227389651,0.5683333333333334
0.4129870129848676,0.4999999999985423,0.6410256410256411
0.6727272727237781,0.7376093294439137,0.27564102564102566
0.5792207792177703,0.5349854227389651,0.6698717948717948
0.571428571425603,0.5072886297361303,0.5811538461538461
0.5584415584386575,0.4999999999985423,0.62
0.5402597402569338,0.5131195335262009,0.6389743589743591
0.5376623376595446,0.5116618075786832,0.6452564102564102
0.5506493506464901,0.5189504373162713,0.6596153846153846
0.5740259740229922,0.508746355683648,0.6003846153846154
0.5480519480491011,0.5174927113687536,0.6546153846153846
0.6129870129838286,0.5306122448964122,0.6089743589743589
0.6155844155812178,0.5320699708439298,0.5965384615384616
0.5532467532438793,0.5204081632637889,0.6546153846153846
0.6051948051916614,0.5262390670538594,0.605
0.5766233766203812,0.5102040816311656,0.7093589743589743
0.6181818181786068,0.5335276967914474,0.5833333333333334
0.5636363636334357,0.5029154518935776,0.6585897435897436
0.5688311688282139,0.5058309037886127,0.6512820512820513
0.6025974025942723,0.5247813411063418,0.6385897435897436
0.6103896103864396,0.5291545189488946,0.6112820512820514
0.5454545454517119,0.516034985421236,0.6548717948717948
0.5999999999968831,0.5233236151588242,0.6575641025641027
0.5428571428543228,0.5145772594737185,0.6226923076923077
0.5610389610360466,0.5014577259460599,0.5796153846153845
0.5558441558412683,0.5218658892113065,0.6421794871794873
0.6779220779185563,0.49708454810350705,0.42948717948717946
0.6077922077890504,0.527696793001377,0.6244871794871794
0.6753246753211671,0.49562682215598947,0.358974358974359
0.2649350649336887,0.7317784256538432,0.3557692307692308
0.5662337662308248,0.5043731778410951,0.6556410256410257
0.5480519480491011,0.5364431486864827,0.6666666666666666
0.5558441558412683,0.5379008746340003,0.5342307692307693
0.5532467532438793,0.539358600581518,0.6089743589743589
0.5402597402569338,0.5408163265290356,0.5743589743589743
0.6233766233733851,0.4941690962084718,0.5769230769230769
0.571428571425603,0.5233236151588242,0.6187179487179488
0.5818181818151594,0.5174927113687536,0.6324358974358975
0.5636363636334357,0.5335276967914474,0.6524358974358975
0.5792207792177703,0.5189504373162713,0.6111538461538462
0.5662337662308248,0.5320699708439298,0.7115384615384616
0.6103896103864396,0.5014577259460599,0.6025641025641025
0.5896103896073267,0.5131195335262009,0.6196153846153846
0.5506493506464901,0.5349854227389651,0.6560256410256411
0.5766233766203812,0.5262390670538594,0.6271794871794872
0.5610389610360466,0.5291545189488946,0.6783333333333333
0.620779220775996,0.49562682215598947,0.5544871794871795
0.5688311688282139,0.5247813411063418,0.6523076923076923
0.5584415584386575,0.5306122448964122,0.6979487179487179
0.5740259740229922,0.527696793001377,0.6611538461538461
0.5948051948021049,0.516034985421236,0.6153846153846154
0.5844155844125485,0.5218658892113065,0.6393589743589744
0.5870129870099376,0.5204081632637889,0.6392307692307693
0.6285714285681633,0.49708454810350705,0.4807692307692308
0.5974025973994941,0.5145772594737185,0.6185897435897436
0.6415584415551088,0.4839650145758485,0.4583333333333333
0.4155844155822567,0.5524781341091765,0.6282051282051282
0.42597402597181316,0.546647230319106,0.5678205128205129
0.41818181817964584,0.5568513119517293,0.6644871794871795
0.5168831168804318,0.6122448979573987,0.7051282051282052
0.4103896103874785,0.584548104954564,0.6752564102564103
0.37662337662142015,0.5801749271120111,0.6025641025641025
0.3688311688292528,0.5145772594737185,0.6067948717948718
0.5090909090882645,0.5932944606396697,0.6947435897435897
0.4909090909065408,0.6326530612226453,0.6047435897435898
0.4753246753222061,0.6355685131176806,0.6538461538461539
0.4935064935039299,0.6311953352751277,0.6812820512820513
0.4519480519457042,0.5612244897942822,0.694871794871795
0.48051948051698434,0.6384839650127158,0.5256410256410257
0.5350649350621556,0.6078717201148459,0.5769230769230769
0.5324675324647664,0.6093294460623635,0.6282051282051282
0.4285714285692023,0.5510204081616589,0.6082051282051282
0.4701298701274279,0.6209912536425044,0.6506410256410257
0.42337662337442405,0.5481049562666236,0.6282051282051282
0.44155844155614776,0.5670553935843526,0.6728205128205129
0.5116883116856535,0.5976676384822226,0.7233333333333334
0.49870129869870805,0.5991253644297402,0.7476923076923077
0.4077922077900894,0.5860058309020816,0.5769230769230769
0.3999999999979221,0.5903790087446344,0.623974358974359
0.48311688311437345,0.6370262390651982,0.5855128205128205
0.5064935064908754,0.5947521865871873,0.7039743589743589
0.4493506493483151,0.5626822157417998,0.6960256410256411
0.43376623376398044,0.565597667636835,0.6606410256410257
0.43896103895875865,0.5685131195318702,0.6782051282051282
0.44415584415353687,0.5597667638467645,0.6792307692307693
0.4597402597378715,0.6268221574325749,0.6278205128205128
0.446753246750926,0.5583090378992469,0.6841025641025641
0.5038961038934863,0.6020408163247755,0.7719230769230768
0.49610389610131894,0.6005830903772578,0.7385897435897436
0.4311688311665914,0.5495626822141413,0.6217948717948718
0.5142857142830427,0.5962099125347049,0.6862820512820513
0.5298701298673774,0.6049562682198106,0.6217948717948718
0.48831168830915167,0.6282798833800926,0.6757692307692307
0.4545454545430933,0.6239067055375397,0.6206410256410256
0.46233766233526064,0.6253644314850573,0.6346153846153846
0.4129870129848676,0.553935860056694,0.532051282051282
0.4571428571404824,0.622448979590022,0.625
0.472727272724817,0.6195335276949868,0.6566666666666666
0.37402597402403104,0.5758017492694584,0.5128205128205128
0.47792207791959523,0.634110787170163,0.6373076923076922
0.42077922077703495,0.5553935860042117,0.6730769230769231
0.5012987012960972,0.603498542272293,0.7265384615384616
0.4649350649326497,0.6180758017474692,0.7115384615384616
0.4025974025953112,0.5830903790070464,0.5939743589743589
0.43636363636136954,0.5641399416893174,0.6717948717948719
0.48571428571176256,0.6297376093276101,0.7115384615384616
0.5584415584386575,0.539358600581518,0.6794871794871795
0.5974025973994941,0.5058309037886127,0.6111538461538462
0.5506493506464901,0.5320699708439298,0.7025641025641025
0.6545454545420544,0.49708454810350705,0.46153846153846156
0.6181818181786068,0.5174927113687536,0.6346153846153846
0.6155844155812178,0.5189504373162713,0.6314102564102564
0.6051948051916614,0.5131195335262009,0.6435897435897436
0.620779220775996,0.4810495626808133,0.5897435897435898
0.5922077922047159,0.508746355683648,0.5961538461538461
0.5999999999968831,0.516034985421236,0.6244871794871794
0.6103896103864396,0.5218658892113065,0.6078205128205127
0.5818181818151594,0.5029154518935776,0.5993589743589743
0.6129870129838286,0.5204081632637889,0.5912820512820514
0.5532467532438793,0.5306122448964122,0.6385897435897436
0.5428571428543228,0.5247813411063418,0.6785897435897437
0.5454545454517119,0.5233236151588242,0.6585897435897436
0.6337662337629415,0.48542274052336615,0.42948717948717946
0.6077922077890504,0.5116618075786832,0.5983333333333334
0.6363636363603307,0.4839650145758485,0.5256410256410257
0.6025974025942723,0.5145772594737185,0.5692307692307693
0.5376623376595446,0.527696793001377,0.6761538461538461
0.5402597402569338,0.5262390670538594,0.6839743589743589
0.5792207792177703,0.5043731778410951,0.5993589743589743
0.5480519480491011,0.5335276967914474,0.7226923076923077
0.5610389610360466,0.5379008746340003,0.5769230769230769
0.5948051948021049,0.5072886297361303,0.6346153846153846
0.5636363636334357,0.5364431486864827,0.6492307692307693
0.5662337662308248,0.5349854227389651,0.5946153846153845
0.5558441558412683,0.5291545189488946,0.6385897435897436
0.37142857142664193,0.7448979591815018,0.4391025641025641
0.37662337662142015,0.747813411076537,0.46153846153846156
0.3922077922057548,0.7332361516013608,0.3743589743589744
0.397402597400533,0.7361516034963961,0.4230769230769231
0.3999999999979221,0.7376093294439137,0.40807692307692306
0.3948051948031439,0.7346938775488785,0.3269230769230769
0.4025974025953112,0.7390670553914314,0.4166666666666667
0.42597402597181316,0.7755102040793718,0.3162820512820513
0.4077922077900894,0.6122448979573987,0.6025641025641025
0.5064935064908754,0.5801749271120111,0.6452564102564102
0.4103896103874785,0.6107871720098811,0.5064102564102564
0.4753246753222061,0.5626822157417998,0.7265384615384616
0.48831168830915167,0.5670553935843526,0.6474358974358975
0.48571428571176256,0.5685131195318702,0.6752564102564103
0.49870129869870805,0.5728862973744231,0.7512820512820512
0.5012987012960972,0.5714285714269055,0.6965384615384616
0.4597402597378715,0.5481049562666236,0.6282051282051282
0.4701298701274279,0.553935860056694,0.6538461538461539
0.4129870129848676,0.6209912536425044,0.6794871794871795
0.42337662337442405,0.6268221574325749,0.5961538461538461
0.48311688311437345,0.5583090378992469,0.7265384615384616
0.3428571428553618,0.48542274052336615,0.3076923076923077
0.48051948051698434,0.5597667638467645,0.7344871794871796
0.49610389610131894,0.5743440233219407,0.6384615384615384
0.3272727272710272,0.47084548104818996,0.4519230769230769
0.44415584415353687,0.6384839650127158,0.5797435897435897
0.5116883116856535,0.577259475216976,0.6538461538461539
0.5090909090882645,0.5787172011644935,0.6538461538461539
0.5298701298673774,0.5903790087446344,0.6730769230769231
0.37402597402403104,0.5962099125347049,0.6035897435897436
0.3870129870109766,0.6005830903772578,0.6641025641025641
0.37922077921880926,0.5932944606396697,0.611923076923077
0.43896103895875865,0.6297376093276101,0.5725641025641025
0.4545454545430933,0.5510204081616589,0.5538461538461539
0.3844155844135875,0.6020408163247755,0.626923076923077
0.44155844155614776,0.6282798833800926,0.5769230769230769
0.43376623376398044,0.6326530612226453,0.5747435897435897
0.43636363636136954,0.6311953352751277,0.5758974358974359
0.37662337662142015,0.5947521865871873,0.6469230769230768
0.38181818181619837,0.603498542272293,0.6067948717948718
0.3896103896083657,0.5991253644297402,0.6387179487179486
0.37142857142664193,0.5976676384822226,0.6057692307692307
0.4519480519457042,0.634110787170163,0.647948717948718
0.4311688311665914,0.622448979590022,0.5857692307692307
0.4675324675300388,0.5553935860042117,0.717948717948718
0.446753246750926,0.6370262390651982,0.5228205128205128
0.42597402597181316,0.6253644314850573,0.6
0.4285714285692023,0.6239067055375397,0.5673076923076923
0.5038961038934863,0.5699708454793878,0.6538461538461539
0.4493506493483151,0.6355685131176806,0.5685897435897436
0.3999999999979221,0.6049562682198106,0.6217948717948718
0.4909090909065408,0.565597667636835,0.6346153846153846
0.5818181818151594,0.539358600581518,0.7265384615384616
0.5844155844125485,0.5349854227389651,0.6367948717948718
0.5584415584386575,0.5029154518935776,0.6121794871794872
0.6155844155812178,0.5291545189488946,0.5917948717948718
0.25974025973891046,0.7317784256538432,0.38461538461538464
0.5428571428543228,0.5116618075786832,0.6084615384615384
0.5454545454517119,0.5131195335262009,0.6444871794871795
0.5610389610360466,0.5043731778410951,0.6096153846153846
0.5376623376595446,0.5145772594737185,0.6553846153846155
0.6025974025942723,0.527696793001377,0.6153846153846154
0.6181818181786068,0.5306122448964122,0.6353846153846154
0.571428571425603,0.5102040816311656,0.6346153846153846
0.670129870126389,0.48979591836591896,0.4583333333333333
0.25454545454413224,0.7230320699687376,0.4551282051282051
0.5402597402569338,0.516034985421236,0.6552564102564102
0.5558441558412683,0.5189504373162713,0.6441025641025641
0.6103896103864396,0.5320699708439298,0.6325641025641026
0.6077922077890504,0.5247813411063418,0.62
0.6051948051916614,0.5233236151588242,0.6016666666666668
0.5506493506464901,0.5218658892113065,0.67
0.5532467532438793,0.5174927113687536,0.6437179487179486
0.6753246753211671,0.4985422740510247,0.41025641025641024
0.6779220779185563,0.4941690962084718,0.46794871794871795
0.5688311688282139,0.508746355683648,0.55
0.5480519480491011,0.5204081632637889,0.6608974358974359
0.5870129870099376,0.5364431486864827,0.5983333333333334
0.5999999999968831,0.5262390670538594,0.665
0.6805194805159454,0.49562682215598947,0.41025641025641024
0.5636363636334357,0.4999999999985423,0.5615384615384615
0.5662337662308248,0.5014577259460599,0.6820512820512821
0.6129870129838286,0.5335276967914474,0.6312820512820512
0.4649350649326497,0.6399416909602335,0.48294871794871796
0.5636363636334357,0.6137026239049164,0.5897435897435898
0.4675324675300388,0.641399416907751,0.42948717948717946
0.4701298701274279,0.6428571428552686,0.48717948717948717
0.6259740259707742,0.5553935860042117,0.6089743589743589
0.43376623376398044,0.7274052478112903,0.3974358974358974
0.42337662337442405,0.709912536441079,0.35038461538461535
0.43636363636136954,0.728862973758808,0.40384615384615385
0.43896103895875865,0.7303206997063256,0.4630769230769231
0.4311688311665914,0.7142857142836319,0.41628205128205126
0.5376623376595446,0.5991253644297402,0.6602564102564102
0.42597402597181316,0.7113702623885966,0.3230769230769231
0.4285714285692023,0.7128279883361143,0.3507692307692308
0.472727272724817,0.6443148688027863,0.7393589743589744
0.4649350649326497,0.539358600581518,0.6837179487179487
0.5272727272699882,0.5043731778410951,0.7326923076923078
0.5324675324647664,0.5014577259460599,0.5658974358974359
0.52207792207521,0.5072886297361303,0.685128205128205
0.36103896103708555,0.5976676384822226,0.5747435897435897
0.5194805194778209,0.508746355683648,0.6720512820512821
0.5168831168804318,0.5102040816311656,0.6987179487179487
0.4675324675300388,0.5379008746340003,0.7285897435897436
0.36623376623186377,0.5947521865871873,0.5947435897435898
0.3688311688292528,0.5932944606396697,0.5916666666666668
0.4753246753222061,0.5335276967914474,0.695
0.49870129869870805,0.5204081632637889,0.7230769230769232
0.36363636363447466,0.5962099125347049,0.5782051282051281
0.48051948051698434,0.5306122448964122,0.6973076923076923
0.5116883116856535,0.5131195335262009,0.6864102564102564
0.5012987012960972,0.5189504373162713,0.6991025641025641
0.4935064935039299,0.5233236151588242,0.6910256410256411
0.5350649350621556,0.4999999999985423,0.628974358974359
0.48311688311437345,0.5291545189488946,0.7025641025641025
0.48831168830915167,0.5262390670538594,0.6882051282051282
0.48571428571176256,0.527696793001377,0.6960256410256411
0.4909090909065408,0.5247813411063418,0.7024358974358975
0.4571428571404824,0.5437317784240707,0.6885897435897436
0.5038961038934863,0.5174927113687536,0.7315384615384616
0.47792207791959523,0.5320699708439298,0.7182051282051282
0.5090909090882645,0.5145772594737185,0.6888461538461539
0.35844155843969644,0.5991253644297402,0.5769230769230769
0.4597402597378715,0.5422740524765531,0.6730769230769231
0.5142857142830427,0.5116618075786832,0.7019230769230769
0.5064935064908754,0.516034985421236,0.6946153846153847
0.5246753246725991,0.5058309037886127,0.6035897435897436
0.472727272724817,0.5349854227389651,0.7093589743589743
0.4701298701274279,0.5364431486864827,0.6956410256410257
0.5662337662308248,0.38921282798720347,0.24358974358974358
0.46233766233526064,0.5408163265290356,0.6538461538461539
0.5298701298673774,0.5029154518935776,0.717948717948718
0.49610389610131894,0.5218658892113065,0.7175641025641025
0.42597402597181316,0.5743440233219407,0.6025641025641025
0.48571428571176256,0.6078717201148459,0.7339743589743589
0.4051948051927003,0.5626822157417998,0.6025641025641025
0.5246753246725991,0.6355685131176806,0.6965384615384616
0.42337662337442405,0.5728862973744231,0.6410256410256411
0.52207792207521,0.634110787170163,0.5961538461538461
0.4155844155822567,0.5801749271120111,0.6474358974358975
0.48051948051698434,0.6107871720098811,0.6794871794871795
0.446753246750926,0.5860058309020816,0.6564102564102564
0.5116883116856535,0.6166180757999515,0.7083333333333334
0.48831168830915167,0.6093294460623635,0.7551282051282052
0.5012987012960972,0.622448979590022,0.7383333333333334
0.4519480519457042,0.5830903790070464,0.6955128205128205
0.4493506493483151,0.5816326530595288,0.6132051282051282
0.4909090909065408,0.6049562682198106,0.7273076923076923
0.44155844155614776,0.5889212827971169,0.6425641025641026
0.43376623376398044,0.5903790087446344,0.6401282051282052
0.09870129870078598,0.3848396501446506,0.391025641025641
0.4285714285692023,0.5699708454793878,0.6496153846153846
0.36363636363447466,0.539358600581518,0.7051282051282052
0.44415584415353687,0.584548104954564,0.6693589743589743
0.4103896103874785,0.5597667638467645,0.5939743589743589
0.4311688311665914,0.5714285714269055,0.6666666666666666
0.36103896103708555,0.5379008746340003,0.5939743589743589
0.43636363636136954,0.5918367346921521,0.6201282051282052
0.43896103895875865,0.5874635568495993,0.6191025641025641
0.36623376623186377,0.5349854227389651,0.5608974358974359
0.49870129869870805,0.6268221574325749,0.6846153846153847
0.5324675324647664,0.6282798833800926,0.7201282051282052
0.49610389610131894,0.6253644314850573,0.642051282051282
0.41818181817964584,0.5758017492694584,0.6367948717948718
0.5142857142830427,0.6180758017474692,0.6121794871794872
0.3688311688292528,0.5364431486864827,0.6047435897435898
0.4701298701274279,0.5932944606396697,0.7564102564102564
0.42077922077703495,0.577259475216976,0.5952564102564103
0.5194805194778209,0.6384839650127158,0.5183333333333334
0.5168831168804318,0.6370262390651982,0.5564102564102564
0.5038961038934863,0.6239067055375397,0.7124358974358973
0.4935064935039299,0.6064139941673282,0.7289743589743589
0.472727272724817,0.5947521865871873,0.7756410256410257
0.4571428571404824,0.603498542272293,0.6624358974358975
0.4597402597378715,0.5991253644297402,0.5961538461538461
0.5064935064908754,0.6195335276949868,0.6987179487179487
0.4129870129848676,0.5787172011644935,0.6346153846153846
0.47792207791959523,0.615160349852434,0.6776923076923077
0.48311688311437345,0.6122448979573987,0.6653846153846155
0.5090909090882645,0.6209912536425044,0.6817948717948719
0.5272727272699882,0.5422740524765531,0.7435897435897436
0.4649350649326497,0.5072886297361303,0.7692307692307693
0.472727272724817,0.508746355683648,0.6282051282051282
0.52207792207521,0.539358600581518,0.717948717948718
0.43896103895875865,0.4927113702609542,0.6217948717948718
0.48051948051698434,0.516034985421236,0.7508974358974358
0.42597402597181316,0.4825072886283309,0.5688461538461539
0.42337662337442405,0.4839650145758485,0.5576923076923077
0.5064935064908754,0.5306122448964122,0.7415384615384616
0.5142857142830427,0.5320699708439298,0.7132051282051282
0.49610389610131894,0.5247813411063418,0.6678205128205129
0.43376623376398044,0.48979591836591896,0.6153846153846154
0.43636363636136954,0.4883381924184014,0.6298717948717948
0.48311688311437345,0.5145772594737185,0.7066666666666668
0.5116883116856535,0.5335276967914474,0.7110256410256409
0.49870129869870805,0.5233236151588242,0.6821794871794871
0.4935064935039299,0.5204081632637889,0.7075641025641025
0.4909090909065408,0.5218658892113065,0.71
0.5194805194778209,0.5349854227389651,0.6965384615384616
0.5168831168804318,0.5364431486864827,0.7211538461538461
0.5090909090882645,0.5291545189488946,0.7005128205128205
0.5038961038934863,0.5262390670538594,0.7202564102564103
0.5012987012960972,0.527696793001377,0.7075641025641025
0.5246753246725991,0.5379008746340003,0.7393589743589744
0.48571428571176256,0.5189504373162713,0.7165384615384616
0.4311688311665914,0.48542274052336615,0.5769230769230769
0.3428571428553618,0.622448979590022,0.5192307692307693
0.446753246750926,0.4941690962084718,0.5576923076923077
0.47792207791959523,0.5116618075786832,0.7371794871794872
0.48831168830915167,0.5174927113687536,0.7216666666666668
0.5974025973994941,0.3921282798822387,0.4401282051282051
0.4753246753222061,0.5131195335262009,0.7088461538461539
0.49870129869870805,0.6399416909602335,0.5384615384615384
0.37922077921880926,0.7128279883361143,0.4256410256410257
0.49610389610131894,0.641399416907751,0.6089743589743589
0.37402597402403104,0.709912536441079,0.46576923076923077
0.5480519480491011,0.6239067055375397,0.6487179487179486
0.5662337662308248,0.6311953352751277,0.5256410256410257
0.38181818181619837,0.717201166178667,0.47858974358974354
0.5402597402569338,0.6166180757999515,0.6256410256410256
0.5506493506464901,0.622448979590022,0.5974358974358973
0.4285714285692023,0.6967930029134205,0.4515384615384615
0.3922077922057548,0.7230320699687376,0.3375641025641025
0.397402597400533,0.7259475218637728,0.38115384615384623
0.43896103895875865,0.702623906703491,0.47269230769230774
0.5922077922047159,0.5991253644297402,0.1987179487179487
0.4025974025953112,0.728862973758808,0.21025641025641034
0.4311688311665914,0.6953352769659028,0.47269230769230774
0.43636363636136954,0.6982507288609381,0.4511538461538461
0.4051948051927003,0.7274052478112903,0.4
0.44155844155614776,0.7011661807559733,0.4335897435897435
0.43376623376398044,0.6997084548084557,0.47743589743589737
0.3999999999979221,0.7244897959162552,0.38461538461538464
0.3870129870109766,0.7201166180737023,0.40064102564102566
0.5428571428543228,0.6209912536425044,0.6275641025641026
0.3948051948031439,0.7215743440212199,0.39487179487179486
0.42597402597181316,0.6924198250708676,0.4166666666666667
0.5532467532438793,0.6268221574325749,0.6384615384615384
0.5376623376595446,0.6180758017474692,0.6008974358974359
0.5558441558412683,0.6253644314850573,0.6025641025641025
0.3896103896083657,0.7186588921261847,0.40653846153846146
0.5038961038934863,0.6428571428552686,0.6602564102564102
0.37662337662142015,0.7142857142836319,0.48717948717948717
0.5454545454517119,0.6195335276949868,0.5911538461538461
0.27792207792063417,0.8017492711346889,0.2692307692307692
0.3402597402579727,0.7434402332339841,0.4
0.3454545454527509,0.740524781338949,0.40602564102564104
0.3350649350631945,0.7346938775488785,0.41474358974358966
0.29610389610235793,0.7565597667616427,0.30128205128205127
0.3298701298684163,0.7376093294439137,0.382051282051282
0.33766233766058357,0.7332361516013608,0.42948717948717946
0.34805194805014,0.7390670553914314,0.4074358974358975
0.3428571428553618,0.7419825072864665,0.3735897435897436
0.3324675324658054,0.7361516034963961,0.3871794871794872
0.30129870129713615,0.7653061224467484,0.33974358974358976
0.4519480519457042,0.5685131195318702,0.6367948717948718
0.5246753246725991,0.6093294460623635,0.6217948717948718
0.4909090909065408,0.6370262390651982,0.6512820512820513
0.4051948051927003,0.5889212827971169,0.6067948717948718
0.48051948051698434,0.6311953352751277,0.7130769230769232
0.42077922077703495,0.5510204081616589,0.6346153846153846
0.397402597400533,0.584548104954564,0.6346153846153846
0.3999999999979221,0.5860058309020816,0.6730769230769231
0.42337662337442405,0.5524781341091765,0.6666666666666666
0.48571428571176256,0.634110787170163,0.6067948717948718
0.5324675324647664,0.6137026239049164,0.5641025641025641
0.5194805194778209,0.6064139941673282,0.6965384615384616
0.49870129869870805,0.5947521865871873,0.7070512820512821
0.4649350649326497,0.622448979590022,0.6666666666666666
0.3506493506475291,0.5116618075786832,0.5641025641025641
0.446753246750926,0.565597667636835,0.685
0.4597402597378715,0.6195335276949868,0.6346153846153846
0.4545454545430933,0.6166180757999515,0.5855128205128205
0.5272727272699882,0.6107871720098811,0.559871794871795
0.4077922077900894,0.5903790087446344,0.6634615384615384
0.4311688311665914,0.5568513119517293,0.626025641025641
0.44415584415353687,0.5641399416893174,0.6652564102564102
0.41818181817964584,0.5495626822141413,0.6358974358974359
0.4675324675300388,0.6239067055375397,0.6217948717948718
0.5168831168804318,0.6049562682198106,0.6738461538461539
0.47792207791959523,0.6297376093276101,0.7074358974358975
0.4753246753222061,0.6282798833800926,0.6961538461538461
0.5064935064908754,0.5991253644297402,0.738974358974359
0.5090909090882645,0.6005830903772578,0.7583333333333334
0.38181818181619837,0.5758017492694584,0.6987179487179487
0.4935064935039299,0.6384839650127158,0.5448717948717948
0.5012987012960972,0.5962099125347049,0.7265384615384616
0.49610389610131894,0.5932944606396697,0.7016666666666668
0.5038961038934863,0.5976676384822226,0.717948717948718
0.44155844155614776,0.5626822157417998,0.645128205128205
0.3844155844135875,0.577259475216976,0.44871794871794873
0.4701298701274279,0.6253644314850573,0.6637179487179486
0.43376623376398044,0.5583090378992469,0.6703846153846155
0.4129870129848676,0.546647230319106,0.6624358974358975
0.472727272724817,0.6268221574325749,0.6666666666666666
0.4103896103874785,0.5918367346921521,0.5855128205128205
0.43636363636136954,0.5597667638467645,0.6538461538461539
0.4285714285692023,0.5553935860042117,0.6361538461538462
0.5116883116856535,0.6020408163247755,0.7361538461538462
0.43896103895875865,0.5612244897942822,0.6244871794871794
0.5350649350621556,0.615160349852434,0.6858974358974359
0.52207792207521,0.6078717201148459,0.6880769230769231
0.4155844155822567,0.5481049562666236,0.6067948717948718
0.42597402597181316,0.553935860056694,0.6474358974358975
0.5298701298673774,0.6122448979573987,0.6367948717948718
0.48311688311437345,0.6326530612226453,0.6978205128205129
0.48831168830915167,0.6355685131176806,0.6025641025641025
0.46233766233526064,0.6209912536425044,0.7221794871794872
0.4025974025953112,0.5874635568495993,0.5470512820512821
0.5142857142830427,0.603498542272293,0.7546153846153846
0.4493506493483151,0.5670553935843526,0.6566666666666666
0.48571428571176256,0.7434402332339841,0.27564102564102566
0.48051948051698434,0.7346938775488785,0.5
0.4753246753222061,0.7376093294439137,0.38461538461538464
0.3896103896083657,0.5058309037886127,0.5
0.5194805194778209,0.4912536443134366,0.6346153846153846
0.3844155844135875,0.508746355683648,0.5384615384615384
0.5246753246725991,0.4883381924184014,0.6196153846153846
0.3532467532449182,0.584548104954564,0.5961538461538461
0.4051948051927003,0.5204081632637889,0.6333333333333334
0.5272727272699882,0.4985422740510247,0.6217948717948718
0.5324675324647664,0.49562682215598947,0.6025641025641025
0.3948051948031439,0.5145772594737185,0.5512820512820513
0.36363636363447466,0.5903790087446344,0.5702564102564103
0.36103896103708555,0.5918367346921521,0.5612820512820513
0.3999999999979221,0.5116618075786832,0.652948717948718
0.44415584415353687,0.5451895043715884,0.6737179487179487
0.3922077922057548,0.516034985421236,0.6185897435897436
0.4077922077900894,0.5189504373162713,0.689871794871795
0.4025974025953112,0.5218658892113065,0.6401282051282052
0.4285714285692023,0.5306122448964122,0.6680769230769231
0.4311688311665914,0.5291545189488946,0.6555128205128204
0.42337662337442405,0.5335276967914474,0.6282051282051282
0.41818181817964584,0.5247813411063418,0.6388461538461538
0.44155844155614776,0.5349854227389651,0.629102564102564
0.4129870129848676,0.527696793001377,0.6098717948717948
0.4155844155822567,0.5262390670538594,0.6316666666666666
0.4493506493483151,0.5422740524765531,0.6538461538461539
0.38181818181619837,0.5102040816311656,0.5747435897435897
0.43376623376398044,0.539358600581518,0.6311538461538462
0.43636363636136954,0.5379008746340003,0.639102564102564
0.446753246750926,0.5437317784240707,0.6729487179487179
0.42597402597181316,0.5320699708439298,0.6433333333333334
0.42077922077703495,0.5233236151588242,0.6612820512820513
0.43896103895875865,0.5364431486864827,0.61
0.3506493506475291,0.5860058309020816,0.5256410256410257
0.4103896103874785,0.5174927113687536,0.647051282051282
0.35844155843969644,0.5816326530595288,0.6067948717948718
0.35584415584230733,0.5830903790070464,0.532051282051282
0.5168831168804318,0.4927113702609542,0.46794871794871795
0.5298701298673774,0.49708454810350705,0.6175641025641025
0.3688311688292528,0.5874635568495993,0.5757692307692307
0.4519480519457042,0.5408163265290356,0.6602564102564102
0.36623376623186377,0.5889212827971169,0.5933333333333334
0.397402597400533,0.5131195335262009,0.597948717948718
0.5350649350621556,0.4941690962084718,0.6816666666666666
0.3428571428553618,0.7463556851290194,0.4396153846153847
0.3688311688292528,0.7376093294439137,0.4367948717948717
0.3532467532449182,0.740524781338949,0.4791025641025642
0.35584415584230733,0.7419825072864665,0.4633333333333333
0.3506493506475291,0.7390670553914314,0.38115384615384623
0.33766233766058357,0.7551020408141251,0.3717948717948718
0.36623376623186377,0.7361516034963961,0.379102564102564
0.36103896103708555,0.7332361516013608,0.4166666666666667
0.36363636363447466,0.7346938775488785,0.40461538461538465
0.35844155843969644,0.7434402332339841,0.44871794871794873
0.3454545454527509,0.747813411076537,0.4358974358974359
0.397402597400533,0.7346938775488785,0.5064102564102564
0.3999999999979221,0.7332361516013608,0.36538461538461536
0.4051948051927003,0.7419825072864665,0.3932051282051282
0.3922077922057548,0.7376093294439137,0.4124358974358975
0.42597402597181316,0.7769679300268894,0.3717948717948718
0.43896103895875865,0.7580174927091603,0.358974358974359
0.3948051948031439,0.7361516034963961,0.39371794871794863
0.4311688311665914,0.7740524781318541,0.44871794871794873
0.37142857142664193,0.702623906703491,0.391025641025641
0.5896103896073267,0.6384839650127158,0.4166666666666667
0.5480519480491011,0.615160349852434,0.5923076923076923
0.5506493506464901,0.6137026239049164,0.5855128205128205
0.5792207792177703,0.6326530612226453,0.41025641025641024
0.4311688311665914,0.7274052478112903,0.38884615384615384
0.43896103895875865,0.7113702623885966,0.4403846153846153
0.43636363636136954,0.7128279883361143,0.3924358974358974
0.43376623376398044,0.7142857142836319,0.40756410256410264
0.44155844155614776,0.709912536441079,0.44525641025641033
0.5532467532438793,0.6122448979573987,0.4538461538461539
0.5948051948021049,0.6355685131176806,0.3333333333333333
0.4519480519457042,0.7157434402311494,0.30128205128205127
0.3844155844135875,0.7069970845460437,0.4358974358974359
0.5974025973994941,0.634110787170163,0.3717948717948718
0.48311688311437345,0.6399416909602335,0.5
0.5402597402569338,0.6078717201148459,0.6089743589743589
0.5376623376595446,0.6093294460623635,0.6923076923076923
0.37402597402403104,0.6282798833800926,0.6923076923076923
0.48051948051698434,0.5743440233219407,0.6794871794871795
0.48831168830915167,0.5758017492694584,0.717948717948718
0.48311688311437345,0.5728862973744231,0.7307692307692307
0.4103896103874785,0.6253644314850573,0.6708974358974359
0.42597402597181316,0.6107871720098811,0.5791025641025641
0.48571428571176256,0.577259475216976,0.5961538461538461
0.4493506493483151,0.603498542272293,0.6153846153846154
0.34805194805014,0.4737609329432252,0.41282051282051285
0.3844155844135875,0.634110787170163,0.559871794871795
0.4519480519457042,0.6020408163247755,0.6346153846153846
0.49610389610131894,0.5597667638467645,0.7756410256410257
0.3402597402579727,0.4723032069957076,0.44871794871794873
0.37142857142664193,0.6297376093276101,0.7093589743589743
0.3428571428553618,0.47084548104818996,0.46576923076923077
0.4545454545430933,0.5830903790070464,0.5512820512820513
0.4155844155822567,0.6049562682198106,0.6474358974358975
0.31948051947885986,0.4839650145758485,0.40166666666666667
0.32207792207624897,0.4825072886283309,0.2564102564102564
0.49870129869870805,0.5583090378992469,0.7628205128205128
0.43636363636136954,0.5932944606396697,0.6353846153846154
0.4311688311665914,0.6137026239049164,0.6011538461538461
0.446753246750926,0.5991253644297402,0.6605128205128205
0.44415584415353687,0.6005830903772578,0.6311538461538462
0.3350649350631945,0.4693877551006724,0.41884615384615387
0.44155844155614776,0.5962099125347049,0.6535897435897436
0.38181818181619837,0.6355685131176806,0.42628205128205127
0.43896103895875865,0.5976676384822226,0.6478205128205128
0.4909090909065408,0.5801749271120111,0.6538461538461539
0.37662337662142015,0.6326530612226453,0.6858974358974359
0.43376623376398044,0.5947521865871873,0.6502564102564102
0.3454545454527509,0.47521865889074283,0.4326923076923077
0.42077922077703495,0.6078717201148459,0.6769230769230768
0.42337662337442405,0.6122448979573987,0.6410256410256411
0.4285714285692023,0.615160349852434,0.5769230769230769
0.4935064935039299,0.5787172011644935,0.7051282051282052
0.3454545454527509,0.7434402332339841,0.3525641025641026
0.36103896103708555,0.7521865889190898,0.3141025641025641
0.3428571428553618,0.7390670553914314,0.39615384615384625
0.3350649350631945,0.7376093294439137,0.42397435897435887
0.3324675324658054,0.7332361516013608,0.39038461538461544
0.33766233766058357,0.7361516034963961,0.3814102564102564
0.3506493506475291,0.7463556851290194,0.44871794871794873
0.3298701298684163,0.7346938775488785,0.3871794871794872
0.31428571428408164,0.7725947521843365,0.2606410256410256
0.3402597402579727,0.740524781338949,0.40128205128205124
0.34805194805014,0.7419825072864665,0.3974358974358974
0.3532467532449182,0.717201166178667,0.3782051282051282
0.6363636363603307,0.5145772594737185,0.5833333333333334
0.33766233766058357,0.7317784256538432,0.39961538461538465
0.620779220775996,0.5174927113687536,0.5214102564102564
0.5428571428543228,0.4737609329432252,0.517051282051282
0.3350649350631945,0.7303206997063256,0.4174358974358975
0.3428571428553618,0.7230320699687376,0.41538461538461546
0.34805194805014,0.7259475218637728,0.4406410256410257
0.3454545454527509,0.7244897959162552,0.4419230769230769
0.5454545454517119,0.47521865889074283,0.5352564102564102
0.6259740259707742,0.5204081632637889,0.6185897435897436
0.3324675324658054,0.728862973758808,0.43179487179487186
0.6571428571394434,0.5029154518935776,0.3333333333333333
0.6519480519446652,0.4999999999985423,0.4948717948717948
0.5922077922047159,0.48979591836591896,0.4935897435897436
0.6233766233733851,0.5189504373162713,0.6217948717948718
0.5948051948021049,0.4912536443134366,0.5512820512820513
0.35844155843969644,0.7201166180737023,0.4321794871794871
0.3298701298684163,0.7274052478112903,0.41282051282051285
0.6285714285681633,0.5218658892113065,0.6730769230769231
0.693506493502891,0.5233236151588242,0.24358974358974358
0.35584415584230733,0.7186588921261847,0.5192307692307693
0.5870129870099376,0.4985422740510247,0.6153846153846154
0.5558441558412683,0.4693877551006724,0.5705128205128205
0.3402597402579727,0.7215743440212199,0.41025641025641024
0.48311688311437345,0.5437317784240707,0.7435897435897436
0.5090909090882645,0.4999999999985423,0.717948717948718
0.43376623376398044,0.4723032069957076,0.5875641025641025
0.3870129870109766,0.4810495626808133,0.48717948717948717
0.4753246753222061,0.5422740524765531,0.7142307692307691
0.35584415584230733,0.615160349852434,0.5426923076923077
0.3999999999979221,0.49708454810350705,0.623974358974359
0.43636363636136954,0.47084548104818996,0.592948717948718
0.4675324675300388,0.5233236151588242,0.6666666666666666
0.52207792207521,0.5218658892113065,0.6798717948717948
0.4571428571404824,0.5291545189488946,0.6923076923076923
0.47792207791959523,0.5408163265290356,0.6725641025641025
0.46233766233526064,0.5320699708439298,0.7191025641025641
0.4701298701274279,0.527696793001377,0.6962820512820513
0.49610389610131894,0.5072886297361303,0.5641025641025641
0.48831168830915167,0.5349854227389651,0.717948717948718
0.5194805194778209,0.5174927113687536,0.6983333333333334
0.4909090909065408,0.539358600581518,0.6923076923076923
0.48051948051698434,0.5451895043715884,0.6307692307692309
0.5116883116856535,0.5043731778410951,0.7106410256410257
0.5168831168804318,0.5189504373162713,0.7043589743589743
0.5246753246725991,0.5204081632637889,0.7102564102564103
0.5272727272699882,0.5131195335262009,0.6960256410256411
0.48571428571176256,0.5364431486864827,0.7164102564102564
0.4649350649326497,0.5247813411063418,0.6837179487179487
0.472727272724817,0.5262390670538594,0.6930769230769231
0.4597402597378715,0.5335276967914474,0.6884615384615385
0.4545454545430933,0.5306122448964122,0.653076923076923
0.35844155843969644,0.6137026239049164,0.5897435897435898
0.36363636363447466,0.6049562682198106,0.6025641025641025
0.3428571428553618,0.5932944606396697,0.5096153846153846
0.5324675324647664,0.516034985421236,0.6923076923076923
0.5350649350621556,0.5145772594737185,0.6635897435897437
0.5038961038934863,0.508746355683648,0.7051282051282052
0.4935064935039299,0.5379008746340003,0.7214102564102564
0.5012987012960972,0.5102040816311656,0.6358974358974359
0.5298701298673774,0.5116618075786832,0.67
0.397402597400533,0.4985422740510247,0.6474358974358975
0.3688311688292528,0.6078717201148459,0.5234615384615384
0.36623376623186377,0.6093294460623635,0.5
0.5142857142830427,0.5029154518935776,0.6051282051282052
0.42597402597181316,0.7798833819219245,0.34615384615384615
0.4701298701274279,0.5131195335262009,0.7307692307692307
0.48571428571176256,0.5043731778410951,0.7628205128205128
0.48831168830915167,0.5029154518935776,0.782051282051282
0.4675324675300388,0.5145772594737185,0.6666666666666666
0.36103896103708555,0.6209912536425044,0.6752564102564103
0.4597402597378715,0.5189504373162713,0.7307692307692307
0.5090909090882645,0.5379008746340003,0.7093589743589743
0.5246753246725991,0.5291545189488946,0.7073076923076923
0.4155844155822567,0.49708454810350705,0.6367948717948718
0.4935064935039299,0.4999999999985423,0.48717948717948717
0.5038961038934863,0.5408163265290356,0.7014102564102563
0.5064935064908754,0.539358600581518,0.7130769230769232
0.5350649350621556,0.5233236151588242,0.6910256410256411
0.43636363636136954,0.48542274052336615,0.6097435897435898
0.5272727272699882,0.527696793001377,0.685128205128205
0.42077922077703495,0.4941690962084718,0.6492307692307693
0.5116883116856535,0.5364431486864827,0.7221794871794872
0.5324675324647664,0.5247813411063418,0.6855128205128205
0.5142857142830427,0.5349854227389651,0.7187179487179487
0.5012987012960972,0.5422740524765531,0.694871794871795
0.41818181817964584,0.49562682215598947,0.6538461538461539
0.43376623376398044,0.48688046647088373,0.6266666666666666
0.4285714285692023,0.48979591836591896,0.6153846153846154
0.4311688311665914,0.4883381924184014,0.6593589743589744
0.5298701298673774,0.5262390670538594,0.6894871794871795
0.48311688311437345,0.5058309037886127,0.6743589743589743
0.47792207791959523,0.508746355683648,0.6538461538461539
0.5168831168804318,0.5335276967914474,0.727948717948718
0.36363636363447466,0.6195335276949868,0.6217948717948718
0.4571428571404824,0.5204081632637889,0.6743589743589743
0.52207792207521,0.5306122448964122,0.7170512820512821
0.5194805194778209,0.5320699708439298,0.7157692307692307
0.46233766233526064,0.5174927113687536,0.7564102564102564
0.48051948051698434,0.5072886297361303,0.559871794871795
0.472727272724817,0.5116618075786832,0.6602564102564102
0.4649350649326497,0.516034985421236,0.7221794871794872
0.42337662337442405,0.4927113702609542,0.5576923076923077
0.42597402597181316,0.4912536443134366,0.5576923076923077
0.4545454545430933,0.5218658892113065,0.6730769230769231
0.6051948051916614,0.3906705539347211,0.47435897435897434
0.4129870129848676,0.4985422740510247,0.6410256410256411
0.49870129869870805,0.5437317784240707,0.5705128205128205
0.43896103895875865,0.4839650145758485,0.5961538461538461
0.4753246753222061,0.5102040816311656,0.7076923076923077
0.4909090909065408,0.5758017492694584,0.6794871794871795
0.47792207791959523,0.5743440233219407,0.6217948717948718
0.4519480519457042,0.6005830903772578,0.5897435897435898
0.4545454545430933,0.584548104954564,0.6474358974358975
0.41818181817964584,0.6049562682198106,0.5961538461538461
0.37662337662142015,0.6282798833800926,0.6858974358974359
0.3896103896083657,0.6355685131176806,0.5128205128205128
0.48051948051698434,0.5699708454793878,0.7756410256410257
0.4155844155822567,0.6093294460623635,0.5705128205128205
0.37142857142664193,0.6311953352751277,0.7371794871794872
0.3948051948031439,0.6209912536425044,0.6282051282051282
0.4935064935039299,0.577259475216976,0.6410256410256411
0.48571428571176256,0.5787172011644935,0.6496153846153846
0.42077922077703495,0.6064139941673282,0.6506410256410257
0.3402597402579727,0.4737609329432252,0.4401282051282051
0.48311688311437345,0.5714285714269055,0.7371794871794872
0.3454545454527509,0.47084548104818996,0.45897435897435895
0.42337662337442405,0.6137026239049164,0.596923076923077
0.446753246750926,0.603498542272293,0.6602564102564102
0.3324675324658054,0.4693877551006724,0.5042307692307693
0.44155844155614776,0.5947521865871873,0.6528205128205128
0.43636363636136954,0.5976676384822226,0.6214102564102564
0.44415584415353687,0.6020408163247755,0.6544871794871795
0.4311688311665914,0.6122448979573987,0.5912820512820514
0.42597402597181316,0.615160349852434,0.5811538461538461
0.38181818181619837,0.6370262390651982,0.6
0.43376623376398044,0.5962099125347049,0.6511538461538462
0.43896103895875865,0.5932944606396697,0.6353846153846154
0.3844155844135875,0.6384839650127158,0.6089743589743589
0.34805194805014,0.4723032069957076,0.47435897435897434
0.4493506493483151,0.5991253644297402,0.6307692307692309
0.3870129870109766,0.634110787170163,0.617948717948718
0.49610389610131894,0.5612244897942822,0.717948717948718
0.4285714285692023,0.6107871720098811,0.6053846153846154
0.48831168830915167,0.5801749271120111,0.6891025641025641
0.5064935064908754,0.5670553935843526,0.75
0.6129870129838286,0.7623906705517132,0.4423076923076923
0.48831168830915167,0.4883381924184014,0.46153846153846156
0.5324675324647664,0.4693877551006724,0.5
0.42337662337442405,0.5014577259460599,0.5875641025641025
0.620779220775996,0.3906705539347211,0.47012820512820513
0.4519480519457042,0.5145772594737185,0.6794871794871795
0.37922077921880926,0.5320699708439298,0.6
0.44415584415353687,0.5131195335262009,0.7024358974358975
0.3922077922057548,0.5422740524765531,0.6089743589743589
0.4025974025953112,0.5364431486864827,0.5589743589743589
0.42077922077703495,0.508746355683648,0.6223076923076923
0.44155844155614776,0.5204081632637889,0.617948717948718
0.4285714285692023,0.5043731778410951,0.6730769230769231
0.43376623376398044,0.5189504373162713,0.6964102564102563
0.4051948051927003,0.5349854227389651,0.5564102564102564
0.4077922077900894,0.539358600581518,0.63
0.446753246750926,0.5116618075786832,0.7019230769230769
0.3948051948031439,0.5408163265290356,0.5841025641025641
0.34805194805014,0.5495626822141413,0.5384615384615384
0.4103896103874785,0.5379008746340003,0.5717948717948718
0.3896103896083657,0.5262390670538594,0.5974358974358973
0.37662337662142015,0.5335276967914474,0.5769230769230769
0.6129870129838286,0.4183673469375558,0.48717948717948717
0.41818181817964584,0.5102040816311656,0.6346153846153846
0.3844155844135875,0.5233236151588242,0.6167948717948718
0.37142857142664193,0.5306122448964122,0.5641025641025641
0.4493506493483151,0.516034985421236,0.6837179487179487
0.43896103895875865,0.5218658892113065,0.5961538461538461
0.4155844155822567,0.5058309037886127,0.5865384615384616
0.3870129870109766,0.527696793001377,0.6185897435897436
0.5246753246725991,0.4737609329432252,0.47435897435897434
0.38181818181619837,0.5247813411063418,0.596923076923077
0.43636363636136954,0.5174927113687536,0.6916666666666667
0.4311688311665914,0.5029154518935776,0.6361538461538462
0.42597402597181316,0.4999999999985423,0.6067948717948718
0.4129870129848676,0.6443148688027863,0.5448717948717948
0.44415584415353687,0.6618075801729977,0.5216666666666666
0.4155844155822567,0.6428571428552686,0.5611538461538461
0.42077922077703495,0.6399416909602335,0.5660256410256411
0.43636363636136954,0.6545189504354096,0.5017948717948718
0.43376623376398044,0.6559766763829272,0.5569230769230769
0.44155844155614776,0.6516034985403744,0.5323076923076923
0.6155844155812178,0.565597667636835,0.5128205128205128
0.4311688311665914,0.6457725947503039,0.5516666666666666
0.41818181817964584,0.641399416907751,0.5544871794871795
0.43896103895875865,0.653061224487892,0.53
0.4285714285692023,0.6472303206978215,0.49089743589743595
0.446753246750926,0.6603498542254801,0.5
0.42337662337442405,0.6501457725928568,0.5855128205128205
0.5454545454517119,0.5364431486864827,0.6666666666666666
0.5532467532438793,0.5408163265290356,0.6089743589743589
0.646753246749887,0.4766763848382604,0.48717948717948717
0.5480519480491011,0.5437317784240707,0.6730769230769231
0.5610389610360466,0.527696793001377,0.6843589743589743
0.5428571428543228,0.5349854227389651,0.6935897435897436
0.5948051948021049,0.5174927113687536,0.642948717948718
0.5402597402569338,0.539358600581518,0.7211538461538461
0.571428571425603,0.5335276967914474,0.645
0.5558441558412683,0.5422740524765531,0.3333333333333333
0.5792207792177703,0.5145772594737185,0.6025641025641025
0.5766233766203812,0.5306122448964122,0.6782051282051282
0.5740259740229922,0.5291545189488946,0.6555128205128204
0.6155844155812178,0.5058309037886127,0.46666666666666673
0.5870129870099376,0.5131195335262009,0.6428205128205128
0.5818181818151594,0.516034985421236,0.6224358974358974
0.5922077922047159,0.5218658892113065,0.6298717948717948
0.5896103896073267,0.5204081632637889,0.5939743589743589
0.5584415584386575,0.5262390670538594,0.6721794871794873
0.5636363636334357,0.5233236151588242,0.6326923076923077
0.5974025973994941,0.5189504373162713,0.6524358974358975
0.5662337662308248,0.5247813411063418,0.639102564102564
0.6129870129838286,0.5102040816311656,0.6080769230769232
0.5688311688282139,0.5320699708439298,0.6914102564102566
0.5999999999968831,0.5029154518935776,0.6153846153846154
0.5844155844125485,0.5116618075786832,0.6361538461538462
0.5324675324647664,0.3658892128269216,0.391025641025641
0.6103896103864396,0.508746355683648,0.5342307692307693
0.6285714285681633,0.48979591836591896,0.4551282051282051
0.5376623376595446,0.5379008746340003,0.7333333333333334
0.52207792207521,0.4839650145758485,0.532051282051282
0.3844155844135875,0.5145772594737185,0.5769230769230769
0.37662337662142015,0.5189504373162713,0.559871794871795
0.35584415584230733,0.577259475216976,0.623076923076923
0.5012987012960972,0.49562682215598947,0.6089743589743589
0.36363636363447466,0.5728862973744231,0.5692307692307693
0.4519480519457042,0.5233236151588242,0.6794871794871795
0.35844155843969644,0.5758017492694584,0.559871794871795
0.42077922077703495,0.5408163265290356,0.6452564102564102
0.5272727272699882,0.4810495626808133,0.5769230769230769
0.4285714285692023,0.5364431486864827,0.6443589743589744
0.4025974025953112,0.5043731778410951,0.6073076923076923
0.42337662337442405,0.539358600581518,0.6337179487179488
0.49870129869870805,0.49708454810350705,0.7948717948717948
0.3870129870109766,0.5131195335262009,0.4641025641025641
0.37402597402403104,0.5204081632637889,0.523076923076923
0.4311688311665914,0.5349854227389651,0.6653846153846155
0.4077922077900894,0.5014577259460599,0.6
0.4103896103874785,0.4999999999985423,0.6474358974358975
0.43896103895875865,0.5306122448964122,0.6365384615384616
0.3948051948031439,0.508746355683648,0.6051282051282052
0.4493506493483151,0.5247813411063418,0.6002564102564102
0.42597402597181316,0.5379008746340003,0.6410256410256411
0.43636363636136954,0.5320699708439298,0.6412820512820512
0.44415584415353687,0.527696793001377,0.6707692307692307
0.446753246750926,0.5262390670538594,0.629102564102564
0.43376623376398044,0.5335276967914474,0.6326923076923077
0.3896103896083657,0.5116618075786832,0.5683333333333334
0.3922077922057548,0.5102040816311656,0.5865384615384616
0.44155844155614776,0.5291545189488946,0.6438461538461538
0.5350649350621556,0.4766763848382604,0.5470512820512821
0.37922077921880926,0.5174927113687536,0.5017948717948718
0.3999999999979221,0.5058309037886127,0.6007692307692307
0.4051948051927003,0.5029154518935776,0.63
0.397402597400533,0.5072886297361303,0.6
0.41818181817964584,0.5422740524765531,0.6602564102564102
0.37142857142664193,0.5218658892113065,0.5342307692307693
0.4155844155822567,0.5437317784240707,0.6923076923076923
0.36103896103708555,0.5743440233219407,0.5128205128205128
0.5194805194778209,0.48542274052336615,0.5512820512820513
0.3896103896083657,0.6443148688027863,0.5
0.38181818181619837,0.6399416909602335,0.611923076923077
0.43636363636136954,0.6822157434382443,0.47782051282051274
0.3844155844135875,0.641399416907751,0.575
0.44155844155614776,0.6851311953332795,0.46871794871794875
0.4311688311665914,0.6676384839630681,0.5021794871794872
0.44415584415353687,0.6749271137006562,0.5051282051282052
0.3870129870109766,0.6428571428552686,0.5576923076923077
0.43376623376398044,0.6807580174907266,0.4423076923076923
0.43896103895875865,0.6836734693857619,0.4784615384615384
0.4285714285692023,0.6661807580155505,0.47820512820512817
0.42597402597181316,0.6647230320680328,0.45128205128205134
0.5376623376595446,0.5524781341091765,0.6794871794871795
0.5584415584386575,0.49562682215598947,0.6089743589743589
0.6311688311655524,0.5247813411063418,0.6602564102564102
0.31948051947885986,0.7230320699687376,0.4449999999999999
0.5558441558412683,0.47959183673329564,0.5192307692307693
0.3090909090893034,0.728862973758808,0.4307692307692307
0.6233766233733851,0.5291545189488946,0.6141025641025641
0.5428571428543228,0.48688046647088373,0.5373076923076923
0.5532467532438793,0.4810495626808133,0.5426923076923077
0.31428571428408164,0.7317784256538432,0.41961538461538467
0.6909090909055018,0.5204081632637889,0.4560256410256409
0.5662337662308248,0.49708454810350705,0.6121794871794872
0.5636363636334357,0.4985422740510247,0.6089743589743589
0.6883116883081127,0.5218658892113065,0.2692307692307692
0.6675324675289999,0.5102040816311656,0.508974358974359
0.69610389610028,0.5116618075786832,0.4366666666666667
0.3272727272710272,0.7244897959162552,0.4221794871794873
0.693506493502891,0.5131195335262009,0.4248717948717949
0.5688311688282139,0.48979591836591896,0.6367948717948718
0.6727272727237781,0.5014577259460599,0.4358974358974359
0.3246753246736381,0.7259475218637728,0.40858974358974365
0.32207792207624897,0.7215743440212199,0.4230769230769231
0.5376623376595446,0.4839650145758485,0.5589743589743589
0.6987012986976692,0.516034985421236,0.40769230769230763
0.670129870126389,0.508746355683648,0.5046153846153846
0.7012987012950582,0.5145772594737185,0.42397435897435887
0.5454545454517119,0.48542274052336615,0.5594871794871795
0.31688311688147075,0.7303206997063256,0.43282051282051287
0.6285714285681633,0.5320699708439298,0.6461538461538462
0.6753246753211671,0.4999999999985423,0.42948717948717946
0.6831168831133345,0.5189504373162713,0.378974358974359
0.6857142857107236,0.5174927113687536,0.3857692307692308
0.620779220775996,0.5306122448964122,0.6153846153846154
0.6259740259707742,0.5335276967914474,0.6025641025641025
0.5610389610360466,0.4941690962084718,0.5944871794871796
0.6779220779185563,0.5043731778410951,0.39371794871794863
0.31168831168669253,0.7274052478112903,0.375
0.5402597402569338,0.4825072886283309,0.5282051282051282
0.5506493506464901,0.4766763848382604,0.5494871794871795
0.6805194805159454,0.5029154518935776,0.44871794871794873
0.5480519480491011,0.47813411078577805,0.5426923076923077
0.5506493506464901,0.6209912536425044,0.6474358974358975
0.5116883116856535,0.6399416909602335,0.782051282051282
0.5558441558412683,0.6180758017474692,0.44871794871794873
0.5532467532438793,0.6166180757999515,0.6121794871794872
0.37402597402403104,0.7201166180737023,0.532051282051282
0.5454545454517119,0.6239067055375397,0.6352564102564102
0.5402597402569338,0.6268221574325749,0.6538461538461539
0.4311688311665914,0.6880466472283148,0.46692307692307694
0.43896103895875865,0.7040816326510085,0.4356410256410257
0.4051948051927003,0.7259475218637728,0.34987179487179493
0.43636363636136954,0.7084548104935614,0.4234615384615385
0.3922077922057548,0.7303206997063256,0.35089743589743594
0.397402597400533,0.7274052478112903,0.3706410256410256
0.43376623376398044,0.7069970845460437,0.4341025641025641
0.3948051948031439,0.7317784256538432,0.34769230769230774
0.4285714285692023,0.6865889212807972,0.46423076923076917
0.5480519480491011,0.6195335276949868,0.5564102564102564
0.4025974025953112,0.7244897959162552,0.41025641025641024
0.3999999999979221,0.728862973758808,0.3557692307692308
0.5428571428543228,0.622448979590022,0.6356410256410256
0.44155844155614776,0.7055393585985261,0.46871794871794875
0.44415584415353687,0.7011661807559733,0.41025641025641024
0.5376623376595446,0.6253644314850573,0.7041025641025641
0.37922077921880926,0.717201166178667,0.42948717948717946
0.5064935064908754,0.6428571428552686,0.44871794871794873
0.37662337662142015,0.7157434402311494,0.38038461538461543
0.5506493506464901,0.5408163265290356,0.6923076923076923
0.5480519480491011,0.5422740524765531,0.6538461538461539
0.5428571428543228,0.539358600581518,0.4962820512820512
0.5350649350621556,0.36880466472195683,0.2564102564102564
0.6233766233733851,0.4883381924184014,0.6602564102564102
0.620779220775996,0.48979591836591896,0.4717948717948718
0.5766233766203812,0.5320699708439298,0.716923076923077
0.5402597402569338,0.5349854227389651,0.6808974358974359
0.571428571425603,0.5291545189488946,0.6657692307692309
0.5792207792177703,0.5131195335262009,0.6003846153846154
0.5636363636334357,0.527696793001377,0.6553846153846155
0.5922077922047159,0.5174927113687536,0.6396153846153846
0.5662337662308248,0.5262390670538594,0.6503846153846154
0.6129870129838286,0.5058309037886127,0.41884615384615387
0.5610389610360466,0.5233236151588242,0.6324358974358975
0.5584415584386575,0.5247813411063418,0.6467948717948718
0.5974025973994941,0.5204081632637889,0.631923076923077
0.5948051948021049,0.5218658892113065,0.6246153846153846
0.5688311688282139,0.5306122448964122,0.6837179487179487
0.5896103896073267,0.5189504373162713,0.5769230769230769
0.5870129870099376,0.5145772594737185,0.5983333333333334
0.6519480519446652,0.4839650145758485,0.48294871794871796
0.5818181818151594,0.5116618075786832,0.6346153846153846
0.5844155844125485,0.516034985421236,0.613076923076923
0.5376623376595446,0.5364431486864827,0.6987179487179487
0.6727272727237781,0.4723032069957076,0.391025641025641
0.5454545454517119,0.5379008746340003,0.6496153846153846
0.5740259740229922,0.5335276967914474,0.6703846153846155
0.620779220775996,0.508746355683648,0.4358974358974359
0.6779220779185563,0.5233236151588242,0.3525641025641026
0.3506493506475291,0.7303206997063256,0.4215384615384615
0.36363636363447466,0.7259475218637728,0.41884615384615387
0.36103896103708555,0.7244897959162552,0.4528205128205127
0.6285714285681633,0.5072886297361303,0.46153846153846156
0.6545454545420544,0.516034985421236,0.49089743589743595
0.6493506493472762,0.5189504373162713,0.5897435897435898
0.3688311688292528,0.7230320699687376,0.41871794871794865
0.36623376623186377,0.7215743440212199,0.4358974358974359
0.35844155843969644,0.728862973758808,0.42025641025641025
0.6753246753211671,0.527696793001377,0.2906410256410257
0.35584415584230733,0.7274052478112903,0.4274358974358975
0.646753246749887,0.5174927113687536,0.523076923076923
0.3532467532449182,0.7317784256538432,0.44794871794871793
0.6571428571394434,0.5116618075786832,0.6410256410256411
0.5999999999968831,0.49708454810350705,0.5214102564102564
0.6623376623342216,0.5320699708439298,0.36538461538461536
0.6415584415551088,0.5204081632637889,0.559871794871795
0.6597402597368326,0.5131195335262009,0.5410256410256411
0.6805194805159454,0.5247813411063418,0.32051282051282054
0.6519480519446652,0.5145772594737185,0.5064102564102564
0.29610389610235793,0.7813411078694422,0.30128205128205127
0.2883116883101906,0.7827988338169598,0.3333333333333333
0.571428571425603,0.5481049562666236,0.42948717948717946
0.446753246750926,0.6647230320680328,0.46576923076923077
0.44155844155614776,0.6734693877531386,0.4828205128205128
0.4311688311665914,0.679300291543209,0.4523076923076923
0.4051948051927003,0.641399416907751,0.49038461538461536
0.43636363636136954,0.6705539358581034,0.4807692307692308
0.43896103895875865,0.672011661805621,0.4852564102564102
0.43376623376398044,0.6690962099105857,0.48141025641025637
0.44415584415353687,0.6632653061205153,0.4983333333333334
0.4077922077900894,0.6428571428552686,0.5234615384615384
0.4285714285692023,0.6778425655956914,0.4365384615384615
0.4025974025953112,0.6399416909602335,0.48717948717948717
0.42597402597181316,0.6763848396481739,0.4273076923076923
0.4103896103874785,0.6443148688027863,0.5042307692307693
0.42077922077703495,0.6778425655956914,0.44871794871794873
0.3948051948031439,0.6399416909602335,0.5192307692307693
0.42597402597181316,0.6807580174907266,0.44871794871794873
0.3922077922057548,0.641399416907751,0.5373076923076923
0.3999999999979221,0.6428571428552686,0.5101282051282052
0.43636363636136954,0.6632653061205153,0.48871794871794877
0.4311688311665914,0.6836734693857619,0.46128205128205135
0.4285714285692023,0.6851311953332795,0.4675641025641025
0.43376623376398044,0.6647230320680328,0.5111538461538462
0.43896103895875865,0.6676384839630681,0.4992307692307692
0.44415584415353687,0.6705539358581034,0.488974358974359
0.44155844155614776,0.6661807580155505,0.5052564102564102
0.397402597400533,0.6443148688027863,0.5256410256410257
0.5376623376595446,0.48542274052336615,0.517051282051282
0.5532467532438793,0.4766763848382604,0.4717948717948718
0.5454545454517119,0.4839650145758485,0.5214102564102564
0.6285714285681633,0.5306122448964122,0.6452564102564102
0.5480519480491011,0.47959183673329564,0.5214102564102564
0.31948051947885986,0.7244897959162552,0.45294871794871794
0.571428571425603,0.4927113702609542,0.6076923076923078
0.5402597402569338,0.48688046647088373,0.515
0.6259740259707742,0.5291545189488946,0.6282051282051282
0.31428571428408164,0.7274052478112903,0.391025641025641
0.6727272727237781,0.5029154518935776,0.41448717948717945
0.5662337662308248,0.49562682215598947,0.5797435897435897
0.620779220775996,0.5320699708439298,0.6060256410256409
0.32207792207624897,0.7259475218637728,0.40282051282051284
0.69610389610028,0.516034985421236,0.41025641025641024
0.6649350649316108,0.5102040816311656,0.4823076923076924
0.6233766233733851,0.5335276967914474,0.6314102564102564
0.6987012986976692,0.5116618075786832,0.4411538461538461
0.6857142857107236,0.5218658892113065,0.3116666666666667
0.5636363636334357,0.4941690962084718,0.6076923076923078
0.31168831168669253,0.7317784256538432,0.40923076923076923
0.31688311688147075,0.728862973758808,0.46153846153846156
0.3090909090893034,0.7303206997063256,0.45025641025641033
0.693506493502891,0.5145772594737185,0.42205128205128206
0.6675324675289999,0.5058309037886127,0.4423076923076923
0.5558441558412683,0.47813411078577805,0.5512820512820513
0.7012987012950582,0.5131195335262009,0.4111538461538461
0.6883116883081127,0.5174927113687536,0.40628205128205125
0.6909090909055018,0.5189504373162713,0.4344871794871795
0.3272727272710272,0.7230320699687376,0.4198717948717949
0.5766233766203812,0.48979591836591896,0.5576923076923077
0.6623376623342216,0.508746355683648,0.5384615384615384
0.5584415584386575,0.49708454810350705,0.6743589743589743
0.5610389610360466,0.4985422740510247,0.5803846153846154
0.670129870126389,0.5072886297361303,0.4823076923076924
0.5506493506464901,0.4810495626808133,0.5641025641025641
0.6831168831133345,0.5204081632637889,0.3832051282051282
0.3246753246736381,0.7215743440212199,0.48717948717948717
0.6779220779185563,0.4999999999985423,0.4807692307692308
0.5428571428543228,0.4825072886283309,0.5207692307692309
0.27792207792063417,0.45626822157301383,0.14525641025641023
0.4935064935039299,0.6180758017474692,0.694871794871795
0.4103896103874785,0.5714285714269055,0.6111538461538462
0.4545454545430933,0.6370262390651982,0.5794871794871795
0.42077922077703495,0.565597667636835,0.6153846153846154
0.42337662337442405,0.5612244897942822,0.6217948717948718
0.5090909090882645,0.6093294460623635,0.7371794871794872
0.5064935064908754,0.6078717201148459,0.717948717948718
0.43896103895875865,0.5524781341091765,0.632948717948718
0.37662337662142015,0.5874635568495993,0.6282051282051282
0.4753246753222061,0.6253644314850573,0.6805128205128205
0.5350649350621556,0.5947521865871873,0.6057692307692307
0.5324675324647664,0.5932944606396697,0.6987179487179487
0.4311688311665914,0.5597667638467645,0.6593589743589744
0.4675324675300388,0.6326530612226453,0.7202564102564103
0.4701298701274279,0.6282798833800926,0.6617948717948718
0.5038961038934863,0.6122448979573987,0.7403846153846154
0.397402597400533,0.5758017492694584,0.5897435897435898
0.43376623376398044,0.5553935860042117,0.645128205128205
0.4493506493483151,0.546647230319106,0.6783333333333333
0.49870129869870805,0.615160349852434,0.7594871794871795
0.3999999999979221,0.577259475216976,0.6051282051282052
0.4155844155822567,0.5685131195318702,0.6025641025641025
0.49610389610131894,0.6137026239049164,0.7041025641025641
0.5298701298673774,0.5976676384822226,0.6185897435897436
0.52207792207521,0.5991253644297402,0.6760256410256411
0.5246753246725991,0.6005830903772578,0.6452564102564102
0.48051948051698434,0.622448979590022,0.6837179487179487
0.5012987012960972,0.6107871720098811,0.757948717948718
0.48311688311437345,0.6239067055375397,0.7012820512820513
0.4519480519457042,0.5481049562666236,0.6666666666666666
0.5168831168804318,0.6020408163247755,0.743076923076923
0.44415584415353687,0.5495626822141413,0.655
0.4285714285692023,0.5583090378992469,0.6602564102564102
0.446753246750926,0.5510204081616589,0.6389743589743591
0.5194805194778209,0.603498542272293,0.7123076923076923
0.5116883116856535,0.6049562682198106,0.745
0.44155844155614776,0.553935860056694,0.6361538461538462
0.5272727272699882,0.5962099125347049,0.6512820512820513
0.4649350649326497,0.6311953352751277,0.6889743589743589
0.37402597402403104,0.5918367346921521,0.6165384615384616
0.48571428571176256,0.6195335276949868,0.6476923076923077
0.4597402597378715,0.634110787170163,0.6214102564102564
0.46233766233526064,0.6355685131176806,0.5439743589743591
0.43636363636136954,0.5568513119517293,0.6547435897435897
0.37142857142664193,0.5903790087446344,0.5815384615384616
0.47792207791959523,0.6268221574325749,0.7323076923076923
0.472727272724817,0.6297376093276101,0.7146153846153845
0.5142857142830427,0.6064139941673282,0.7692307692307693
0.41818181817964584,0.5641399416893174,0.5993589743589743
0.4909090909065408,0.6166180757999515,0.7276923076923077
0.4129870129848676,0.5670553935843526,0.6602564102564102
0.3298701298684163,0.5204081632637889,0.44871794871794873
0.37922077921880926,0.5889212827971169,0.6217948717948718
0.48831168830915167,0.6209912536425044,0.6593589743589744
0.42597402597181316,0.5626822157417998,0.6217948717948718
0.36623376623186377,0.7142857142836319,0.36538461538461536
0.5376623376595446,0.4723032069957076,0.4551282051282051
0.3688311688292528,0.7128279883361143,0.4358974358974359
0.3324675324658054,0.7274052478112903,0.4230769230769231
0.693506493502891,0.5247813411063418,0.3333333333333333
0.34805194805014,0.7244897959162552,0.4298717948717949
0.6493506493472762,0.508746355683648,0.3717948717948718
0.69610389610028,0.5233236151588242,0.28846153846153844
0.3454545454527509,0.7259475218637728,0.41141025641025647
0.5454545454517119,0.4737609329432252,0.5673076923076923
0.5428571428543228,0.47521865889074283,0.517051282051282
0.35584415584230733,0.7201166180737023,0.4358974358974359
0.35844155843969644,0.7186588921261847,0.40602564102564104
0.3350649350631945,0.7317784256538432,0.391025641025641
0.3298701298684163,0.728862973758808,0.4298717948717949
0.6285714285681633,0.5204081632637889,0.6410256410256411
0.33766233766058357,0.7303206997063256,0.3782051282051282
0.6259740259707742,0.5218658892113065,0.6153846153846154
0.3402597402579727,0.7230320699687376,0.40064102564102566
0.3402597402579727,0.7463556851290194,0.4641025641025641
0.33766233766058357,0.7536443148666074,0.4166666666666667
0.3532467532449182,0.7390670553914314,0.4329487179487179
0.35584415584230733,0.7434402332339841,0.5153846153846154
0.35844155843969644,0.7419825072864665,0.4358974358974359
0.29870129869974704,0.7696793002893012,0.3153846153846153
0.3506493506475291,0.740524781338949,0.36538461538461536
0.3688311688292528,0.7361516034963961,0.4362820512820513
0.36103896103708555,0.7346938775488785,0.41807692307692307
0.36363636363447466,0.7332361516013608,0.3806410256410256
0.36623376623186377,0.7376093294439137,0.4166666666666667
0.29610389610235793,0.7769679300268894,0.40384615384615385
0.3324675324658054,0.7507288629715723,0.2692307692307692
0.3428571428553618,0.7448979591815018,0.3685897435897436
0.3454545454527509,0.7492711370240547,0.4775641025641026
0.768831168827175,0.5058309037886127,0.28205128205128205
0.7662337662297859,0.5072886297361303,0.34615384615384615
0.7766233766193422,0.5014577259460599,0.3269230769230769
0.7792207792167314,0.4999999999985423,0.4358974358974359
0.5038961038934863,0.5714285714269055,0.6987179487179487
0.49870129869870805,0.5743440233219407,0.7115384615384616
0.4597402597378715,0.546647230319106,0.7756410256410257
0.42337662337442405,0.6253644314850573,0.6880769230769231
0.49610389610131894,0.5728862973744231,0.6089743589743589
0.48831168830915167,0.5685131195318702,0.7532051282051282
0.3844155844135875,0.603498542272293,0.5726923076923077
0.5012987012960972,0.5699708454793878,0.6538461538461539
0.48051948051698434,0.5583090378992469,0.7628205128205128
0.446753246750926,0.6384839650127158,0.555128205128205
0.46233766233526064,0.5481049562666236,0.7128205128205127
0.472727272724817,0.553935860056694,0.7093589743589743
0.37662337662142015,0.5932944606396697,0.6084615384615384
0.4545454545430933,0.5495626822141413,0.5470512820512821
0.37922077921880926,0.5947521865871873,0.6056410256410256
0.38181818181619837,0.6020408163247755,0.5983333333333334
0.5090909090882645,0.5801749271120111,0.7307692307692307
0.5324675324647664,0.5874635568495993,0.6474358974358975
0.5272727272699882,0.5903790087446344,0.7564102564102564
0.44155844155614776,0.6297376093276101,0.5688461538461539
0.4493506493483151,0.634110787170163,0.6298717948717948
0.37142857142664193,0.5962099125347049,0.5994871794871796
0.37402597402403104,0.5976676384822226,0.606923076923077
0.5298701298673774,0.5918367346921521,0.6708974358974359
0.4311688311665914,0.6239067055375397,0.5908974358974359
0.5064935064908754,0.5787172011644935,0.6102564102564102
0.43636363636136954,0.6326530612226453,0.5670512820512821
0.44415584415353687,0.6370262390651982,0.5546153846153847
0.43896103895875865,0.6282798833800926,0.5762820512820513
0.43376623376398044,0.6311953352751277,0.5757692307692307
0.4519480519457042,0.6355685131176806,0.6338461538461538
0.3896103896083657,0.6005830903772578,0.616025641025641
0.48311688311437345,0.5597667638467645,0.6794871794871795
0.4571428571404824,0.5510204081616589,0.7243589743589743
0.42597402597181316,0.6268221574325749,0.5911538461538461
0.47792207791959523,0.5626822157417998,0.7948717948717948
0.5350649350621556,0.5889212827971169,0.7019230769230769
0.4285714285692023,0.622448979590022,0.5944871794871796
0.4935064935039299,0.565597667636835,0.7467948717948718
0.3870129870109766,0.5991253644297402,0.6533333333333332
0.4909090909065408,0.5641399416893174,0.6496153846153846
0.5246753246725991,0.5830903790070464,0.7243589743589743
0.5506493506464901,0.4839650145758485,0.5384615384615384
0.5610389610360466,0.48979591836591896,0.6067948717948718
0.5636363636334357,0.4912536443134366,0.5855128205128205
0.6311688311655524,0.5291545189488946,0.6474358974358975
0.5766233766203812,0.4985422740510247,0.375
0.31168831168669253,0.7230320699687376,0.4166666666666667
0.5402597402569338,0.47813411078577805,0.5
0.5662337662308248,0.4927113702609542,0.5666666666666667
0.5532467532438793,0.48542274052336615,0.5384615384615384
0.5376623376595446,0.4766763848382604,0.5512820512820513
0.31428571428408164,0.7244897959162552,0.4348717948717949
0.31688311688147075,0.7259475218637728,0.47435897435897434
0.69610389610028,0.5189504373162713,0.41307692307692306
0.6909090909055018,0.516034985421236,0.41179487179487184
0.6285714285681633,0.527696793001377,0.6564102564102564
0.31948051947885986,0.7274052478112903,0.4344871794871795
0.670129870126389,0.5043731778410951,0.46525641025641035
0.6233766233733851,0.5247813411063418,0.6384615384615384
0.5584415584386575,0.4883381924184014,0.6175641025641025
0.2909090909075797,0.7113702623885966,0.34615384615384615
0.7012987012950582,0.5218658892113065,0.3675641025641026
0.693506493502891,0.5174927113687536,0.4370512820512821
0.3246753246736381,0.7303206997063256,0.4166666666666667
0.5454545454517119,0.4810495626808133,0.5396153846153846
0.6337662337629415,0.5306122448964122,0.658076923076923
0.6883116883081127,0.5145772594737185,0.4243589743589743
0.620779220775996,0.5233236151588242,0.6047435897435898
0.6857142857107236,0.5131195335262009,0.44961538461538453
0.3272727272710272,0.7317784256538432,0.4342307692307693
0.6805194805159454,0.5102040816311656,0.5
0.6779220779185563,0.508746355683648,0.4987179487179488
0.6831168831133345,0.5116618075786832,0.48807692307692296
0.6649350649316108,0.5014577259460599,0.47435897435897434
0.571428571425603,0.49562682215598947,0.3942307692307692
0.6415584415551088,0.5349854227389651,0.42948717948717946
0.32207792207624897,0.728862973758808,0.4007692307692308
0.5480519480491011,0.4825072886283309,0.5397435897435897
0.6753246753211671,0.5072886297361303,0.5
0.6727272727237781,0.5058309037886127,0.47435897435897434
0.6987012986976692,0.5204081632637889,0.3525641025641026
0.5428571428543228,0.47959183673329564,0.5384615384615384
0.6259740259707742,0.5262390670538594,0.5846153846153845
0.5558441558412683,0.48688046647088373,0.44871794871794873
0.5194805194778209,0.6399416909602335,0.5192307692307693
0.5662337662308248,0.6195335276949868,0.5512820512820513
0.571428571425603,0.622448979590022,0.48717948717948717
0.44415584415353687,0.6938775510183852,0.42948717948717946
0.5584415584386575,0.6180758017474692,0.5085897435897436
0.37662337662142015,0.7259475218637728,0.4358974358974359
0.42597402597181316,0.7040816326510085,0.3333333333333333
0.4051948051927003,0.7157434402311494,0.3525641025641026
0.44155844155614776,0.6895043731758324,0.4538461538461539
0.3896103896083657,0.7303206997063256,0.3732051282051282
0.43636363636136954,0.6865889212807972,0.46974358974358976
0.4311688311665914,0.7069970845460437,0.40461538461538465
0.37142857142664193,0.7230320699687376,0.4287179487179487
0.43896103895875865,0.6909620991233499,0.46961538461538455
0.4285714285692023,0.7084548104935614,0.37038461538461537
0.3844155844135875,0.7274052478112903,0.375
0.3870129870109766,0.7317784256538432,0.3755128205128206
0.37402597402403104,0.7215743440212199,0.4476923076923077
0.37922077921880926,0.7244897959162552,0.4111538461538461
0.38181818181619837,0.728862973758808,0.36115384615384616
0.43376623376398044,0.6880466472283148,0.47128205128205136
0.397402597400533,0.7142857142836319,0.36538461538461536
0.5402597402569338,0.6282798833800926,0.617948717948718
0.4077922077900894,0.6239067055375397,0.717948717948718
0.4649350649326497,0.5918367346921521,0.623974358974359
0.3870129870109766,0.6355685131176806,0.4935897435897436
0.4753246753222061,0.5743440233219407,0.6538461538461539
0.47792207791959523,0.5728862973744231,0.6794871794871795
0.41818181817964584,0.6064139941673282,0.6025641025641025
0.48831168830915167,0.5787172011644935,0.6067948717948718
0.4025974025953112,0.6268221574325749,0.6153846153846154
0.3999999999979221,0.6166180757999515,0.6217948717948718
0.3948051948031439,0.6195335276949868,0.6346153846153846
0.48311688311437345,0.5699708454793878,0.5897435897435898
0.4519480519457042,0.5991253644297402,0.6987179487179487
0.42597402597181316,0.6137026239049164,0.5666666666666667
0.4675324675300388,0.5903790087446344,0.7884615384615384
0.3350649350631945,0.4664723032056371,0.5298717948717948
0.48571428571176256,0.5801749271120111,0.6717948717948719
0.5064935064908754,0.5685131195318702,0.47435897435897434
0.34805194805014,0.47084548104818996,0.4401282051282051
0.3272727272710272,0.4825072886283309,0.5192307692307693
0.446753246750926,0.6020408163247755,0.6316666666666666
0.44155844155614776,0.5932944606396697,0.6384615384615384
0.43376623376398044,0.5976676384822226,0.6434615384615384
0.5116883116856535,0.565597667636835,0.6794871794871795
0.4285714285692023,0.6122448979573987,0.6043589743589743
0.44415584415353687,0.603498542272293,0.6374358974358975
0.4493506493483151,0.6005830903772578,0.6752564102564103
0.3298701298684163,0.4693877551006724,0.36538461538461536
0.16103896103812448,0.38921282798720347,0.5192307692307693
0.3844155844135875,0.6370262390651982,0.358974358974359
0.4311688311665914,0.6107871720098811,0.5934615384615386
0.4935064935039299,0.5758017492694584,0.6474358974358975
0.43896103895875865,0.5947521865871873,0.6214102564102564
0.3454545454527509,0.4723032069957076,0.4583333333333333
0.38181818181619837,0.6384839650127158,0.6452564102564102
0.472727272724817,0.5874635568495993,0.6025641025641025
0.37142857142664193,0.6326530612226453,0.7532051282051282
0.42077922077703495,0.6049562682198106,0.6538461538461539
0.42337662337442405,0.615160349852434,0.6153846153846154
0.43636363636136954,0.5962099125347049,0.6248717948717948
0.3324675324658054,0.46793002915315474,0.5064102564102564
0.4545454545430933,0.5860058309020816,0.5192307692307693
0.48051948051698434,0.5714285714269055,0.6880769230769231
0.36103896103708555,0.6195335276949868,0.6153846153846154
0.3688311688292528,0.6180758017474692,0.623974358974359
0.4935064935039299,0.5014577259460599,0.6067948717948718
0.43896103895875865,0.4825072886283309,0.6384615384615384
0.4571428571404824,0.5218658892113065,0.6965384615384616
0.46233766233526064,0.5189504373162713,0.7243589743589743
0.47792207791959523,0.5102040816311656,0.6987179487179487
0.5038961038934863,0.5422740524765531,0.7275641025641025
0.5142857142830427,0.5364431486864827,0.690128205128205
0.43636363636136954,0.48688046647088373,0.6010256410256409
0.5194805194778209,0.5335276967914474,0.758974358974359
0.5350649350621556,0.5247813411063418,0.7073076923076923
0.5012987012960972,0.5408163265290356,0.7051282051282052
0.4545454545430933,0.5204081632637889,0.6652564102564102
0.5272727272699882,0.5262390670538594,0.6825641025641025
0.5324675324647664,0.5233236151588242,0.6828205128205129
0.52207792207521,0.5291545189488946,0.7035897435897436
0.42077922077703495,0.49562682215598947,0.6538461538461539
0.5168831168804318,0.5320699708439298,0.6692307692307693
0.5298701298673774,0.527696793001377,0.6923076923076923
0.41818181817964584,0.4941690962084718,0.6564102564102564
0.43376623376398044,0.48542274052336615,0.6385897435897436
0.5246753246725991,0.5306122448964122,0.7184615384615386
0.5116883116856535,0.5349854227389651,0.7335897435897436
0.35584415584230733,0.622448979590022,0.5961538461538461
0.4311688311665914,0.48979591836591896,0.6410256410256411
0.36623376623186377,0.6166180757999515,0.5576923076923077
0.472727272724817,0.5131195335262009,0.741923076923077
0.5090909090882645,0.539358600581518,0.7596153846153846
0.4753246753222061,0.508746355683648,0.6708974358974359
0.5064935064908754,0.5379008746340003,0.7170512820512821
0.42597402597181316,0.4927113702609542,0.5769230769230769
0.48311688311437345,0.5072886297361303,0.5192307692307693
0.42337662337442405,0.4912536443134366,0.6185897435897436
0.48571428571176256,0.5029154518935776,0.735
0.48051948051698434,0.5058309037886127,0.6858974358974359
0.5272727272699882,0.4825072886283309,0.5426923076923077
0.5116883116856535,0.49708454810350705,0.7115384615384616
0.5324675324647664,0.48542274052336615,0.517051282051282
0.5064935064908754,0.4941690962084718,0.6858974358974359
0.3428571428553618,0.5889212827971169,0.5555128205128205
0.397402597400533,0.5029154518935776,0.5705128205128205
0.36103896103708555,0.5758017492694584,0.5153846153846154
0.35844155843969644,0.5743440233219407,0.5293589743589744
0.4285714285692023,0.5437317784240707,0.635
0.3844155844135875,0.5189504373162713,0.6025641025641025
0.4025974025953112,0.5058309037886127,0.639102564102564
0.41818181817964584,0.5379008746340003,0.6373076923076922
0.44155844155614776,0.527696793001377,0.6466666666666666
0.4155844155822567,0.5364431486864827,0.6043589743589743
0.446753246750926,0.5306122448964122,0.6675641025641025
0.42597402597181316,0.5422740524765531,0.6666666666666666
0.44415584415353687,0.5291545189488946,0.6410256410256411
0.42077922077703495,0.539358600581518,0.5943589743589743
0.3870129870109766,0.5204081632637889,0.5983333333333334
0.5246753246725991,0.4810495626808133,0.6602564102564102
0.43636363636136954,0.5247813411063418,0.6819230769230769
0.36363636363447466,0.577259475216976,0.5256410256410257
0.38181818181619837,0.5174927113687536,0.6217948717948718
0.5350649350621556,0.48688046647088373,0.6324358974358975
0.4051948051927003,0.5072886297361303,0.6114102564102564
0.4493506493483151,0.5320699708439298,0.6342307692307693
0.4129870129848676,0.5349854227389651,0.5808974358974359
0.43896103895875865,0.5262390670538594,0.648076923076923
0.4311688311665914,0.5451895043715884,0.6025641025641025
0.4519480519457042,0.5335276967914474,0.6423076923076922
0.37922077921880926,0.516034985421236,0.4198717948717949
0.43376623376398044,0.5233236151588242,0.6652564102564102
0.5090909090882645,0.49562682215598947,0.6538461538461539
0.5298701298673774,0.4839650145758485,0.5426923076923077
0.3999999999979221,0.5043731778410951,0.6089743589743589
0.4077922077900894,0.508746355683648,0.6025641025641025
0.37662337662142015,0.5145772594737185,0.5961538461538461
0.4103896103874785,0.5102040816311656,0.6128205128205128
0.36623376623186377,0.5787172011644935,0.5576923076923077
0.52207792207521,0.47959183673329564,0.532051282051282
0.3688311688292528,0.5801749271120111,0.5603846153846153
0.35584415584230733,0.5728862973744231,0.559871794871795
0.5142857142830427,0.4985422740510247,0.6717948717948719
0.42337662337442405,0.5408163265290356,0.6489743589743591
0.3896103896083657,0.5218658892113065,0.5576923076923077
0.34805194805014,0.5918367346921521,0.5128205128205128
0.30129870129713615,0.8221574343999354,0.32051282051282054
0.3038961038945252,0.8236151603474531,0.33615384615384614
0.3064935064919143,0.8250728862949707,0.31820512820512814
0.27532467532324506,0.7376093294439137,0.36538461538461536
0.2805194805180233,0.740524781338949,0.3076923076923077
0.27792207792063417,0.7390670553914314,0.34294871794871795
0.29870129869974704,0.7507288629715723,0.391025641025641
0.32207792207624897,0.740524781338949,0.40679487179487184
0.31948051947885986,0.7390670553914314,0.4417948717948717
0.31168831168669253,0.7346938775488785,0.4266666666666667
0.33766233766058357,0.7725947521843365,0.16666666666666666
0.31688311688147075,0.7376093294439137,0.4423076923076923
0.31428571428408164,0.7361516034963961,0.3757692307692308
0.3090909090893034,0.7332361516013608,0.4241025641025641
0.7142857142820037,0.5204081632637889,0.3942307692307692
0.7064935064898364,0.516034985421236,0.3648717948717948
0.7194805194767819,0.5174927113687536,0.3021794871794871
0.7376623376585056,0.5102040816311656,0.3348717948717949
0.7272727272689493,0.5043731778410951,0.41025641025641024
0.7428571428532839,0.5072886297361303,0.3316666666666667
0.7402597402558948,0.5058309037886127,0.32628205128205134
0.7038961038924473,0.5145772594737185,0.3966666666666666
0.7350649350611166,0.508746355683648,0.33525641025641034
0.7090909090872255,0.5116618075786832,0.4293589743589743
0.7116883116846147,0.5131195335262009,0.37
0.7246753246715602,0.5029154518935776,0.39487179487179486
0.7298701298663384,0.4999999999985423,0.34615384615384615
0.4649350649326497,0.5801749271120111,0.5705128205128205
0.3999999999979221,0.6282798833800926,0.5833333333333334
0.4103896103874785,0.634110787170163,0.6987179487179487
0.4519480519457042,0.6107871720098811,0.6410256410256411
0.48311688311437345,0.5816326530595288,0.6708974358974359
0.4909090909065408,0.5889212827971169,0.6794871794871795
0.4129870129848676,0.5976676384822226,0.5961538461538461
0.4311688311665914,0.5991253644297402,0.6042307692307691
0.4155844155822567,0.5962099125347049,0.6161538461538462
0.43636363636136954,0.6078717201148459,0.6273076923076923
0.4285714285692023,0.6005830903772578,0.6146153846153846
0.4935064935039299,0.5874635568495993,0.6666666666666666
0.42597402597181316,0.6020408163247755,0.5855128205128205
0.44415584415353687,0.615160349852434,0.6234615384615384
0.4493506493483151,0.6122448979573987,0.6516666666666666
0.3506493506475291,0.4693877551006724,0.3867948717948718
0.472727272724817,0.5758017492694584,0.782051282051282
0.44155844155614776,0.6049562682198106,0.6452564102564102
0.43376623376398044,0.6093294460623635,0.6105128205128205
0.41818181817964584,0.5947521865871873,0.6237179487179488
0.42077922077703495,0.5932944606396697,0.6102564102564102
0.43896103895875865,0.6064139941673282,0.6316666666666666
0.37142857142664193,0.6209912536425044,0.6442307692307693
0.42337662337442405,0.603498542272293,0.6012820512820514
0.5038961038934863,0.546647230319106,0.75
0.3532467532449182,0.46793002915315474,0.42948717948717946
0.446753246750926,0.6137026239049164,0.6016666666666668
0.5610389610360466,0.5408163265290356,0.4401282051282051
0.6025974025942723,0.5174927113687536,0.6538461538461539
0.5688311688282139,0.5364431486864827,0.6846153846153847
0.5506493506464901,0.5233236151588242,0.6684615384615384
0.5480519480491011,0.5247813411063418,0.6624358974358975
0.5532467532438793,0.527696793001377,0.6641025641025641
0.5818181818151594,0.5058309037886127,0.5426923076923077
0.5558441558412683,0.5262390670538594,0.6556410256410257
0.5376623376595446,0.5306122448964122,0.6894871794871795
0.5844155844125485,0.5102040816311656,0.5961538461538461
0.6077922077890504,0.5204081632637889,0.6556410256410257
0.5999999999968831,0.5189504373162713,0.652051282051282
0.5766233766203812,0.5379008746340003,0.6153846153846154
0.6181818181786068,0.5145772594737185,0.6923076923076923
0.5402597402569338,0.5291545189488946,0.7112820512820514
0.6051948051916614,0.5218658892113065,0.6153846153846154
0.5428571428543228,0.5335276967914474,0.6852564102564103
0.5792207792177703,0.5072886297361303,0.7115384615384616
0.6415584415551088,0.49562682215598947,0.4273076923076923
0.571428571425603,0.5349854227389651,0.6314102564102564
0.5870129870099376,0.508746355683648,0.5833333333333334
0.5454545454517119,0.5320699708439298,0.7
0.7480519480480621,0.5072886297361303,0.358974358974359
0.745454545450673,0.5058309037886127,0.3552564102564102
0.7532467532428403,0.5102040816311656,0.4358974358974359
0.7506493506454512,0.508746355683648,0.47435897435897434
0.7610389610350077,0.5029154518935776,0.38884615384615384
0.43636363636136954,0.7871720116595127,0.4358974358974359
0.3844155844135875,0.6297376093276101,0.6538461538461539
0.4701298701274279,0.584548104954564,0.7115384615384616
0.4545454545430933,0.5874635568495993,0.5769230769230769
0.47792207791959523,0.577259475216976,0.7051282051282052
0.3350649350631945,0.4737609329432252,0.3333333333333333
0.3454545454527509,0.46793002915315474,0.44448717948717953
0.4051948051927003,0.6180758017474692,0.6025641025641025
0.42337662337442405,0.6049562682198106,0.6282051282051282
0.3870129870109766,0.6311953352751277,0.6057692307692307
0.4129870129848676,0.6107871720098811,0.5993589743589743
0.4519480519457042,0.5976676384822226,0.5961538461538461
0.37142857142664193,0.634110787170163,0.6923076923076923
0.48571428571176256,0.5699708454793878,0.7243589743589743
0.4493506493483151,0.5962099125347049,0.6201282051282052
0.4155844155822567,0.6122448979573987,0.6282051282051282
0.4285714285692023,0.6078717201148459,0.5939743589743589
0.4311688311665914,0.6093294460623635,0.6030769230769232
0.44415584415353687,0.5932944606396697,0.6396153846153846
0.44155844155614776,0.603498542272293,0.6487179487179486
0.446753246750926,0.5947521865871873,0.6693589743589743
0.43376623376398044,0.5991253644297402,0.6271794871794872
0.43896103895875865,0.6020408163247755,0.6267948717948718
0.37662337662142015,0.6370262390651982,0.62
0.37922077921880926,0.6384839650127158,0.5435897435897437
0.42597402597181316,0.6064139941673282,0.5897435897435898
0.43636363636136954,0.6005830903772578,0.6098717948717948
0.472727272724817,0.5860058309020816,0.5939743589743589
0.34805194805014,0.4693877551006724,0.523076923076923
0.3298701298684163,0.47084548104818996,0.5128205128205128
0.48311688311437345,0.5801749271120111,0.6025641025641025
0.42077922077703495,0.615160349852434,0.625
0.49610389610131894,0.5641399416893174,0.5576923076923077
0.3896103896083657,0.6326530612226453,0.5961538461538461
0.41818181817964584,0.6137026239049164,0.5769230769230769
0.37402597402403104,0.6355685131176806,0.6196153846153846
0.38181818181619837,0.6311953352751277,0.7435897435897436
0.4935064935039299,0.5714285714269055,0.6378205128205128
0.4909090909065408,0.5699708454793878,0.7243589743589743
0.33766233766058357,0.4723032069957076,0.4358974358974359
0.4103896103874785,0.6180758017474692,0.5961538461538461
0.4519480519457042,0.5947521865871873,0.657051282051282
0.3428571428553618,0.4693877551006724,0.41576923076923084
0.4285714285692023,0.6049562682198106,0.5797435897435897
0.47792207791959523,0.5801749271120111,0.7371794871794872
0.4493506493483151,0.5932944606396697,0.5806410256410257
0.472727272724817,0.5830903790070464,0.8076923076923077
0.4051948051927003,0.6209912536425044,0.6217948717948718
0.4545454545430933,0.5903790087446344,0.6474358974358975
0.42597402597181316,0.6093294460623635,0.6073076923076923
0.41818181817964584,0.6107871720098811,0.6067948717948718
0.37402597402403104,0.6384839650127158,0.6378205128205128
0.4311688311665914,0.6064139941673282,0.6034615384615384
0.37662337662142015,0.634110787170163,0.6076923076923078
0.43896103895875865,0.5991253644297402,0.6137179487179488
0.446753246750926,0.5976676384822226,0.6282051282051282
0.43636363636136954,0.603498542272293,0.6233333333333334
0.44415584415353687,0.5962099125347049,0.6491025641025641
0.37142857142664193,0.6370262390651982,0.6602564102564102
0.44155844155614776,0.6005830903772578,0.6406410256410257
0.3350649350631945,0.47084548104818996,0.46794871794871795
0.42337662337442405,0.6078717201148459,0.6153846153846154
0.49610389610131894,0.5670553935843526,0.6867948717948718
0.48051948051698434,0.5758017492694584,0.7435897435897436
0.4155844155822567,0.615160349852434,0.5897435897435898
0.5038961038934863,0.565597667636835,0.6923076923076923
0.43376623376398044,0.6020408163247755,0.6043589743589743
0.37922077921880926,0.6355685131176806,0.5603846153846153
0.49870129869870805,0.5685131195318702,0.6871794871794871
0.3402597402579727,0.46793002915315474,0.5384615384615384
0.48831168830915167,0.5743440233219407,0.7
0.4753246753222061,0.5174927113687536,0.7435897435897436
0.472727272724817,0.5043731778410951,0.6858974358974359
0.52207792207521,0.5437317784240707,0.5897435897435898
0.48831168830915167,0.5131195335262009,0.6721794871794873
0.5038961038934863,0.5335276967914474,0.7141025641025641
0.5168831168804318,0.5408163265290356,0.7137179487179487
0.43636363636136954,0.49562682215598947,0.6201282051282052
0.5012987012960972,0.5320699708439298,0.7184615384615386
0.5324675324647664,0.5379008746340003,0.6282051282051282
0.4701298701274279,0.5029154518935776,0.6880769230769231
0.48571428571176256,0.5116618075786832,0.6708974358974359
0.4935064935039299,0.516034985421236,0.7039743589743589
0.48051948051698434,0.5204081632637889,0.7275641025641025
0.5064935064908754,0.5233236151588242,0.6958974358974359
0.49870129869870805,0.5306122448964122,0.7175641025641025
0.49610389610131894,0.5291545189488946,0.7273076923076923
0.5298701298673774,0.5364431486864827,0.7333333333333334
0.5844155844125485,0.3921282798822387,0.40602564102564104
0.5090909090882645,0.5247813411063418,0.7003846153846153
0.5792207792177703,0.38921282798720347,0.38038461538461543
0.42077922077703495,0.48688046647088373,0.5871794871794871
0.3428571428553618,0.6180758017474692,0.5
0.43376623376398044,0.4941690962084718,0.61
0.5142857142830427,0.527696793001377,0.724871794871795
0.5116883116856535,0.5262390670538594,0.7053846153846154
0.43896103895875865,0.49708454810350705,0.6153846153846154
0.47792207791959523,0.5189504373162713,0.7070512820512821
0.5194805194778209,0.5422740524765531,0.6282051282051282
0.5818181818151594,0.3906705539347211,0.38461538461538464
0.4285714285692023,0.47959183673329564,0.47435897435897434
0.4909090909065408,0.5145772594737185,0.7066666666666668
0.4311688311665914,0.4810495626808133,0.6025641025641025
0.48311688311437345,0.5218658892113065,0.7364102564102564
0.44155844155614776,0.4985422740510247,0.5939743589743589
0.5272727272699882,0.5349854227389651,0.7517948717948718
0.9740259740209142,0.5583090378992469,0.1987179487179487
0.7220779220741711,0.49708454810350705,0.2521794871794872
0.7064935064898364,0.4883381924184014,0.3974358974358974
0.6493506493472762,0.7463556851290194,0.2692307692307692
0.30129870129713615,0.740524781338949,0.4401282051282051
0.29870129869974704,0.7390670553914314,0.45897435897435895
0.2909090909075797,0.7346938775488785,0.3947435897435898
0.3064935064919143,0.7434402332339841,0.358974358974359
0.3324675324658054,0.7580174927091603,0.38461538461538464
0.2883116883101906,0.7332361516013608,0.38115384615384623
0.2935064935049688,0.7361516034963961,0.40435897435897444
0.29610389610235793,0.7376093294439137,0.4133333333333333
0.3038961038945252,0.7419825072864665,0.4515384615384615
0.3428571428553618,0.7638483964992308,0.391025641025641
0.3402597402579727,0.7623906705517132,0.3269230769230769
0.6051948051916614,0.546647230319106,0.6538461538461539
0.6077922077890504,0.5481049562666236,0.5737179487179487
0.44155844155614776,0.641399416907751,0.5580769230769231
0.4311688311665914,0.6588921282779624,0.5215384615384616
0.44415584415353687,0.6486880466453391,0.5338461538461539
0.43896103895875865,0.6399416909602335,0.53
0.4285714285692023,0.6574344023304448,0.5267948717948718
0.43376623376398044,0.6428571428552686,0.5478205128205129
0.43636363636136954,0.6443148688027863,0.5417948717948718
0.42597402597181316,0.6618075801729977,0.532051282051282
0.446753246750926,0.6501457725928568,0.5384615384615384
0.36363636363447466,0.6078717201148459,0.5641025641025641
0.5116883116856535,0.5014577259460599,0.6442307692307693
0.36103896103708555,0.6093294460623635,0.5705128205128205
0.47792207791959523,0.5437317784240707,0.6205128205128206
0.48311688311437345,0.5408163265290356,0.6987179487179487
0.48831168830915167,0.5379008746340003,0.7355128205128205
0.4909090909065408,0.5364431486864827,0.6737179487179487
0.4649350649326497,0.527696793001377,0.6834615384615385
0.43636363636136954,0.4737609329432252,0.6153846153846154
0.34805194805014,0.5932944606396697,0.5448717948717948
0.4701298701274279,0.5247813411063418,0.7066666666666668
0.48051948051698434,0.5422740524765531,0.7397435897435898
0.5350649350621556,0.5116618075786832,0.6662820512820513
0.5168831168804318,0.5218658892113065,0.6882051282051282
0.46233766233526064,0.5291545189488946,0.6835897435897434
0.4571428571404824,0.5320699708439298,0.6593589743589744
0.3454545454527509,0.5947521865871873,0.5064102564102564
0.5194805194778209,0.5204081632637889,0.7184615384615386
0.52207792207521,0.5189504373162713,0.7014102564102563
0.3688311688292528,0.6049562682198106,0.5592307692307693
0.4675324675300388,0.5262390670538594,0.7226923076923077
0.4597402597378715,0.5306122448964122,0.6791025641025641
0.4545454545430933,0.5335276967914474,0.629102564102564
0.5324675324647664,0.5131195335262009,0.6524358974358975
0.5272727272699882,0.516034985421236,0.6693589743589743
0.472727272724817,0.5233236151588242,0.6912820512820513
0.3428571428553618,0.5962099125347049,0.5576923076923077
0.5298701298673774,0.5145772594737185,0.6785897435897437
0.48571428571176256,0.539358600581518,0.7126923076923077
0.5090909090882645,0.5029154518935776,0.7211538461538461
0.49870129869870805,0.508746355683648,0.6346153846153846
0.446753246750926,0.46793002915315474,0.5256410256410257
0.4753246753222061,0.5451895043715884,0.7384615384615384
0.49610389610131894,0.5102040816311656,0.520128205128205
0.43376623376398044,0.47521865889074283,0.6073076923076923
0.4935064935039299,0.5349854227389651,0.7333333333333334
0.5012987012960972,0.5072886297361303,0.690128205128205
0.35844155843969644,0.6107871720098811,0.6217948717948718
0.36623376623186377,0.6064139941673282,0.5683333333333334
0.5038961038934863,0.5058309037886127,0.6965384615384616
0.5064935064908754,0.5043731778410951,0.7307692307692307
0.5246753246725991,0.5174927113687536,0.6935897435897436
0.2857142857128015,0.7419825072864665,0.5256410256410257
0.2805194805180233,0.7390670553914314,0.4316666666666667
0.3038961038945252,0.8250728862949707,0.3316666666666667
0.27532467532324506,0.7361516034963961,0.3162820512820513
0.3064935064919143,0.8236151603474531,0.3348717948717949
0.2701298701284669,0.7332361516013608,0.3525641025641026
0.2675324675310778,0.7346938775488785,0.3333333333333333
0.27272727272585595,0.7376093294439137,0.391025641025641
0.2831168831154124,0.7434402332339841,0.3717948717948718
0.36363636363447466,0.6093294460623635,0.38461538461538464
0.5142857142830427,0.5014577259460599,0.6474358974358975
0.14285714285640075,0.7303206997063256,0.47435897435897434
0.38181818181619837,0.47959183673329564,0.4358974358974359
0.43636363636136954,0.47521865889074283,0.5833333333333334
0.4753246753222061,0.5437317784240707,0.7051282051282052
0.5064935064908754,0.5029154518935776,0.7051282051282052
0.48051948051698434,0.5408163265290356,0.6905128205128205
0.3688311688292528,0.6064139941673282,0.6153846153846154
0.52207792207521,0.5174927113687536,0.6812820512820513
0.5246753246725991,0.5189504373162713,0.7038461538461539
0.3454545454527509,0.5932944606396697,0.5128205128205128
0.47792207791959523,0.5451895043715884,0.7197435897435898
0.472727272724817,0.5247813411063418,0.7102564102564103
0.36623376623186377,0.6049562682198106,0.5512820512820513
0.4597402597378715,0.5291545189488946,0.7110256410256409
0.4675324675300388,0.527696793001377,0.7125641025641025
0.4935064935039299,0.5364431486864827,0.7069230769230769
0.5168831168804318,0.5204081632637889,0.685
0.4649350649326497,0.5262390670538594,0.7021794871794871
0.46233766233526064,0.5306122448964122,0.6819230769230769
0.4701298701274279,0.5233236151588242,0.727948717948718
0.4571428571404824,0.5335276967914474,0.6734615384615384
0.4545454545430933,0.5320699708439298,0.653076923076923
0.4909090909065408,0.5349854227389651,0.7243589743589743
0.48311688311437345,0.5422740524765531,0.6496153846153846
0.48571428571176256,0.5379008746340003,0.7111538461538461
0.5298701298673774,0.516034985421236,0.6593589743589744
0.5194805194778209,0.5218658892113065,0.7055128205128205
0.49870129869870805,0.5102040816311656,0.7307692307692307
0.34805194805014,0.5947521865871873,0.5128205128205128
0.5324675324647664,0.5116618075786832,0.6203846153846154
0.5012987012960972,0.5058309037886127,0.75
0.5350649350621556,0.5131195335262009,0.6405128205128204
0.4051948051927003,0.4927113702609542,0.6496153846153846
0.3506493506475291,0.6137026239049164,0.5705128205128205
0.5090909090882645,0.5043731778410951,0.6307692307692309
0.5038961038934863,0.5072886297361303,0.6794871794871795
0.49610389610131894,0.508746355683648,0.5342307692307693
0.5116883116856535,0.4999999999985423,0.4914102564102564
0.43896103895875865,0.47084548104818996,0.5961538461538461
0.5272727272699882,0.5145772594737185,0.6896153846153847
0.48831168830915167,0.539358600581518,0.7107692307692307
0.43376623376398044,0.4737609329432252,0.6153846153846154
0.7090909090872255,0.508746355683648,0.4330769230769231
0.7350649350611166,0.5116618075786832,0.34794871794871796
0.7220779220741711,0.5043731778410951,0.3794871794871794
0.7116883116846147,0.5102040816311656,0.39538461538461545
0.7246753246715602,0.5174927113687536,0.2461538461538462
0.7194805194767819,0.5029154518935776,0.4166666666666667
0.7038961038924473,0.5058309037886127,0.3974358974358974
0.7064935064898364,0.5072886297361303,0.4273076923076923
0.7168831168793929,0.5116618075786832,0.3714102564102564
0.7116883116846147,0.5204081632637889,0.36538461538461536
0.7246753246715602,0.5072886297361303,0.3826923076923076
0.7402597402558948,0.5043731778410951,0.4957692307692308
0.7142857142820037,0.5131195335262009,0.35769230769230775
0.7220779220741711,0.5145772594737185,0.32051282051282054
0.7324675324637275,0.508746355683648,0.36217948717948717
0.7194805194767819,0.516034985421236,0.3076923076923077
0.7298701298663384,0.5102040816311656,0.3467948717948718
0.7272727272689493,0.5058309037886127,0.32051282051282054
0.7064935064898364,0.5174927113687536,0.34269230769230774
0.7038961038924473,0.5189504373162713,0.4139743589743591
0.41818181817964584,0.546647230319106,0.5855128205128205
0.3948051948031439,0.5860058309020816,0.5726923076923077
0.4025974025953112,0.5903790087446344,0.6794871794871795
0.52207792207521,0.6049562682198106,0.7019230769230769
0.42597402597181316,0.5568513119517293,0.6452564102564102
0.4597402597378715,0.6166180757999515,0.6089743589743589
0.4103896103874785,0.5889212827971169,0.6051282051282052
0.3688311688292528,0.5189504373162713,0.5512820512820513
0.5038961038934863,0.5947521865871873,0.7355128205128205
0.3506493506475291,0.5145772594737185,0.6025641025641025
0.36623376623186377,0.5174927113687536,0.5705128205128205
0.44155844155614776,0.5597667638467645,0.6698717948717948
0.43896103895875865,0.5583090378992469,0.620897435897436
0.42077922077703495,0.5481049562666236,0.6858974358974359
0.42337662337442405,0.5553935860042117,0.6153846153846154
0.4493506493483151,0.5641399416893174,0.6824358974358975
0.4311688311665914,0.553935860056694,0.6212820512820512
0.4701298701274279,0.622448979590022,0.6101282051282052
0.43376623376398044,0.5612244897942822,0.6192307692307691
0.48051948051698434,0.6282798833800926,0.7307692307692307
0.4753246753222061,0.6311953352751277,0.725
0.38181818181619837,0.5787172011644935,0.5214102564102564
0.5012987012960972,0.5932944606396697,0.6953846153846153
0.446753246750926,0.5685131195318702,0.690128205128205
0.49870129869870805,0.5976676384822226,0.7515384615384616
0.48571428571176256,0.6370262390651982,0.7157692307692307
0.5142857142830427,0.6005830903772578,0.7402564102564102
0.3870129870109766,0.5758017492694584,0.6324358974358975
0.5064935064908754,0.6020408163247755,0.752948717948718
0.44415584415353687,0.5670553935843526,0.6962820512820513
0.5324675324647664,0.6107871720098811,0.6217948717948718
0.4649350649326497,0.6253644314850573,0.6532051282051282
0.4571428571404824,0.6209912536425044,0.6105128205128205
0.4519480519457042,0.565597667636835,0.6944871794871795
0.4285714285692023,0.5524781341091765,0.6548717948717948
0.5246753246725991,0.6064139941673282,0.6538461538461539
0.48311688311437345,0.6297376093276101,0.6766666666666666
0.3999999999979221,0.5830903790070464,0.6538461538461539
0.46233766233526064,0.6180758017474692,0.6282051282051282
0.49610389610131894,0.5962099125347049,0.725
0.4675324675300388,0.6268221574325749,0.6302564102564102
0.43636363636136954,0.5626822157417998,0.6474358974358975
0.5090909090882645,0.603498542272293,0.7503846153846154
0.48831168830915167,0.6384839650127158,0.6410256410256411
0.4909090909065408,0.634110787170163,0.5705128205128205
0.472727272724817,0.6239067055375397,0.6428205128205128
0.5116883116856535,0.5991253644297402,0.7183333333333334
0.4545454545430933,0.6195335276949868,0.6116666666666666
0.47792207791959523,0.6326530612226453,0.6730769230769231
0.48831168830915167,0.7434402332339841,0.34615384615384615
0.48571428571176256,0.7419825072864665,0.26282051282051283
0.36103896103708555,0.7215743440212199,0.45025641025641033
0.6545454545420544,0.5131195335262009,0.5564102564102564
0.6181818181786068,0.4927113702609542,0.48717948717948717
0.36623376623186377,0.7244897959162552,0.4348717948717949
0.6233766233733851,0.5072886297361303,0.5128205128205128
0.35844155843969644,0.7317784256538432,0.43128205128205127
0.6337662337629415,0.5014577259460599,0.44871794871794873
0.3506493506475291,0.7274052478112903,0.43179487179487186
0.6571428571394434,0.5145772594737185,0.5038461538461538
0.6597402597368326,0.516034985421236,0.5015384615384616
0.6519480519446652,0.5116618075786832,0.5342307692307693
0.3688311688292528,0.7259475218637728,0.4189743589743591
0.6389610389577197,0.5043731778410951,0.36538461538461536
0.36363636363447466,0.7230320699687376,0.42358974358974366
0.6441558441524979,0.5189504373162713,0.5544871794871795
0.3532467532449182,0.728862973758808,0.4275641025641025
0.35584415584230733,0.7303206997063256,0.41538461538461546
0.6415584415551088,0.5174927113687536,0.4051282051282051
0.6727272727237781,0.5233236151588242,0.44871794871794873
0.33766233766058357,0.7201166180737023,0.3717948717948718
0.5870129870099376,0.48688046647088373,0.47435897435897434
0.6051948051916614,0.49708454810350705,0.5769230769230769
0.6285714285681633,0.5102040816311656,0.5641025641025641
0.6103896103864396,0.4883381924184014,0.6282051282051282
0.6311688311655524,0.4999999999985423,0.41025641025641024
0.3064935064919143,0.8294460641375235,0.2734615384615384
0.30129870129713615,0.8265306122424882,0.3173076923076923
0.7116883116846147,0.516034985421236,0.37961538461538463
0.7376623376585056,0.5072886297361303,0.3149999999999999
0.7064935064898364,0.5131195335262009,0.40974358974358965
0.7402597402558948,0.508746355683648,0.3343589743589743
0.7038961038924473,0.5116618075786832,0.4453846153846153
0.7090909090872255,0.5145772594737185,0.3735897435897436
0.7428571428532839,0.5102040816311656,0.27782051282051284
0.7350649350611166,0.5058309037886127,0.3705128205128206
0.7324675324637275,0.5043731778410951,0.3974358974358974
0.7142857142820037,0.5174927113687536,0.35512820512820514
0.7168831168793929,0.5189504373162713,0.3717948717948718
0.3844155844135875,0.7419825072864665,0.4316666666666667
0.3870129870109766,0.740524781338949,0.4316666666666667
0.37402597402403104,0.7361516034963961,0.4534615384615385
0.3896103896083657,0.7390670553914314,0.4216666666666667
0.37922077921880926,0.7332361516013608,0.3764102564102564
0.37662337662142015,0.7346938775488785,0.4221794871794873
0.4285714285692023,0.7638483964992308,0.4230769230769231
0.42597402597181316,0.7653061224467484,0.4166666666666667
0.37142857142664193,0.7376093294439137,0.4458974358974359
0.5402597402569338,0.5335276967914474,0.7124358974358973
0.5922077922047159,0.5043731778410951,0.6880769230769231
0.5818181818151594,0.5102040816311656,0.6794871794871795
0.5558441558412683,0.5247813411063418,0.6375641025641026
0.5636363636334357,0.5408163265290356,0.6447435897435898
0.5376623376595446,0.5320699708439298,0.7171794871794871
0.6077922077890504,0.5189504373162713,0.5897435897435898
0.5532467532438793,0.5233236151588242,0.6410256410256411
0.6103896103864396,0.5145772594737185,0.6538461538461539
0.5480519480491011,0.5262390670538594,0.6735897435897437
0.5999999999968831,0.5204081632637889,0.629102564102564
0.6129870129838286,0.516034985421236,0.5897435897435898
0.5844155844125485,0.5058309037886127,0.6410256410256411
0.6155844155812178,0.5116618075786832,0.6282051282051282
0.6597402597368326,0.48979591836591896,0.4807692307692308
0.5454545454517119,0.5306122448964122,0.6724358974358975
0.5766233766203812,0.5364431486864827,0.6314102564102564
0.6025974025942723,0.5218658892113065,0.6312820512820512
0.5688311688282139,0.5379008746340003,0.6358974358974359
0.6051948051916614,0.5174927113687536,0.6794871794871795
0.5506493506464901,0.527696793001377,0.6625641025641027
0.5792207792177703,0.508746355683648,0.5064102564102564
0.5428571428543228,0.5291545189488946,0.6858974358974359
0.5896103896073267,0.5029154518935776,0.717948717948718
0.5870129870099376,0.5072886297361303,0.6944871794871795
0.5740259740229922,0.5349854227389651,0.7038461538461539
0.48051948051698434,0.7711370262368189,0.27564102564102566
0.4675324675300388,0.7638483964992308,0.22435897435897437
0.7116883116846147,0.5029154518935776,0.44551282051282054
0.7090909090872255,0.5043731778410951,0.40064102564102566
0.7168831168793929,0.5058309037886127,0.28628205128205125
0.7194805194767819,0.5102040816311656,0.42948717948717946
0.7142857142820037,0.5072886297361303,0.46294871794871795
0.7246753246715602,0.5131195335262009,0.36538461538461536
0.7220779220741711,0.508746355683648,0.4230769230769231
0.7064935064898364,0.4999999999985423,0.3141025641025641
0.7272727272689493,0.5116618075786832,0.38615384615384624
0.7324675324637275,0.5145772594737185,0.3333333333333333
0.7298701298663384,0.516034985421236,0.3525641025641026
0.7038961038924473,0.5014577259460599,0.29230769230769227
0.745454545450673,0.5072886297361303,0.34615384615384615
0.7038961038924473,0.5306122448964122,0.2948717948717949
0.7480519480480621,0.5058309037886127,0.34615384615384615
0.7636363636323967,0.5029154518935776,0.3897435897435898
0.7350649350611166,0.5131195335262009,0.30038461538461547
0.7038961038924473,0.5072886297361303,0.38730769230769224
0.7142857142820037,0.5014577259460599,0.36538461538461536
0.7194805194767819,0.5043731778410951,0.41025641025641024
0.7064935064898364,0.5058309037886127,0.3291025641025641
0.7090909090872255,0.5102040816311656,0.41064102564102567
0.7116883116846147,0.508746355683648,0.4392307692307693
0.7376623376585056,0.5116618075786832,0.33974358974358976
0.7220779220741711,0.5029154518935776,0.34192307692307694
0.7168831168793929,0.4999999999985423,0.4551282051282051
0.5376623376595446,0.48688046647088373,0.5983333333333334
0.2935064935049688,0.717201166178667,0.3269230769230769
0.5402597402569338,0.48542274052336615,0.5470512820512821
0.6233766233733851,0.5320699708439298,0.6410256410256411
0.571428571425603,0.4912536443134366,0.5897435897435898
0.6623376623342216,0.5102040816311656,0.5073076923076922
0.670129870126389,0.5058309037886127,0.44871794871794873
0.6155844155812178,0.4664723032056371,0.5128205128205128
0.31688311688147075,0.7274052478112903,0.41538461538461546
0.6727272727237781,0.5043731778410951,0.4914102564102564
0.31948051947885986,0.7259475218637728,0.4316666666666667
0.5584415584386575,0.4985422740510247,0.5988461538461538
0.693506493502891,0.516034985421236,0.43179487179487186
0.6909090909055018,0.5174927113687536,0.4166666666666667
0.6753246753211671,0.5029154518935776,0.47115384615384615
0.620779220775996,0.5335276967914474,0.6282051282051282
0.5454545454517119,0.4825072886283309,0.5214102564102564
0.6259740259707742,0.5306122448964122,0.6025641025641025
0.32207792207624897,0.7244897959162552,0.40653846153846146
0.31428571428408164,0.728862973758808,0.4469230769230769
0.69610389610028,0.5145772594737185,0.42038461538461547
0.5428571428543228,0.4839650145758485,0.5267948717948718
0.5610389610360466,0.49708454810350705,0.36269230769230776
0.31168831168669253,0.7303206997063256,0.43102564102564106
0.7012987012950582,0.5116618075786832,0.4350000000000001
0.5532467532438793,0.47813411078577805,0.5683333333333334
0.5766233766203812,0.4883381924184014,0.7051282051282052
0.6987012986976692,0.5131195335262009,0.4303846153846153
0.3090909090893034,0.7317784256538432,0.42782051282051287
0.3246753246736381,0.7230320699687376,0.3871794871794872
0.6675324675289999,0.5072886297361303,0.4775641025641026
0.6779220779185563,0.5014577259460599,0.47858974358974354
0.6129870129838286,0.46793002915315474,0.5128205128205128
0.3272727272710272,0.7215743440212199,0.34358974358974353
0.5662337662308248,0.4941690962084718,0.5406410256410257
0.5740259740229922,0.48979591836591896,0.6538461538461539
0.5506493506464901,0.47959183673329564,0.5358974358974359
0.5636363636334357,0.49562682215598947,0.5021794871794872
0.6649350649316108,0.508746355683648,0.4551282051282051
0.6857142857107236,0.5204081632637889,0.3632051282051282
0.6805194805159454,0.4999999999985423,0.3974358974358974
0.6285714285681633,0.5291545189488946,0.6367948717948718
0.6077922077890504,0.47084548104818996,0.5256410256410257
0.5480519480491011,0.4810495626808133,0.5426923076923077
0.6831168831133345,0.5218658892113065,0.376025641025641
0.6883116883081127,0.5189504373162713,0.4282051282051283
0.446753246750926,0.6516034985403744,0.5
0.43376623376398044,0.6588921282779624,0.5184615384615384
0.44155844155614776,0.6603498542254801,0.52
0.6155844155812178,0.5626822157417998,0.5897435897435898
0.42597402597181316,0.6399416909602335,0.5662820512820513
0.43636363636136954,0.6574344023304448,0.5228205128205128
0.43896103895875865,0.6618075801729977,0.5078205128205128
0.42337662337442405,0.641399416907751,0.5746153846153845
0.4311688311665914,0.6428571428552686,0.5557692307692307
0.44415584415353687,0.653061224487892,0.5128205128205128
0.4285714285692023,0.6443148688027863,0.5976923076923077
0.48051948051698434,0.7434402332339841,0.3051282051282051
0.4753246753222061,0.740524781338949,0.32051282051282054
