X,Y,RSRP
0.08778625954164967,0.03294573643404468,0.5705128205128205
0.06679389312951606,0.026162790697623717,0.4551282051282051
0.09732824427443769,0.041666666666585916,0.3974358974358974
0.09923664122099528,0.04263565891464605,0.33974358974358976
0.10114503816755288,0.03972868217046564,0.34192307692307694
0.09541984732788009,0.044573643410766334,0.28205128205128205
0.07824427480886166,0.035852713178225096,0.46153846153846156
0.6374045801502389,0.7713178294558696,0.47435897435897434
0.6278625954174509,0.7664728682155688,0.5384615384615384
0.6087786259518749,0.7567829457349675,0.7010256410256411
0.6049618320587598,0.7548449612388473,0.6708974358974359
0.6106870228984325,0.7577519379830276,0.7025641025641025
0.5935114503794141,0.7645348837194486,0.8105128205128205
0.5839694656466261,0.7596899224791479,0.7546153846153846
0.5992366412190869,0.7519379844946668,0.6666666666666666
0.5973282442725293,0.7509689922466066,0.5961538461538461
0.5896946564862989,0.7625968992233283,0.8188461538461539
0.5916030534328565,0.7635658914713884,0.8678205128205128
0.5877862595397413,0.7616279069752682,0.7802564102564102
0.6068702290053173,0.7558139534869074,0.7005128205128205
0.6030534351122021,0.7538759689907871,0.6025641025641025
0.6316793893105661,0.7684108527116892,0.4551282051282051
0.5820610687000685,0.7587209302310878,0.6876923076923077
0.5954198473259718,0.7655038759675087,0.7884615384615384
0.5858778625931838,0.760658914727208,0.7106410256410257
0.6011450381656445,0.7529069767427269,0.6367948717948718
0.007633587786230406,0.03972868217046564,0.24358974358974358
0.009541984732788007,0.04263565891464605,0.22435897435897437
0.020992366412133617,0.04844961240300688,0.26282051282051283
0.5725190839672805,0.7645348837194486,0.7596153846153846
0.5763358778603956,0.7587209302310878,0.7051282051282052
0.5706106870207229,0.7655038759675087,0.7660256410256411
0.5782442748069533,0.7616279069752682,0.7029487179487179
0.6030534351122021,0.7490310077504864,0.6987179487179487
0.5744274809138381,0.7596899224791479,0.6794871794871795
0.5687022900741653,0.7625968992233283,0.6602564102564102
0.5801526717535109,0.760658914727208,0.6965384615384616
0.5667938931276076,0.7635658914713884,0.7435897435897436
0.6011450381656445,0.7499999999985465,0.5641025641025641
0.4713740457997276,0.7926356589131925,0.6730769230769231
0.04961832061049764,0.05426356589136771,0.27294871794871806
0.03244274809147923,0.06104651162778867,0.22653846153846155
0.053435114503612845,0.05620155038748798,0.28205128205128205
0.05152671755705524,0.055232558139427845,0.27564102564102566
0.6755725190813909,0.7451550387582458,0.5833333333333334
0.6908396946538518,0.7374031007737647,0.4914102564102564
0.6889312977072942,0.7383720930218248,0.5576923076923077
0.6946564885469669,0.7354651162776444,0.5339743589743591
0.6927480916004094,0.7364341085257046,0.5555128205128205
0.5553435114482621,0.7635658914713884,0.6538461538461539
0.5916030534328565,0.7451550387582458,0.782051282051282
0.5534351145017045,0.7645348837194486,0.6923076923076923
0.5515267175551468,0.7655038759675087,0.6314102564102564
0.6717557251882758,0.7344961240295843,0.4985897435897436
0.5229007633567828,0.7829457364325912,0.75
0.6641221374020454,0.7306201550373438,0.5512820512820513
0.6698473282417182,0.7335271317815242,0.4816666666666666
0.6679389312951606,0.732558139533464,0.47435897435897434
0.6545801526692574,0.7344961240295843,0.5673076923076923
0.6507633587761421,0.732558139533464,0.6025641025641025
0.5896946564862989,0.760658914727208,0.75
0.5858778625931838,0.7625968992233283,0.7761538461538462
0.6106870228984325,0.7519379844946668,0.5974358974358973
0.5916030534328565,0.7616279069752682,0.7991025641025641
0.5839694656466261,0.7655038759675087,0.8015384615384615
0.5992366412190869,0.7577519379830276,0.7387179487179488
0.5820610687000685,0.7645348837194486,0.8003846153846155
0.5954198473259718,0.7596899224791479,0.7923076923076923
0.5877862595397413,0.7635658914713884,0.7879487179487179
0.6049618320587598,0.7529069767427269,0.6410256410256411
0.5935114503794141,0.7587209302310878,0.6923076923076923
0.6068702290053173,0.7538759689907871,0.635
0.5973282442725293,0.7567829457349675,0.7120512820512821
0.6030534351122021,0.7558139534869074,0.6760256410256411
0.6011450381656445,0.7548449612388473,0.6611538461538461
0.6087786259518749,0.7509689922466066,0.6153846153846154
0.5725190839672805,0.7596899224791479,0.6474358974358975
0.5744274809138381,0.7645348837194486,0.7707692307692309
0.5782442748069533,0.7625968992233283,0.6969230769230769
0.1164122137400137,0.5009689922470911,0.4807692307692308
0.1202290076331289,0.49903100775097087,0.4358974358974359
0.6106870228984325,0.7480620155024262,0.5747435897435897
0.5667938931276076,0.760658914727208,0.6743589743589743
0.5801526717535109,0.7635658914713884,0.8232051282051281
0.5763358778603956,0.7655038759675087,0.7887179487179486
0.6068702290053173,0.7499999999985465,0.6153846153846154
0.5687022900741653,0.7616279069752682,0.6566666666666666
0.7061068702263126,0.7277131782931634,0.6025641025641025
0.7080152671728702,0.7306201550373438,0.6115384615384616
0.7099236641194278,0.7296511627892837,0.6410256410256411
0.704198473279755,0.7286821705412235,0.5846153846153845
0.46374045801349717,0.8003875968976737,0.6666666666666666
0.6106870228984325,0.7490310077504864,0.5615384615384615
0.5973282442725293,0.7441860465101857,0.7564102564102564
0.5763358778603956,0.7625968992233283,0.7051282051282052
0.5801526717535109,0.7645348837194486,0.8176923076923077
0.5744274809138381,0.7635658914713884,0.7484615384615384
0.5782442748069533,0.7655038759675087,0.8137179487179487
0.5725190839672805,0.760658914727208,0.6564102564102564
0.6087786259518749,0.7499999999985465,0.5464102564102564
0.6431297709899118,0.767441860463629,0.5641025641025641
0.5896946564862989,0.7403100775179452,0.7051282051282052
0.6049618320587598,0.7480620155024262,0.7628205128205128
0.5706106870207229,0.7616279069752682,0.6573076923076923
0.4675572519066124,0.8003875968976737,0.6410256410256411
0.4656488549600548,0.8013565891457338,0.5705128205128205
0.4732824427462852,0.7974806201534933,0.6089743589743589
0.6278625954174509,0.7587209302310878,0.7948717948717948
0.5858778625931838,0.7684108527116892,0.7467948717948718
0.5896946564862989,0.7703488372078094,0.7478205128205128
0.5877862595397413,0.7693798449597493,0.7906410256410257
0.5935114503794141,0.7722868217039297,0.9316666666666666
0.5954198473259718,0.7732558139519898,0.967948717948718
0.5839694656466261,0.767441860463629,0.782051282051282
0.6202290076312206,0.7548449612388473,0.694871794871795
0.6164122137381053,0.7529069767427269,0.6367948717948718
0.6221374045777781,0.7558139534869074,0.7443589743589744
0.6545801526692574,0.7412790697660053,0.4967948717948718
0.6583969465623726,0.7432170542621256,0.5666666666666667
0.6183206106846629,0.7538759689907871,0.7130769230769232
0.6507633587761421,0.7393410852698851,0.46474358974358976
0.5820610687000685,0.7664728682155688,0.7960256410256411
0.6603053435089301,0.7441860465101857,0.5487179487179487
0.6488549618295846,0.7383720930218248,0.5567948717948719
0.6526717557226998,0.7403100775179452,0.5214102564102564
0.6564885496158149,0.7422480620140655,0.5464102564102564
0.6125954198449901,0.7509689922466066,0.6196153846153846
0.6374045801502389,0.7635658914713884,0.5
0.6145038167915478,0.7519379844946668,0.6510256410256411
0.6316793893105661,0.760658914727208,0.6153846153846154
0.6679389312951606,0.7480620155024262,0.47435897435897434
0.5916030534328565,0.7713178294558696,0.8247435897435897
0.6622137404554878,0.7451550387582458,0.5384615384615384
0.6240458015243358,0.7567829457349675,0.8044871794871795
0.5229007633567828,0.7790697674403506,0.6346153846153846
0.51717557251711,0.7839147286806514,0.6708974358974359
0.5496183206085893,0.7693798449597493,0.6637179487179486
0.507633587784322,0.7868217054248318,0.6378205128205128
0.5419847328223588,0.7732558139519898,0.6247435897435898
0.5362595419826861,0.7703488372078094,0.627051282051282
0.5458015267154741,0.767441860463629,0.6410256410256411
0.49999999999809164,0.7906976744170723,0.6217948717948718
0.5381679389292436,0.7713178294558696,0.6512820512820513
0.5324427480895708,0.7761627906961702,0.6047435897435898
0.526717557249898,0.781007751936471,0.6923076923076923
0.5248091603033405,0.7800387596884107,0.6435897435897436
0.5400763358758013,0.7722868217039297,0.6452564102564102
0.5477099236620316,0.7684108527116892,0.6525641025641027
0.5343511450361285,0.7771317829442304,0.6416666666666666
0.5458015267154741,0.7655038759675087,0.6282051282051282
0.40076335877709635,0.8158914728666359,0.5855128205128205
0.4828244274790732,0.795542635657373,0.5769230769230769
0.6450381679364694,0.7335271317815242,0.44871794871794873
0.431297709922018,0.809108527130215,0.5769230769230769
0.704198473279755,0.7296511627892837,0.6217948717948718
0.7061068702263126,0.7306201550373438,0.5973076923076923
0.7156488549591006,0.7315891472854039,0.6089743589743589
0.5744274809138381,0.7722868217039297,0.48717948717948717
0.5763358778603956,0.7732558139519898,0.5512820512820513
0.6354961832036813,0.7412790697660053,0.5897435897435898
0.5782442748069533,0.7703488372078094,0.8153846153846153
0.6488549618295846,0.7596899224791479,0.4358974358974359
0.6393129770967966,0.7393410852698851,0.4358974358974359
0.6221374045777781,0.7499999999985465,0.6307692307692309
0.6202290076312206,0.7490310077504864,0.6452564102564102
0.6450381679364694,0.7616279069752682,0.532051282051282
0.6431297709899118,0.760658914727208,0.48717948717948717
0.6412213740433541,0.7403100775179452,0.509102564102564
0.6240458015243358,0.7470930232543661,0.6217948717948718
0.5667938931276076,0.7684108527116892,0.8237179487179487
0.5687022900741653,0.7693798449597493,0.8394871794871795
0.5725190839672805,0.767441860463629,0.8264102564102563
0.5515267175551468,0.7761627906961702,0.6575641025641027
0.5801526717535109,0.7713178294558696,0.7615384615384616
0.5553435114482621,0.77422480620005,0.7002564102564103
0.6259541984708933,0.7480620155024262,0.5953846153846154
0.5706106870207229,0.7664728682155688,0.8484615384615386
0.6374045801502389,0.7422480620140655,0.6067948717948718
0.6145038167915478,0.746124031006306,0.5705128205128205
0.03435114503803683,0.05910852713166839,0.24358974358974358
0.03244274809147923,0.060077519379728536,0.2532051282051282
0.015267175572460812,0.06879844961226977,0.2948717948717949
0.041984732824267235,0.055232558139427845,0.24358974358974358
0.04007633587770963,0.05620155038748798,0.23717948717948717
0.04580152671738244,0.05329457364330757,0.33974358974358976
0.04389312977082484,0.05426356589136771,0.2692307692307692
0.5763358778603956,0.7577519379830276,0.6987179487179487
0.5744274809138381,0.7567829457349675,0.7884615384615384
0.5591603053413773,0.7645348837194486,0.6098717948717948
0.5610687022879349,0.7655038759675087,0.7585897435897436
0.5629770992344925,0.7625968992233283,0.7692307692307693
0.5839694656466261,0.746124031006306,0.7756410256410257
0.5648854961810501,0.7635658914713884,0.6830769230769231
0.013358778625903211,0.05329457364330757,0.19230769230769232
0.030534351144921625,0.06201550387584881,0.20256410256410254
0.028625954198364025,0.06104651162778867,0.26641025641025645
0.02480916030524882,0.06298449612390894,0.24358974358974358
0.026717557251806422,0.06395348837196908,0.266025641025641
0.020992366412133617,0.06492248062002923,0.2564102564102564
0.5896946564862989,0.7761627906961702,0.9294871794871795
0.5839694656466261,0.781007751936471,0.6346153846153846
0.5744274809138381,0.7839147286806514,0.5
0.6297709923640086,0.7577519379830276,0.7307692307692307
0.6316793893105661,0.7548449612388473,0.7532051282051282
0.6278625954174509,0.7567829457349675,0.7692307692307693
0.6679389312951606,0.7383720930218248,0.46538461538461534
0.6717557251882758,0.7364341085257046,0.5167948717948718
0.6335877862571238,0.7558139534869074,0.6564102564102564
0.5992366412190869,0.7732558139519898,0.9294871794871795
0.6603053435089301,0.7422480620140655,0.5583333333333333
0.6469465648830269,0.7470930232543661,0.623076923076923
0.6374045801502389,0.7538759689907871,0.6708974358974359
0.6526717557226998,0.746124031006306,0.6153846153846154
0.6698473282417182,0.7354651162776444,0.505
0.6431297709899118,0.7490310077504864,0.6258974358974358
0.6354961832036813,0.7529069767427269,0.7111538461538461
0.6660305343486029,0.7374031007737647,0.48538461538461536
0.6507633587761421,0.7451550387582458,0.5875641025641025
0.6564885496158149,0.7441860465101857,0.5523076923076923
0.6545801526692574,0.7432170542621256,0.5237179487179486
0.6240458015243358,0.7587209302310878,0.6858974358974359
0.5858778625931838,0.7781007751922905,0.7025641025641025
0.6412213740433541,0.7519379844946668,0.6602564102564102
0.6641221374020454,0.7403100775179452,0.5555128205128205
0.6393129770967966,0.7509689922466066,0.7284615384615384
0.6622137404554878,0.7393410852698851,0.4974358974358974
0.6583969465623726,0.7412790697660053,0.5347435897435897
0.6488549618295846,0.7480620155024262,0.5858974358974359
0.5916030534328565,0.7771317829442304,0.717948717948718
0.6450381679364694,0.7499999999985465,0.6358974358974359
0.6984732824400822,0.7296511627892837,0.6282051282051282
0.7003816793866398,0.7286821705412235,0.5865384615384616
0.6908396946538518,0.7335271317815242,0.5214102564102564
0.6889312977072942,0.7344961240295843,0.511025641025641
0.6927480916004094,0.732558139533464,0.5384615384615384
0.6946564885469669,0.7315891472854039,0.5342307692307693
0.7022900763331974,0.7277131782931634,0.6496153846153846
0.6965648854935246,0.7306201550373438,0.5293589743589744
0.5458015267154741,0.7771317829442304,0.6655128205128205
0.5496183206085893,0.7751937984481101,0.7042307692307693
0.5438931297689165,0.7761627906961702,0.648076923076923
0.5477099236620316,0.77422480620005,0.7084615384615385
0.5419847328223588,0.7790697674403506,0.6538461538461539
0.5400763358758013,0.7781007751922905,0.6496153846153846
0.4751908396928428,0.7984496124015534,0.6025641025641025
0.028625954198364025,0.06298449612390894,0.23935897435897438
0.026717557251806422,0.06201550387584881,0.23333333333333336
0.02480916030524882,0.06104651162778867,0.2457692307692308
0.030534351144921625,0.06395348837196908,0.21794871794871795
0.40267175572365393,0.8149224806185758,0.5897435897435898
0.4847328244256308,0.7945736434093129,0.6153846153846154
0.4045801526702115,0.8158914728666359,0.5192307692307693
0.5496183206085893,0.7655038759675087,0.5811538461538461
0.4828244274790732,0.7936046511612527,0.6089743589743589
0.6755725190813909,0.7422480620140655,0.5673076923076923
0.6736641221348334,0.7412790697660053,0.6217948717948718
0.6774809160279486,0.7393410852698851,0.5787179487179487
0.6812977099210638,0.7374031007737647,0.5902564102564103
0.6832061068676214,0.7383720930218248,0.5758974358974359
0.6870229007607366,0.7364341085257046,0.5275641025641027
0.6851145038141789,0.7354651162776444,0.4830769230769232
0.6793893129745062,0.7403100775179452,0.5594871794871795
0.08206106870197687,0.04844961240300688,0.2564102564102564
0.07824427480886166,0.04651162790688661,0.37307692307692303
0.07633587786230406,0.04360465116270619,0.4583333333333333
0.08015267175541926,0.04554263565882647,0.40384615384615385
0.08396946564853447,0.047480620154946744,0.3291025641025641
0.07442748091574647,0.044573643410766334,0.4273076923076923
0.41984732824267235,0.8275193798433575,0.4807692307692308
0.479007633585958,0.795542635657373,0.5608974358974359
0.4809160305325156,0.7965116279054332,0.6666666666666666
0.40839694656332676,0.8139534883705156,0.5384615384615384
0.4751908396928428,0.7936046511612527,0.6410256410256411
0.4770992366394004,0.7945736434093129,0.5732051282051281
0.4961832061049764,0.7877906976728919,0.6474358974358975
0.5438931297689165,0.7751937984481101,0.6642307692307693
0.5458015267154741,0.77422480620005,0.6708974358974359
0.4942748091584188,0.788759689920952,0.6410256410256411
0.5381679389292436,0.7781007751922905,0.6880769230769231
0.5362595419826861,0.7790697674403506,0.6267948717948718
0.5496183206085893,0.7761627906961702,0.7073076923076923
0.5477099236620316,0.7771317829442304,0.6452564102564102
0.09351145038132248,0.041666666666585916,0.3932051282051282
0.10305343511411048,0.038759689922405506,0.42948717948717946
0.10687022900722569,0.04069767441852578,0.4166666666666667
0.10496183206066809,0.03972868217046564,0.41025641025641024
0.5591603053413773,0.7635658914713884,0.6743589743589743
0.5782442748069533,0.7577519379830276,0.765
0.5648854961810501,0.7645348837194486,0.6448717948717948
0.5610687022879349,0.7625968992233283,0.6538461538461539
0.5629770992344925,0.7655038759675087,0.7278205128205127
0.5877862595397413,0.7451550387582458,0.7692307692307693
0.6870229007607366,0.7383720930218248,0.5491025641025641
0.6736641221348334,0.7393410852698851,0.5833333333333334
0.6755725190813909,0.7403100775179452,0.6035897435897436
0.6851145038141789,0.7374031007737647,0.5332051282051282
0.6812977099210638,0.7354651162776444,0.4964102564102564
0.6832061068676214,0.7364341085257046,0.5460256410256411
0.6774809160279486,0.7412790697660053,0.5416666666666666
0.6812977099210638,0.7306201550373438,0.44551282051282054
0.6774809160279486,0.732558139533464,0.5026923076923077
0.6755725190813909,0.7335271317815242,0.47589743589743594
0.6793893129745062,0.7315891472854039,0.4807692307692308
0.6851145038141789,0.7286821705412235,0.4573076923076923
0.6889312977072942,0.7267441860451033,0.4957692307692308
0.6736641221348334,0.7344961240295843,0.4955128205128206
0.526717557249898,0.7781007751922905,0.5811538461538461
0.5324427480895708,0.7751937984481101,0.5961538461538461
0.5305343511430133,0.7761627906961702,0.6506410256410257
0.5248091603033405,0.7790697674403506,0.6217948717948718
0.5400763358758013,0.7713178294558696,0.5675641025641025
0.5438931297689165,0.7693798449597493,0.6355128205128204
0.5229007633567828,0.7800387596884107,0.5833333333333334
0.5419847328223588,0.7703488372078094,0.6708974358974359
0.5458015267154741,0.7684108527116892,0.6264102564102564
0.5381679389292436,0.7722868217039297,0.6167948717948718
0.5477099236620316,0.767441860463629,0.6316666666666666
0.5286259541964556,0.7771317829442304,0.6410256410256411
0.5362595419826861,0.7732558139519898,0.5833333333333334
0.5190839694636676,0.7819767441845311,0.5897435897435898
0.5343511450361285,0.77422480620005,0.5820512820512821
0.6965648854935246,0.7364341085257046,0.559871794871795
0.6984732824400822,0.7354651162776444,0.5705128205128205
0.4656488549600548,0.8003875968976737,0.6474358974358975
0.5916030534328565,0.7848837209287115,0.6025641025641025
0.6393129770967966,0.7432170542621256,0.6047435897435898
0.5629770992344925,0.7664728682155688,0.7593589743589744
0.5610687022879349,0.7693798449597493,0.7930769230769231
0.5572519083948196,0.7713178294558696,0.7547435897435898
0.5515267175551468,0.7722868217039297,0.7002564102564103
0.6412213740433541,0.7441860465101857,0.5997435897435898
0.5553435114482621,0.7703488372078094,0.7362820512820514
0.6335877862571238,0.7480620155024262,0.6094871794871796
0.5801526717535109,0.7751937984481101,0.6384615384615384
0.6278625954174509,0.7490310077504864,0.6585897435897436
0.6297709923640086,0.7499999999985465,0.7187179487179487
0.5591603053413773,0.7684108527116892,0.7315384615384616
0.5877862595397413,0.7868217054248318,0.46153846153846156
0.6316793893105661,0.7470930232543661,0.6143589743589744
0.6374045801502389,0.746124031006306,0.6358974358974359
0.5896946564862989,0.7839147286806514,0.6185897435897436
0.5534351145017045,0.7732558139519898,0.767051282051282
0.5782442748069533,0.77422480620005,0.657051282051282
0.6431297709899118,0.7567829457349675,0.6346153846153846
0.6354961832036813,0.7451550387582458,0.559871794871795
0.5648854961810501,0.767441860463629,0.7582051282051282
0.5858778625931838,0.7858527131767716,0.517948717948718
0.06106870228984325,0.04844961240300688,0.32371794871794873
0.053435114503612845,0.052325581395247435,0.3291025641025641
0.5438931297689165,0.767441860463629,0.6435897435897436
0.5381679389292436,0.7703488372078094,0.5747435897435897
0.5496183206085893,0.7684108527116892,0.6552564102564102
0.5419847328223588,0.7722868217039297,0.6233333333333334
0.526717557249898,0.7800387596884107,0.5757692307692307
0.5362595419826861,0.7713178294558696,0.6474358974358975
0.5477099236620316,0.7693798449597493,0.639102564102564
0.5324427480895708,0.7771317829442304,0.5944871794871796
0.5286259541964556,0.7751937984481101,0.5705128205128205
0.5400763358758013,0.7732558139519898,0.5993589743589743
0.5114503816774373,0.7877906976728919,0.6346153846153846
0.5343511450361285,0.7761627906961702,0.623974358974359
0.5248091603033405,0.781007751936471,0.6538461538461539
0.5916030534328565,0.7829457364325912,0.6602564102564102
0.6259541984708933,0.7383720930218248,0.4935897435897436
0.5744274809138381,0.77422480620005,0.5769230769230769
0.6297709923640086,0.7480620155024262,0.6053846153846154
0.5591603053413773,0.7664728682155688,0.6938461538461539
0.6354961832036813,0.7432170542621256,0.5988461538461538
0.5534351145017045,0.7713178294558696,0.6955128205128205
0.5629770992344925,0.7684108527116892,0.8042307692307693
0.6316793893105661,0.7490310077504864,0.6423076923076922
0.6335877862571238,0.7499999999985465,0.6976923076923077
0.5553435114482621,0.7722868217039297,0.7335897435897436
0.6412213740433541,0.746124031006306,0.5935897435897436
0.6374045801502389,0.7441860465101857,0.5737179487179487
0.5839694656466261,0.7868217054248318,0.5303846153846155
0.6488549618295846,0.7577519379830276,0.6153846153846154
0.5648854961810501,0.7693798449597493,0.8323076923076923
0.5610687022879349,0.767441860463629,0.7914102564102564
0.5572519083948196,0.7732558139519898,0.775
0.5515267175551468,0.7703488372078094,0.6617948717948718
0.6393129770967966,0.7451550387582458,0.6125641025641025
0.6431297709899118,0.7548449612388473,0.5747435897435897
0.5820610687000685,0.7858527131767716,0.5394871794871795
0.5877862595397413,0.788759689920952,0.48717948717948717
0.6278625954174509,0.7470930232543661,0.6474358974358975
0.5896946564862989,0.7819767441845311,0.6698717948717948
0.6259541984708933,0.7374031007737647,0.5192307692307693
0.6374045801502389,0.7432170542621256,0.5487179487179487
0.6335877862571238,0.7490310077504864,0.6769230769230768
0.5591603053413773,0.767441860463629,0.7144871794871795
0.6278625954174509,0.7480620155024262,0.6271794871794872
0.5534351145017045,0.7703488372078094,0.6858974358974359
0.5515267175551468,0.7713178294558696,0.6697435897435897
0.5610687022879349,0.7664728682155688,0.7483333333333334
0.5572519083948196,0.7722868217039297,0.7648717948717948
0.6354961832036813,0.7441860465101857,0.5961538461538461
0.5648854961810501,0.7684108527116892,0.7748717948717948
0.6412213740433541,0.7451550387582458,0.6025641025641025
0.1393129770987049,0.499999999999031,0.46794871794871795
0.5801526717535109,0.7761627906961702,0.7435897435897436
0.5896946564862989,0.7829457364325912,0.6307692307692309
0.5629770992344925,0.7693798449597493,0.8185897435897436
0.5763358778603956,0.77422480620005,0.47435897435897434
0.5839694656466261,0.7858527131767716,0.5203846153846154
0.6316793893105661,0.7499999999985465,0.684871794871795
0.5553435114482621,0.7732558139519898,0.7326923076923078
0.6393129770967966,0.746124031006306,0.6094871794871796
0.6431297709899118,0.7558139534869074,0.6837179487179487
0.6469465648830269,0.7577519379830276,0.6752564102564103
0.6297709923640086,0.7470930232543661,0.6165384615384616
0.6450381679364694,0.7548449612388473,0.6111538461538462
0.5916030534328565,0.7819767441845311,0.6111538461538462
0.6030534351122021,0.7499999999985465,0.5939743589743589
0.5687022900741653,0.7635658914713884,0.6907692307692307
0.5763358778603956,0.7596899224791479,0.6384615384615384
0.5801526717535109,0.7616279069752682,0.7571794871794872
0.5782442748069533,0.760658914727208,0.6912820512820513
0.5744274809138381,0.7587209302310878,0.6858974358974359
0.5725190839672805,0.7655038759675087,0.7715384615384616
0.5667938931276076,0.7625968992233283,0.6464102564102564
0.5706106870207229,0.7645348837194486,0.7121794871794871
0.05534351145017045,0.05329457364330757,0.33141025641025634
0.04961832061049764,0.058139534883608256,0.23076923076923078
0.05152671755705524,0.05910852713166839,0.19230769230769232
0.05725190839672805,0.05426356589136771,0.3162820512820513
0.04770992366394004,0.05717054263554812,0.28205128205128205
0.05916030534328565,0.055232558139427845,0.28846153846153844
0.5324427480895708,0.7703488372078094,0.6153846153846154
0.5305343511430133,0.7732558139519898,0.6708974358974359
0.5343511450361285,0.7713178294558696,0.5416666666666666
0.49999999999809164,0.788759689920952,0.6153846153846154
0.5381679389292436,0.7771317829442304,0.6178205128205128
0.5400763358758013,0.77422480620005,0.6
0.5362595419826861,0.7761627906961702,0.6132051282051282
0.5419847328223588,0.7751937984481101,0.6624358974358975
0.5477099236620316,0.7781007751922905,0.6666666666666666
0.6316793893105661,0.7558139534869074,0.6923076923076923
0.5782442748069533,0.7829457364325912,0.5256410256410257
0.6354961832036813,0.7538759689907871,0.690128205128205
0.6450381679364694,0.7490310077504864,0.6116666666666666
0.6603053435089301,0.7412790697660053,0.5443589743589743
0.6641221374020454,0.7393410852698851,0.5384615384615384
0.6469465648830269,0.7480620155024262,0.517051282051282
0.6622137404554878,0.7403100775179452,0.5988461538461538
0.6698473282417182,0.7364341085257046,0.4823076923076924
0.6717557251882758,0.7354651162776444,0.4791025641025642
0.6374045801502389,0.7529069767427269,0.7008974358974359
0.6393129770967966,0.7519379844946668,0.6361538461538462
0.6526717557226998,0.7451550387582458,0.5564102564102564
0.6545801526692574,0.7441860465101857,0.5796153846153845
0.6335877862571238,0.7548449612388473,0.6867948717948718
0.6564885496158149,0.7432170542621256,0.5783333333333334
0.5839694656466261,0.7800387596884107,0.6474358974358975
0.6488549618295846,0.7470930232543661,0.6224358974358974
0.6583969465623726,0.7422480620140655,0.5282051282051282
0.6412213740433541,0.7509689922466066,0.6810256410256411
0.5858778625931838,0.7790697674403506,0.6282051282051282
0.6679389312951606,0.7374031007737647,0.5266666666666666
0.6507633587761421,0.746124031006306,0.6080769230769232
0.6660305343486029,0.7383720930218248,0.5534615384615384
0.6431297709899118,0.7499999999985465,0.5384615384615384
0.5916030534328565,0.7761627906961702,0.6987179487179487
0.4713740457997276,0.7936046511612527,0.6752564102564103
0.41793893129611476,0.8129844961224555,0.5448717948717948
0.46946564885317,0.7965116279054332,0.5939743589743589
0.06679389312951606,0.021317829457323027,0.4230769230769231
0.7061068702263126,0.7248062015489829,0.5705128205128205
0.05534351145017045,0.03972868217046564,0.5448717948717948
0.03816793893115203,0.050387596899127154,0.3782051282051282
0.005725190839672805,0.041666666666585916,0.21282051282051276
0.019083969465576014,0.052325581395247435,0.21153846153846154
0.06870229007607366,0.047480620154946744,0.4248717948717949
0.07442748091574647,0.052325581395247435,0.25
0.06488549618295845,0.04554263565882647,0.34294871794871795
0.10305343511411048,0.033914728682104815,0.5705128205128205
0.08206106870197687,0.04069767441852578,0.4358974358974359
0.08587786259509207,0.04263565891464605,0.35474358974358977
0.08778625954164967,0.041666666666585916,0.41025641025641024
0.07251908396918887,0.04941860465106702,0.32051282051282054
0.06679389312951606,0.04844961240300688,0.3792307692307692
0.06297709923640085,0.04651162790688661,0.34615384615384615
0.07061068702263126,0.050387596899127154,0.4333333333333333
0.07824427480886166,0.038759689922405506,0.5641025641025641
0.041984732824267235,0.05717054263554812,0.22897435897435897
0.04007633587770963,0.058139534883608256,0.23294871794871796
0.10496183206066809,0.04263565891464605,0.34615384615384615
0.10687022900722569,0.041666666666585916,0.3942307692307692
0.09732824427443769,0.038759689922405506,0.33846153846153854
0.09351145038132248,0.04069767441852578,0.2980769230769231
0.09541984732788009,0.03972868217046564,0.3258974358974359
0.09923664122099528,0.03779069767434537,0.4358974358974359
0.08969465648820728,0.03488372093016495,0.517051282051282
0.713740458012543,0.732558139533464,0.5769230769230769
0.7080152671728702,0.7296511627892837,0.6410256410256411
0.7099236641194278,0.7306201550373438,0.6132051282051282
0.7118320610659854,0.7315891472854039,0.5897435897435898
0.7061068702263126,0.7286821705412235,0.5897435897435898
0.6946564885469669,0.7296511627892837,0.44871794871794873
0.6965648854935246,0.732558139533464,0.5634615384615385
0.6927480916004094,0.7306201550373438,0.4948717948717948
0.6851145038141789,0.7267441860451033,0.33974358974358976
0.7022900763331974,0.7335271317815242,0.5487179487179487
0.7003816793866398,0.7344961240295843,0.5675641025641025
0.6984732824400822,0.7315891472854039,0.5617948717948718
0.6889312977072942,0.7286821705412235,0.41884615384615387
0.6164122137381053,0.767441860463629,0.7073076923076923
0.5935114503794141,0.7558139534869074,0.63
0.5992366412190869,0.760658914727208,0.7723076923076923
0.6011450381656445,0.7596899224791479,0.7453846153846154
0.5916030534328565,0.7567829457349675,0.6864102564102564
0.5973282442725293,0.7616279069752682,0.8402564102564103
0.5954198473259718,0.7548449612388473,0.6111538461538462
0.6030534351122021,0.7587209302310878,0.7067948717948718
0.5896946564862989,0.7577519379830276,0.717948717948718
0.6240458015243358,0.7713178294558696,0.6923076923076923
0.6354961832036813,0.7393410852698851,0.5705128205128205
0.5553435114482621,0.7761627906961702,0.6730769230769231
0.6202290076312206,0.7470930232543661,0.6452564102564102
0.5801526717535109,0.7732558139519898,0.8828205128205128
0.6488549618295846,0.7616279069752682,0.4967948717948718
0.6545801526692574,0.7645348837194486,0.48717948717948717
0.6374045801502389,0.7403100775179452,0.5641025641025641
0.6240458015243358,0.7490310077504864,0.6228205128205128
0.5667938931276076,0.7664728682155688,0.7521794871794872
0.5687022900741653,0.767441860463629,0.7989743589743589
0.6259541984708933,0.7499999999985465,0.7037179487179487
0.6450381679364694,0.7596899224791479,0.4807692307692308
0.5706106870207229,0.7684108527116892,0.8617948717948718
0.5763358778603956,0.7713178294558696,0.8343589743589743
0.6221374045777781,0.7480620155024262,0.6808974358974359
0.6412213740433541,0.7422480620140655,0.5794871794871795
0.5515267175551468,0.77422480620005,0.6052564102564102
0.5534351145017045,0.7751937984481101,0.737948717948718
0.6183206106846629,0.746124031006306,0.7051282051282052
0.5782442748069533,0.7722868217039297,0.875
0.5725190839672805,0.7693798449597493,0.8503846153846154
0.6469465648830269,0.760658914727208,0.5384615384615384
0.6393129770967966,0.7412790697660053,0.5342307692307693
0.6526717557226998,0.7635658914713884,0.47692307692307695
0.6507633587761421,0.7625968992233283,0.5064102564102564
0.6431297709899118,0.7587209302310878,0.5128205128205128
0.03244274809147923,0.055232558139427845,0.3782051282051282
0.04580152671738244,0.058139534883608256,0.24358974358974358
0.04007633587770963,0.05910852713166839,0.26705128205128204
0.04389312977082484,0.05717054263554812,0.2564102564102564
0.09160305343476488,0.04263565891464605,0.391025641025641
0.08587786259509207,0.04360465116270619,0.379102564102564
0.10114503816755288,0.035852713178225096,0.5448717948717948
0.07442748091574647,0.04941860465106702,0.3525641025641026
0.08778625954164967,0.044573643410766334,0.3632051282051282
0.08969465648820728,0.041666666666585916,0.28205128205128205
0.07633587786230406,0.050387596899127154,0.22435897435897437
0.06870229007607366,0.04651162790688661,0.3641025641025642
0.06297709923640085,0.047480620154946744,0.38461538461538464
0.06488549618295845,0.04844961240300688,0.35987179487179477
0.07824427480886166,0.04360465116270619,0.391025641025641
0.08778625954164967,0.04069767441852578,0.44871794871794873
0.09351145038132248,0.035852713178225096,0.5619230769230769
0.08015267175541926,0.044573643410766334,0.34794871794871796
0.08206106870197687,0.041666666666585916,0.2974358974358975
0.07633587786230406,0.04651162790688661,0.4139743589743591
0.08969465648820728,0.03779069767434537,0.4807692307692308
0.07061068702263126,0.047480620154946744,0.34153846153846157
0.06297709923640085,0.05135658914718729,0.36448717948717957
0.09160305343476488,0.038759689922405506,0.46153846153846156
0.07442748091574647,0.04554263565882647,0.38782051282051283
0.08587786259509207,0.03972868217046564,0.38038461538461543
0.07251908396918887,0.04844961240300688,0.3375641025641025
0.08396946564853447,0.04263565891464605,0.3717948717948718
0.06870229007607366,0.050387596899127154,0.398974358974359
0.06679389312951606,0.04941860465106702,0.3806410256410256
0.4809160305325156,0.7974806201534933,0.559871794871795
0.026717557251806422,0.05717054263554812,0.23717948717948717
0.017175572519018415,0.05426356589136771,0.2692307692307692
0.028625954198364025,0.060077519379728536,0.22217948717948716
0.02480916030524882,0.058139534883608256,0.1987179487179487
0.019083969465576014,0.05329457364330757,0.25
0.02290076335869122,0.055232558139427845,0.27564102564102566
0.030534351144921625,0.05910852713166839,0.30128205128205127
0.020992366412133617,0.05620155038748798,0.2564102564102564
0.06297709923640085,0.05426356589136771,0.32051282051282054
0.06679389312951606,0.05620155038748798,0.27564102564102566
0.5782442748069533,0.7926356589131925,0.5512820512820513
0.5839694656466261,0.7703488372078094,0.717948717948718
0.6679389312951606,0.7432170542621256,0.5608974358974359
0.6507633587761421,0.7364341085257046,0.5897435897435898
0.5896946564862989,0.767441860463629,0.7948717948717948
0.6488549618295846,0.7412790697660053,0.5356410256410257
0.6469465648830269,0.7422480620140655,0.5376923076923077
0.6164122137381053,0.7577519379830276,0.7444871794871794
0.6221374045777781,0.7509689922466066,0.6333333333333334
0.6412213740433541,0.760658914727208,0.5256410256410257
0.6240458015243358,0.7538759689907871,0.7587179487179488
0.6259541984708933,0.7529069767427269,0.7332051282051282
0.6545801526692574,0.7383720930218248,0.5025641025641026
0.6183206106846629,0.7567829457349675,0.7355128205128205
0.6145038167915478,0.7548449612388473,0.7516666666666666
0.5916030534328565,0.7664728682155688,0.6474358974358975
0.6660305343486029,0.7441860465101857,0.6153846153846154
0.6125954198449901,0.7558139534869074,0.7317948717948718
0.6564885496158149,0.7374031007737647,0.5282051282051282
0.6431297709899118,0.7403100775179452,0.5243589743589744
0.6526717557226998,0.7354651162776444,0.483974358974359
0.6202290076312206,0.7519379844946668,0.6560256410256411
0.6450381679364694,0.7393410852698851,0.5366666666666666
0.6335877862571238,0.7645348837194486,0.5192307692307693
0.05534351145017045,0.055232558139427845,0.30128205128205127
0.05916030534328565,0.05329457364330757,0.3130769230769231
0.06106870228984325,0.05426356589136771,0.3291025641025641
0.5629770992344925,0.7616279069752682,0.657051282051282
0.5515267175551468,0.7635658914713884,0.5833333333333334
0.5648854961810501,0.760658914727208,0.6794871794871795
0.5572519083948196,0.7645348837194486,0.6644871794871795
0.5782442748069533,0.7538759689907871,0.7115384615384616
0.5916030534328565,0.7432170542621256,0.7564102564102564
0.5553435114482621,0.7655038759675087,0.685
0.009541984732788007,0.04360465116270619,0.2692307692307692
0.003816793893115203,0.04069767441852578,0.23717948717948717
0.019083969465576014,0.04844961240300688,0.30128205128205127
0.5973282442725293,0.7596899224791479,0.738076923076923
0.5916030534328565,0.7548449612388473,0.6452564102564102
0.6049618320587598,0.7635658914713884,0.7307692307692307
0.5935114503794141,0.7577519379830276,0.7512820512820512
0.5954198473259718,0.7567829457349675,0.6675641025641025
0.5992366412190869,0.7587209302310878,0.7214102564102564
0.6011450381656445,0.7616279069752682,0.7707692307692309
0.6030534351122021,0.760658914727208,0.7721794871794873
0.5896946564862989,0.7558139534869074,0.6941025641025641
0.5858778625931838,0.7538759689907871,0.6752564102564103
0.5687022900741653,0.7722868217039297,0.6974358974358975
0.6374045801502389,0.7374031007737647,0.5128205128205128
0.6316793893105661,0.7403100775179452,0.48717948717948717
0.6354961832036813,0.7383720930218248,0.5192307692307693
0.5801526717535109,0.7664728682155688,0.8508974358974359
0.5725190839672805,0.7703488372078094,0.7564102564102564
0.6125954198449901,0.7499999999985465,0.5641025641025641
0.5706106870207229,0.7713178294558696,0.6965384615384616
0.6488549618295846,0.7625968992233283,0.44871794871794873
0.6183206106846629,0.7470930232543661,0.6346153846153846
0.5782442748069533,0.767441860463629,0.8796153846153846
0.5744274809138381,0.7693798449597493,0.8461538461538461
0.6507633587761421,0.7616279069752682,0.5128205128205128
0.6469465648830269,0.7635658914713884,0.5128205128205128
0.6202290076312206,0.746124031006306,0.6730769230769231
0.5763358778603956,0.7684108527116892,0.8701282051282052
0.6297709923640086,0.7412790697660053,0.48717948717948717
0.6164122137381053,0.7480620155024262,0.6128205128205128
0.6221374045777781,0.7451550387582458,0.6076923076923078
0.6259541984708933,0.7432170542621256,0.6602564102564102
0.6145038167915478,0.7490310077504864,0.5897435897435898
0.02480916030524882,0.0668604651161495,0.2724358974358974
0.020992366412133617,0.06104651162778867,0.24358974358974358
0.02290076335869122,0.06201550387584881,0.1987179487179487
0.10496183206066809,0.06395348837196908,0.1794871794871795
0.40267175572365393,0.8178294573627561,0.5192307692307693
0.4866412213721884,0.7906976744170723,0.6025641025641025
0.4751908396928428,0.7965116279054332,0.6025641025641025
0.40839694656332676,0.8149224806185758,0.4230769230769231
0.4770992366394004,0.795542635657373,0.5769230769230769
0.9961832061030681,0.9970930232538816,0.48717948717948717
0.40648854961676917,0.8158914728666359,0.5726923076923077
0.479007633585958,0.7945736434093129,0.5737179487179487
0.06297709923640085,0.05329457364330757,0.3782051282051282
0.06870229007607366,0.05620155038748798,0.27564102564102566
0.04389312977082484,0.05620155038748798,0.2606410256410256
0.03625954198459443,0.060077519379728536,0.22756410256410256
0.03816793893115203,0.05910852713166839,0.2564102564102564
0.03244274809147923,0.058139534883608256,0.235
0.04580152671738244,0.055232558139427845,0.3149999999999999
0.08969465648820728,0.038759689922405506,0.39230769230769225
0.08206106870197687,0.04263565891464605,0.3919230769230768
0.09351145038132248,0.03682170542628523,0.47435897435897434
0.08015267175541926,0.04360465116270619,0.358974358974359
0.06297709923640085,0.052325581395247435,0.34833333333333333
0.06488549618295845,0.05135658914718729,0.38038461538461543
0.07061068702263126,0.04844961240300688,0.36448717948717957
0.06870229007607366,0.04941860465106702,0.3375641025641025
0.07442748091574647,0.04651162790688661,0.3258974358974359
0.07633587786230406,0.04554263565882647,0.35089743589743594
0.07824427480886166,0.044573643410766334,0.375
0.08587786259509207,0.04069767441852578,0.3828205128205128
0.06679389312951606,0.050387596899127154,0.3974358974358974
0.07251908396918887,0.047480620154946744,0.33551282051282055
0.08396946564853447,0.041666666666585916,0.3974358974358974
0.08778625954164967,0.03972868217046564,0.3897435897435898
0.5286259541964556,0.7829457364325912,0.6820512820512821
0.6641221374020454,0.7335271317815242,0.42948717948717946
0.6717557251882758,0.7296511627892837,0.4807692307692308
0.6622137404554878,0.7344961240295843,0.532051282051282
0.5954198473259718,0.7664728682155688,0.7948717948717948
0.6641221374020454,0.7470930232543661,0.5042307692307693
0.6106870228984325,0.77422480620005,0.7564102564102564
0.6297709923640086,0.7645348837194486,0.5128205128205128
0.6526717557226998,0.7374031007737647,0.5096153846153846
0.6469465648830269,0.7403100775179452,0.5612820512820513
0.6450381679364694,0.7412790697660053,0.6025641025641025
0.6125954198449901,0.7577519379830276,0.7496153846153846
0.6240458015243358,0.7519379844946668,0.7353846153846154
0.6488549618295846,0.7393410852698851,0.5582051282051282
0.6412213740433541,0.7587209302310878,0.48717948717948717
0.6507633587761421,0.7383720930218248,0.5421794871794873
0.6145038167915478,0.7567829457349675,0.7792307692307693
0.6221374045777781,0.7529069767427269,0.748974358974359
0.6183206106846629,0.7548449612388473,0.8024358974358975
0.6202290076312206,0.7538759689907871,0.7280769230769232
0.5858778625931838,0.7713178294558696,0.6602564102564102
0.6431297709899118,0.7422480620140655,0.5555128205128205
0.6164122137381053,0.7558139534869074,0.747051282051282
0.5782442748069533,0.7906976744170723,0.41025641025641024
0.5820610687000685,0.7732558139519898,0.7660256410256411
0.6545801526692574,0.7364341085257046,0.47987179487179493
0.6259541984708933,0.7509689922466066,0.7778205128205128
0.6564885496158149,0.7354651162776444,0.5014102564102564
0.6393129770967966,0.7596899224791479,0.5769230769230769
0.5305343511430133,0.7713178294558696,0.6602564102564102
0.5419847328223588,0.7771317829442304,0.6629487179487179
0.5438931297689165,0.7781007751922905,0.6714102564102564
0.5381679389292436,0.7751937984481101,0.5946153846153845
0.5400763358758013,0.7761627906961702,0.6516666666666666
0.5362595419826861,0.77422480620005,0.6205128205128206
0.5324427480895708,0.7722868217039297,0.5961538461538461
0.07633587786230406,0.03682170542628523,0.36538461538461536
0.5648854961810501,0.7625968992233283,0.6424358974358975
0.5629770992344925,0.7635658914713884,0.6826923076923077
0.5591603053413773,0.7655038759675087,0.6656410256410257
0.5610687022879349,0.7645348837194486,0.633076923076923
0.5877862595397413,0.7519379844946668,0.5833333333333334
0.6087786259518749,0.7625968992233283,0.717948717948718
0.5992366412190869,0.7616279069752682,0.7764102564102564
0.5954198473259718,0.7558139534869074,0.6629487179487179
0.5973282442725293,0.760658914727208,0.7875641025641027
0.6011450381656445,0.7587209302310878,0.7507692307692307
0.5916030534328565,0.7577519379830276,0.7225641025641025
0.6030534351122021,0.7596899224791479,0.7578205128205128
0.5896946564862989,0.7567829457349675,0.6483333333333332
0.5935114503794141,0.7548449612388473,0.5234615384615384
0.09541984732788009,0.050387596899127154,0.28205128205128205
0.42938931297546035,0.8081395348821547,0.6282051282051282
0.6774809160279486,0.7422480620140655,0.4358974358974359
0.6793893129745062,0.7412790697660053,0.5
0.6832061068676214,0.7354651162776444,0.5178205128205128
0.6812977099210638,0.7364341085257046,0.4943589743589744
0.6870229007607366,0.7374031007737647,0.5307692307692309
0.6851145038141789,0.7383720930218248,0.5576923076923077
0.6755725190813909,0.7393410852698851,0.5826923076923077
0.6736641221348334,0.7403100775179452,0.6153846153846154
0.704198473279755,0.7354651162776444,0.3974358974358974
0.6564885496158149,0.7344961240295843,0.5448717948717948
0.6545801526692574,0.7335271317815242,0.5064102564102564
0.5362595419826861,0.7819767441845311,0.717948717948718
0.5973282442725293,0.7558139534869074,0.6871794871794871
0.6087786259518749,0.7538759689907871,0.6165384615384616
0.6030534351122021,0.7567829457349675,0.7141025641025641
0.5820610687000685,0.7635658914713884,0.7955128205128205
0.5877862595397413,0.7645348837194486,0.8444871794871796
0.6068702290053173,0.7509689922466066,0.5705128205128205
0.5839694656466261,0.7625968992233283,0.7875641025641027
0.6106870228984325,0.7529069767427269,0.5683333333333334
0.5896946564862989,0.7596899224791479,0.7585897435897436
0.6011450381656445,0.7577519379830276,0.7335897435897436
0.6374045801502389,0.7664728682155688,0.46153846153846156
0.5858778625931838,0.7655038759675087,0.7958974358974359
0.5935114503794141,0.7616279069752682,0.8105128205128205
0.6049618320587598,0.7519379844946668,0.5961538461538461
0.5992366412190869,0.7548449612388473,0.6602564102564102
0.5916030534328565,0.7587209302310878,0.7207692307692307
0.5954198473259718,0.760658914727208,0.7558974358974359
0.015267175572460812,0.04941860465106702,0.20512820512820512
0.017175572519018415,0.052325581395247435,0.24358974358974358
0.08396946564853447,0.03779069767434537,0.5384615384615384
0.08969465648820728,0.04263565891464605,0.3974358974358974
0.08778625954164967,0.04360465116270619,0.4230769230769231
0.06870229007607366,0.04554263565882647,0.36448717948717957
0.07633587786230406,0.04941860465106702,0.3675641025641026
0.07442748091574647,0.050387596899127154,0.33974358974358976
0.06297709923640085,0.04844961240300688,0.34769230769230774
0.06488549618295845,0.047480620154946744,0.41025641025641024
0.06679389312951606,0.04651162790688661,0.33846153846153854
0.10687022900722569,0.033914728682104815,0.44871794871794873
0.09160305343476488,0.041666666666585916,0.3871794871794872
0.02480916030524882,0.055232558139427845,0.2564102564102564
0.02290076335869122,0.058139534883608256,0.2384615384615384
0.020992366412133617,0.05717054263554812,0.23935897435897438
0.08015267175541926,0.05135658914718729,0.32051282051282054
0.08206106870197687,0.050387596899127154,0.3333333333333333
0.07824427480886166,0.052325581395247435,0.28846153846153844
0.06488549618295845,0.04360465116270619,0.36538461538461536
0.10496183206066809,0.04069767441852578,0.33653846153846156
0.09541984732788009,0.041666666666585916,0.32051282051282054
0.10687022900722569,0.03972868217046564,0.3141025641025641
0.10114503816755288,0.038759689922405506,0.44448717948717953
0.09160305343476488,0.03972868217046564,0.3162820512820513
0.07442748091574647,0.04844961240300688,0.3573076923076924
0.06297709923640085,0.050387596899127154,0.33730769230769236
0.08396946564853447,0.04360465116270619,0.3717948717948718
0.09923664122099528,0.035852713178225096,0.4358974358974359
0.09541984732788009,0.033914728682104815,0.4358974358974359
0.09732824427443769,0.03682170542628523,0.39230769230769225
0.09351145038132248,0.03488372093016495,0.5192307692307693
0.08206106870197687,0.044573643410766334,0.367948717948718
0.06488549618295845,0.04941860465106702,0.39
0.08969465648820728,0.04069767441852578,0.40064102564102566
0.08015267175541926,0.041666666666585916,0.4358974358974359
0.07061068702263126,0.04651162790688661,0.3867948717948718
0.07824427480886166,0.04263565891464605,0.3814102564102564
0.07251908396918887,0.04554263565882647,0.4358974358974359
0.07633587786230406,0.047480620154946744,0.3897435897435898
0.08778625954164967,0.03779069767434537,0.38461538461538464
0.08587786259509207,0.038759689922405506,0.3974358974358974
0.013358778625903211,0.04844961240300688,0.2692307692307692
0.6450381679364694,0.732558139533464,0.5192307692307693
0.6622137404554878,0.7257751937970431,0.5384615384615384
0.6488549618295846,0.7344961240295843,0.5470512820512821
0.4732824427462852,0.7965116279054332,0.5801282051282052
0.41603053434955717,0.8139534883705156,0.623974358974359
0.46946564885317,0.7945736434093129,0.5983333333333334
0.4713740457997276,0.795542635657373,0.6153846153846154
0.4141221374029995,0.8129844961224555,0.5224358974358975
0.08969465648820728,0.035852713178225096,0.5961538461538461
0.09351145038132248,0.03779069767434537,0.46153846153846156
0.09923664122099528,0.04069767441852578,0.3076923076923077
0.09541984732788009,0.038759689922405506,0.43205128205128207
0.09732824427443769,0.03972868217046564,0.34615384615384615
0.10496183206066809,0.04360465116270619,0.358974358974359
0.06870229007607366,0.025193798449563577,0.4423076923076923
0.5916030534328565,0.7839147286806514,0.5448717948717948
0.6374045801502389,0.7451550387582458,0.5993589743589743
0.5572519083948196,0.7703488372078094,0.7625641025641026
0.5534351145017045,0.7722868217039297,0.6862820512820513
0.5553435114482621,0.7713178294558696,0.7162820512820514
0.5515267175551468,0.7732558139519898,0.7185897435897436
0.5629770992344925,0.767441860463629,0.7756410256410257
0.5610687022879349,0.7684108527116892,0.7211538461538461
0.6335877862571238,0.7470930232543661,0.623974358974359
0.6297709923640086,0.7490310077504864,0.6965384615384616
0.5858778625931838,0.7868217054248318,0.4893589743589744
0.5801526717535109,0.77422480620005,0.6282051282051282
0.5648854961810501,0.7664728682155688,0.7756410256410257
0.6278625954174509,0.7499999999985465,0.6605128205128205
0.6316793893105661,0.7480620155024262,0.6153846153846154
0.6354961832036813,0.746124031006306,0.5466666666666666
0.6412213740433541,0.7432170542621256,0.5820512820512821
0.6393129770967966,0.7441860465101857,0.5932051282051282
0.5591603053413773,0.7693798449597493,0.7835897435897436
0.6450381679364694,0.7567829457349675,0.5769230769230769
0.04961832061049764,0.052325581395247435,0.265
0.04770992366394004,0.05135658914718729,0.2948717948717949
0.02480916030524882,0.06589147286808936,0.25
0.5572519083948196,0.7635658914713884,0.6452564102564102
0.5515267175551468,0.7645348837194486,0.6538461538461539
0.5534351145017045,0.7655038759675087,0.6794871794871795
0.5324427480895708,0.7732558139519898,0.6314102564102564
0.5458015267154741,0.7781007751922905,0.782051282051282
0.5305343511430133,0.7703488372078094,0.6067948717948718
0.5381679389292436,0.77422480620005,0.5961538461538461
0.5400763358758013,0.7771317829442304,0.6224358974358974
0.49809160305153405,0.7868217054248318,0.6794871794871795
0.4942748091584188,0.7848837209287115,0.5961538461538461
0.5438931297689165,0.7790697674403506,0.6837179487179487
0.5419847328223588,0.7761627906961702,0.6764102564102564
0.49999999999809164,0.7858527131767716,0.6474358974358975
0.5343511450361285,0.7722868217039297,0.6378205128205128
0.5362595419826861,0.7751937984481101,0.6442307692307693
0.08587786259509207,0.03294573643404468,0.5
0.09351145038132248,0.044573643410766334,0.391025641025641
0.10496183206066809,0.038759689922405506,0.2692307692307692
0.10114503816755288,0.04069767441852578,0.32051282051282054
0.09732824427443769,0.04263565891464605,0.33846153846153854
0.07824427480886166,0.03682170542628523,0.3557692307692308
0.09923664122099528,0.041666666666585916,0.4935897435897436
0.05916030534328565,0.052325581395247435,0.28846153846153844
0.06106870228984325,0.05135658914718729,0.3269230769230769
0.05534351145017045,0.050387596899127154,0.36538461538461536
0.05725190839672805,0.04941860465106702,0.32051282051282054
0.5877862595397413,0.7538759689907871,0.6410256410256411
0.5992366412190869,0.7596899224791479,0.7703846153846154
0.5896946564862989,0.7548449612388473,0.735
0.5916030534328565,0.7558139534869074,0.6351282051282052
0.6049618320587598,0.7625968992233283,0.8230769230769232
0.5954198473259718,0.7577519379830276,0.6776923076923077
0.6030534351122021,0.7616279069752682,0.7970512820512821
0.6011450381656445,0.760658914727208,0.7784615384615384
0.5935114503794141,0.7567829457349675,0.6697435897435897
0.5973282442725293,0.7587209302310878,0.7412820512820512
0.06870229007607366,0.023255813953443304,0.3974358974358974
0.08587786259509207,0.035852713178225096,0.5897435897435898
0.08778625954164967,0.03682170542628523,0.5705128205128205
0.10496183206066809,0.041666666666585916,0.34192307692307694
0.09732824427443769,0.03779069767434537,0.41025641025641024
0.09541984732788009,0.04069767441852578,0.37461538461538463
0.08969465648820728,0.033914728682104815,0.46153846153846156
0.09923664122099528,0.038759689922405506,0.3974358974358974
0.09351145038132248,0.03972868217046564,0.4384615384615385
0.05725190839672805,0.04263565891464605,0.26282051282051283
0.06106870228984325,0.044573643410766334,0.33974358974358976
0.7022900763331974,0.7354651162776444,0.46371794871794875
0.5706106870207229,0.7596899224791479,0.5961538461538461
0.6106870228984325,0.7470930232543661,0.5641025641025641
0.5667938931276076,0.7616279069752682,0.7282051282051282
0.5687022900741653,0.760658914727208,0.6837179487179487
0.5725190839672805,0.7587209302310878,0.7115384615384616
0.1183206106865713,0.5009689922470911,0.4914102564102564
0.5801526717535109,0.7625968992233283,0.7384615384615384
0.5763358778603956,0.7645348837194486,0.7582051282051282
0.5782442748069533,0.7635658914713884,0.8157692307692307
0.5896946564862989,0.7422480620140655,0.7862820512820513
0.6049618320587598,0.7499999999985465,0.6965384615384616
0.6087786259518749,0.7480620155024262,0.6346153846153846
0.5744274809138381,0.7655038759675087,0.8205128205128205
0.4751908396928428,0.7926356589131925,0.5961538461538461
0.40076335877709635,0.8149224806185758,0.5512820512820513
0.4847328244256308,0.795542635657373,0.6496153846153846
0.5362595419826861,0.7722868217039297,0.6025641025641025
0.49809160305153405,0.7916666666651324,0.7948717948717948
0.5305343511430133,0.7771317829442304,0.6337179487179488
0.5286259541964556,0.7761627906961702,0.6153846153846154
0.5095419847308796,0.7858527131767716,0.6923076923076923
0.5496183206085893,0.767441860463629,0.6596153846153846
0.5438931297689165,0.7684108527116892,0.5683333333333334
0.5381679389292436,0.7732558139519898,0.7008974358974359
0.5057251908377645,0.7877906976728919,0.7628205128205128
0.5458015267154741,0.7693798449597493,0.5897435897435898
0.5343511450361285,0.7751937984481101,0.6282051282051282
0.5419847328223588,0.7713178294558696,0.6730769230769231
0.5038167938912068,0.7906976744170723,0.6923076923076923
0.5400763358758013,0.7703488372078094,0.6282051282051282
0.5114503816774373,0.7868217054248318,0.6025641025641025
0.5477099236620316,0.7664728682155688,0.6089743589743589
0.526717557249898,0.7790697674403506,0.586923076923077
0.5305343511430133,0.7829457364325912,0.6025641025641025
0.6622137404554878,0.7335271317815242,0.4807692307692308
0.6641221374020454,0.7344961240295843,0.5589743589743589
0.5954198473259718,0.7693798449597493,0.5961538461538461
0.6412213740433541,0.7616279069752682,0.48717948717948717
0.6660305343486029,0.7432170542621256,0.5801282051282052
0.5839694656466261,0.7713178294558696,0.9230769230769231
0.6183206106846629,0.7577519379830276,0.7325641025641025
0.6316793893105661,0.7645348837194486,0.5192307692307693
0.6278625954174509,0.7625968992233283,0.4935897435897436
0.6335877862571238,0.7655038759675087,0.5641025641025641
0.6469465648830269,0.7412790697660053,0.5491025641025641
0.6240458015243358,0.7529069767427269,0.7597435897435898
0.6259541984708933,0.7538759689907871,0.7611538461538462
0.6164122137381053,0.7567829457349675,0.783076923076923
0.6488549618295846,0.7422480620140655,0.5242307692307693
0.6221374045777781,0.7519379844946668,0.7339743589743589
0.6545801526692574,0.7374031007737647,0.5053846153846154
0.6125954198449901,0.7548449612388473,0.7258974358974359
0.6145038167915478,0.7558139534869074,0.7089743589743589
0.5820610687000685,0.7703488372078094,0.6752564102564103
0.6526717557226998,0.7364341085257046,0.5480769230769231
0.6564885496158149,0.7383720930218248,0.45051282051282054
0.6202290076312206,0.7509689922466066,0.6617948717948718
0.5763358778603956,0.7906976744170723,0.40384615384615385
0.6450381679364694,0.7403100775179452,0.5666666666666667
0.5992366412190869,0.7790697674403506,0.6923076923076923
0.6431297709899118,0.7393410852698851,0.5512820512820513
0.713740458012543,0.7286821705412235,0.6752564102564103
0.7061068702263126,0.732558139533464,0.6073076923076923
0.704198473279755,0.7315891472854039,0.5912820512820514
0.7118320610659854,0.7277131782931634,0.6217948717948718
0.7080152671728702,0.7335271317815242,0.5426923076923077
0.07824427480886166,0.05135658914718729,0.23717948717948717
0.019083969465576014,0.05910852713166839,0.23717948717948717
0.020992366412133617,0.058139534883608256,0.1987179487179487
0.02290076335869122,0.05717054263554812,0.20692307692307693
0.003816793893115203,0.038759689922405506,0.20769230769230773
0.007633587786230406,0.04069767441852578,0.22217948717948716
0.005725190839672805,0.03972868217046564,0.2906410256410257
0.02480916030524882,0.04941860465106702,0.30128205128205127
0.0,0.038759689922405506,0.3141025641025641
0.053435114503612845,0.0009689922480601377,0.4326923076923077
0.6927480916004094,0.7354651162776444,0.5352564102564102
0.6889312977072942,0.7374031007737647,0.5694871794871795
0.6946564885469669,0.7364341085257046,0.5256410256410257
0.5687022900741653,0.7761627906961702,0.4358974358974359
0.5591603053413773,0.7732558139519898,0.782051282051282
0.5858778625931838,0.7829457364325912,0.5256410256410257
0.6316793893105661,0.7441860465101857,0.658076923076923
0.5706106870207229,0.7751937984481101,0.4458974358974359
0.6297709923640086,0.7451550387582458,0.6333333333333334
0.5534351145017045,0.7684108527116892,0.7153846153846154
0.5629770992344925,0.7713178294558696,0.8137179487179487
0.6393129770967966,0.7480620155024262,0.6383333333333334
0.5610687022879349,0.7722868217039297,0.8129487179487179
0.6412213740433541,0.7470930232543661,0.6123076923076923
0.5839694656466261,0.7839147286806514,0.5365384615384615
0.5877862595397413,0.7819767441845311,0.6826923076923077
0.6431297709899118,0.7538759689907871,0.6717948717948719
0.6278625954174509,0.746124031006306,0.5737179487179487
0.6374045801502389,0.7490310077504864,0.6498717948717948
0.5553435114482621,0.767441860463629,0.7123076923076923
0.5648854961810501,0.7703488372078094,0.8052564102564103
0.5572519083948196,0.7664728682155688,0.6674358974358975
0.5515267175551468,0.7693798449597493,0.6897435897435897
0.6354961832036813,0.7499999999985465,0.6355128205128204
0.5820610687000685,0.7848837209287115,0.5439743589743591
0.6335877862571238,0.7432170542621256,0.5871794871794871
0.5725190839672805,0.77422480620005,0.5683333333333334
0.6946564885469669,0.7286821705412235,0.46153846153846156
0.7003816793866398,0.7315891472854039,0.5851282051282052
0.6889312977072942,0.7296511627892837,0.44551282051282054
0.6927480916004094,0.7277131782931634,0.47858974358974354
0.6965648854935246,0.7335271317815242,0.5655128205128205
0.6984732824400822,0.7344961240295843,0.57
0.7022900763331974,0.732558139533464,0.5820512820512821
0.6583969465623726,0.746124031006306,0.5256410256410257
0.6431297709899118,0.7383720930218248,0.5384615384615384
0.6488549618295846,0.7354651162776444,0.4423076923076923
0.6259541984708933,0.7548449612388473,0.7467948717948718
0.5935114503794141,0.7713178294558696,0.8012820512820513
0.5839694656466261,0.7684108527116892,0.717948717948718
0.5916030534328565,0.7722868217039297,0.9641025641025641
0.5896946564862989,0.7732558139519898,0.9871794871794872
0.6030534351122021,0.77422480620005,0.9935897435897436
0.6450381679364694,0.7374031007737647,0.5683333333333334
0.6622137404554878,0.7441860465101857,0.5576923076923077
0.6564885496158149,0.7393410852698851,0.5139743589743591
0.6125954198449901,0.7538759689907871,0.6333333333333334
0.6641221374020454,0.7432170542621256,0.5624358974358975
0.6545801526692574,0.7403100775179452,0.47333333333333333
0.6221374045777781,0.7567829457349675,0.7673076923076922
0.6354961832036813,0.7655038759675087,0.532051282051282
0.6507633587761421,0.7422480620140655,0.5603846153846153
0.6202290076312206,0.7577519379830276,0.765
0.6164122137381053,0.7519379844946668,0.6923076923076923
0.6603053435089301,0.7451550387582458,0.5726923076923077
0.5877862595397413,0.7664728682155688,0.7862820512820513
0.6240458015243358,0.7558139534869074,0.7115384615384616
0.6526717557226998,0.7412790697660053,0.46435897435897433
0.6183206106846629,0.7509689922466066,0.5923076923076923
0.6145038167915478,0.7529069767427269,0.594871794871795
0.5820610687000685,0.7693798449597493,0.6067948717948718
0.07633587786230406,0.052325581395247435,0.24358974358974358
0.07824427480886166,0.03779069767434537,0.42948717948717946
0.08969465648820728,0.04360465116270619,0.28525641025641024
0.08396946564853447,0.04069767441852578,0.4316666666666667
0.10305343511411048,0.03488372093016495,0.4935897435897436
0.06679389312951606,0.047480620154946744,0.33974358974358976
0.06870229007607366,0.04844961240300688,0.3541025641025642
0.08206106870197687,0.03972868217046564,0.36538461538461536
0.07251908396918887,0.050387596899127154,0.40064102564102566
0.10496183206066809,0.035852713178225096,0.46794871794871795
0.07442748091574647,0.05135658914718729,0.1282051282051282
0.07061068702263126,0.04941860465106702,0.3737179487179488
0.06297709923640085,0.04554263565882647,0.3717948717948718
0.08587786259509207,0.041666666666585916,0.46153846153846156
0.10877862595378329,0.038759689922405506,0.4166666666666667
0.015267175572460812,0.05329457364330757,0.2734615384615384
0.019083969465576014,0.0668604651161495,0.2692307692307692
0.013358778625903211,0.05426356589136771,0.20512820512820512
0.026717557251806422,0.06298449612390894,0.27564102564102566
0.030534351144921625,0.06104651162778867,0.2547435897435898
0.028625954198364025,0.06201550387584881,0.21064102564102574
0.6908396946538518,0.7364341085257046,0.5338461538461539
0.6889312977072942,0.7354651162776444,0.5397435897435897
0.5801526717535109,0.7839147286806514,0.40384615384615385
0.6545801526692574,0.746124031006306,0.5564102564102564
0.6278625954174509,0.7558139534869074,0.7221794871794872
0.5916030534328565,0.77422480620005,0.8589743589743589
0.6297709923640086,0.7548449612388473,0.8076923076923077
0.6354961832036813,0.7519379844946668,0.711923076923077
0.6374045801502389,0.7509689922466066,0.6756410256410257
0.6431297709899118,0.7480620155024262,0.6485897435897436
0.6660305343486029,0.7364341085257046,0.4474358974358975
0.6221374045777781,0.7587209302310878,0.7628205128205128
0.6412213740433541,0.7529069767427269,0.7051282051282052
0.6564885496158149,0.7451550387582458,0.5760256410256411
0.6526717557226998,0.7432170542621256,0.5414102564102564
0.6641221374020454,0.7412790697660053,0.5701282051282052
0.5858778625931838,0.781007751936471,0.658076923076923
0.6450381679364694,0.7470930232543661,0.6434615384615384
0.6679389312951606,0.7354651162776444,0.47141025641025636
0.6603053435089301,0.7393410852698851,0.5012820512820512
0.6698473282417182,0.7383720930218248,0.5555128205128205
0.6622137404554878,0.7422480620140655,0.5821794871794871
0.6717557251882758,0.7374031007737647,0.5071794871794872
0.6335877862571238,0.7567829457349675,0.6820512820512821
0.6583969465623726,0.7403100775179452,0.5487179487179487
0.5839694656466261,0.7781007751922905,0.6897435897435897
0.6507633587761421,0.7441860465101857,0.5156410256410257
0.5877862595397413,0.7800387596884107,0.6908974358974359
0.5935114503794141,0.7771317829442304,0.717948717948718
0.6030534351122021,0.7655038759675087,0.8333333333333334
0.5820610687000685,0.7548449612388473,0.7115384615384616
0.5935114503794141,0.7529069767427269,0.6282051282051282
0.5973282442725293,0.7625968992233283,0.762051282051282
0.5992366412190869,0.7635658914713884,0.8012820512820513
0.5839694656466261,0.7558139534869074,0.6392307692307693
0.6087786259518749,0.760658914727208,0.6794871794871795
0.5916030534328565,0.7519379844946668,0.5811538461538461
0.5954198473259718,0.7538759689907871,0.6307692307692309
0.6068702290053173,0.7596899224791479,0.7715384615384616
0.5877862595397413,0.7577519379830276,0.6367948717948718
0.5858778625931838,0.7567829457349675,0.652948717948718
0.6049618320587598,0.7587209302310878,0.7582051282051282
0.6145038167915478,0.7713178294558696,0.7193589743589743
0.5801526717535109,0.7596899224791479,0.6584615384615384
0.5706106870207229,0.7625968992233283,0.6885897435897436
0.6545801526692574,0.7664728682155688,0.4358974358974359
0.5725190839672805,0.7635658914713884,0.6837179487179487
0.5687022900741653,0.7655038759675087,0.8125641025641025
0.5667938931276076,0.7645348837194486,0.7396153846153846
0.5782442748069533,0.7587209302310878,0.6526923076923077
0.5763358778603956,0.7616279069752682,0.7042307692307693
0.5744274809138381,0.760658914727208,0.6803846153846153
0.6354961832036813,0.7558139534869074,0.5897435897435898
0.6412213740433541,0.7567829457349675,0.5480769230769231
0.5896946564862989,0.7790697674403506,0.5705128205128205
0.5839694656466261,0.77422480620005,0.7051282051282052
0.6603053435089301,0.7354651162776444,0.4551282051282051
0.6526717557226998,0.7470930232543661,0.5769230769230769
0.6583969465623726,0.7364341085257046,0.511025641025641
0.6106870228984325,0.7722868217039297,0.8141025641025641
0.6450381679364694,0.7432170542621256,0.5237179487179486
0.6641221374020454,0.7374031007737647,0.4841025641025642
0.6297709923640086,0.7509689922466066,0.7307692307692307
0.6469465648830269,0.746124031006306,0.5961538461538461
0.6698473282417182,0.7422480620140655,0.5875641025641025
0.6717557251882758,0.7412790697660053,0.5939743589743589
0.6374045801502389,0.7548449612388473,0.7008974358974359
0.6278625954174509,0.7519379844946668,0.7194871794871796
0.6679389312951606,0.7393410852698851,0.6083333333333334
0.6507633587761421,0.7480620155024262,0.5961538461538461
0.6393129770967966,0.7577519379830276,0.6153846153846154
0.6660305343486029,0.7403100775179452,0.5789743589743589
0.6335877862571238,0.7529069767427269,0.7051282051282052
0.6488549618295846,0.7451550387582458,0.5665384615384615
0.5782442748069533,0.788759689920952,0.6025641025641025
0.5820610687000685,0.7751937984481101,0.8365384615384616
0.6316793893105661,0.7538759689907871,0.7133333333333334
0.6431297709899118,0.7441860465101857,0.5452564102564103
0.5744274809138381,0.7868217054248318,0.4935897435897436
0.6622137404554878,0.7383720930218248,0.4630769230769231
0.5954198473259718,0.7800387596884107,0.7051282051282052
0.5916030534328565,0.7781007751922905,0.7435897435897436
0.6125954198449901,0.7596899224791479,0.8301282051282052
0.6851145038141789,0.7306201550373438,0.4198717948717949
0.6870229007607366,0.7296511627892837,0.4273076923076923
0.6774809160279486,0.7344961240295843,0.5012820512820512
0.6793893129745062,0.7335271317815242,0.44294871794871793
0.6755725190813909,0.7315891472854039,0.5214102564102564
0.6736641221348334,0.732558139533464,0.47115384615384615
0.6812977099210638,0.7286821705412235,0.5897435897435898
0.003816793893115203,0.041666666666585916,0.17307692307692307
0.10305343511411048,0.004844961240300688,0.5256410256410257
0.020992366412133617,0.060077519379728536,0.21153846153846154
0.02290076335869122,0.05910852713166839,0.2564102564102564
0.019083969465576014,0.05717054263554812,0.1794871794871795
0.6889312977072942,0.7364341085257046,0.5483333333333332
0.6908396946538518,0.7354651162776444,0.5467948717948719
0.6793893129745062,0.7383720930218248,0.5680769230769231
0.6832061068676214,0.7403100775179452,0.5183333333333334
0.6774809160279486,0.7374031007737647,0.5057692307692309
0.6812977099210638,0.7393410852698851,0.5873076923076923
0.6736641221348334,0.7354651162776444,0.5142307692307693
0.6755725190813909,0.7364341085257046,0.559871794871795
0.5858778625931838,0.7548449612388473,0.8269230769230769
0.6164122137381053,0.7703488372078094,0.6923076923076923
0.6049618320587598,0.760658914727208,0.7852564102564102
0.5916030534328565,0.7538759689907871,0.6226923076923077
0.6030534351122021,0.7635658914713884,0.8846153846153846
0.6106870228984325,0.7596899224791479,0.7884615384615384
0.5877862595397413,0.7558139534869074,0.6575641025641027
0.6068702290053173,0.7616279069752682,0.6708974358974359
0.5992366412190869,0.7655038759675087,0.717948717948718
0.5839694656466261,0.7577519379830276,0.5880769230769232
0.5973282442725293,0.7645348837194486,0.75
0.6259541984708933,0.767441860463629,0.5705128205128205
0.6011450381656445,0.7625968992233283,0.7265384615384616
0.6087786259518749,0.7587209302310878,0.7265384615384616
0.5820610687000685,0.7567829457349675,0.6128205128205128
0.6965648854935246,0.7374031007737647,0.4914102564102564
0.7003816793866398,0.7354651162776444,0.4641025641025641
0.7080152671728702,0.732558139533464,0.625
0.7156488549591006,0.7286821705412235,0.6282051282051282
0.704198473279755,0.7344961240295843,0.5085897435897436
0.713740458012543,0.7296511627892837,0.6858974358974359
0.7118320610659854,0.7306201550373438,0.6624358974358975
0.7175572519056582,0.7277131782931634,0.6089743589743589
0.7061068702263126,0.7335271317815242,0.592948717948718
0.053435114503612845,0.0,0.4166666666666667
0.479007633585958,0.7994186046496136,0.47435897435897434
0.4770992366394004,0.7984496124015534,0.6410256410256411
0.4751908396928428,0.7974806201534933,0.5426923076923077
0.5763358778603956,0.7558139534869074,0.6346153846153846
0.5629770992344925,0.7645348837194486,0.6908974358974359
0.5648854961810501,0.7655038759675087,0.7330769230769232
0.5610687022879349,0.7635658914713884,0.6666666666666666
0.5591603053413773,0.7625968992233283,0.6128205128205128
0.5801526717535109,0.7577519379830276,0.6282051282051282
0.0,0.0697674418603299,0.23717948717948717
0.7118320610659854,0.7267441860451033,0.5961538461538461
0.0,0.04360465116270619,0.28846153846153844
0.46946564885317,0.795542635657373,0.6333333333333334
0.5324427480895708,0.781007751936471,0.6858974358974359
0.5343511450361285,0.7800387596884107,0.6717948717948719
0.5419847328223588,0.7684108527116892,0.5983333333333334
0.5286259541964556,0.7790697674403506,0.636025641025641
0.5496183206085893,0.7722868217039297,0.6978205128205129
0.5458015267154741,0.7703488372078094,0.6410256410256411
0.5438931297689165,0.7713178294558696,0.6202564102564102
0.5477099236620316,0.7732558139519898,0.7058974358974359
0.5305343511430133,0.7781007751922905,0.5788461538461539
0.5400763358758013,0.7693798449597493,0.5461538461538461
0.6984732824400822,0.7364341085257046,0.5769230769230769
0.6965648854935246,0.7354651162776444,0.6116666666666666
0.6889312977072942,0.7393410852698851,0.5833333333333334
0.7003816793866398,0.7374031007737647,0.4914102564102564
0.6812977099210638,0.7412790697660053,0.5961538461538461
0.6832061068676214,0.7422480620140655,0.4358974358974359
0.6851145038141789,0.7393410852698851,0.5512820512820513
0.6736641221348334,0.7374031007737647,0.5455128205128205
0.6755725190813909,0.7383720930218248,0.5311538461538462
0.6793893129745062,0.7364341085257046,0.5647435897435897
0.6774809160279486,0.7354651162776444,0.4783333333333334
0.7194656488522158,0.7277131782931634,0.6217948717948718
0.41603053434955717,0.8120155038743954,0.5576923076923077
0.6832061068676214,0.7374031007737647,0.5391025641025641
0.6812977099210638,0.7383720930218248,0.5729487179487179
0.6851145038141789,0.7364341085257046,0.5093589743589744
0.6774809160279486,0.7403100775179452,0.5993589743589743
0.6870229007607366,0.7354651162776444,0.4975641025641026
0.6736641221348334,0.7422480620140655,0.6346153846153846
0.6755725190813909,0.7412790697660053,0.559871794871795
0.6793893129745062,0.7393410852698851,0.6178205128205128
0.0,0.03294573643404468,0.1858974358974359
0.6984732824400822,0.7286821705412235,0.5352564102564102
0.6927480916004094,0.7335271317815242,0.5408974358974359
0.6889312977072942,0.7315891472854039,0.4730769230769232
0.6946564885469669,0.7344961240295843,0.5357692307692309
0.7022900763331974,0.7306201550373438,0.5743589743589743
0.6908396946538518,0.732558139533464,0.5064102564102564
0.7003816793866398,0.7296511627892837,0.5705128205128205
0.06870229007607366,0.02422480620150344,0.41448717948717945
0.08587786259509207,0.03488372093016495,0.33974358974358976
0.09732824427443769,0.04069767441852578,0.5448717948717948
0.09351145038132248,0.038759689922405506,0.42948717948717946
0.09923664122099528,0.03972868217046564,0.3076923076923077
0.09541984732788009,0.03779069767434537,0.4897435897435898
0.10305343511411048,0.041666666666585916,0.3675641025641026
0.07251908396918887,0.026162790697623717,0.391025641025641
0.526717557249898,0.7819767441845311,0.5576923076923077
0.5190839694636676,0.7781007751922905,0.6666666666666666
0.6717557251882758,0.7315891472854039,0.42948717948717946
0.6583969465623726,0.7306201550373438,0.47012820512820513
0.6679389312951606,0.7335271317815242,0.483974358974359
0.6698473282417182,0.732558139533464,0.4410256410256411
0.6660305343486029,0.7344961240295843,0.5432051282051282
0.5248091603033405,0.7829457364325912,0.6447435897435898
0.6603053435089301,0.7296511627892837,0.4935897435897436
0.6431297709899118,0.7364341085257046,0.48717948717948717
0.6393129770967966,0.7655038759675087,0.46153846153846156
0.5858778625931838,0.7693798449597493,0.8525641025641025
0.5877862595397413,0.7684108527116892,0.8269230769230769
0.5896946564862989,0.7713178294558696,0.8397435897435898
0.5935114503794141,0.7732558139519898,0.9358974358974359
0.6164122137381053,0.7538759689907871,0.759102564102564
0.6507633587761421,0.7403100775179452,0.5308974358974359
0.6125954198449901,0.7519379844946668,0.5924358974358973
0.6183206106846629,0.7529069767427269,0.7128205128205127
0.6564885496158149,0.7412790697660053,0.5128205128205128
0.6240458015243358,0.7577519379830276,0.717948717948718
0.6145038167915478,0.7509689922466066,0.633974358974359
0.5820610687000685,0.767441860463629,0.6858974358974359
0.6202290076312206,0.7558139534869074,0.7492307692307693
0.5839694656466261,0.7664728682155688,0.7847435897435897
0.6545801526692574,0.7422480620140655,0.5875641025641025
0.6526717557226998,0.7393410852698851,0.5416666666666666
0.6412213740433541,0.7645348837194486,0.5085897435897436
0.6583969465623726,0.7441860465101857,0.5623076923076923
0.6259541984708933,0.7567829457349675,0.735
0.5954198473259718,0.7722868217039297,0.9198717948717948
0.6622137404554878,0.746124031006306,0.42948717948717946
0.6221374045777781,0.7548449612388473,0.7666666666666666
0.6469465648830269,0.7383720930218248,0.5855128205128205
0.6603053435089301,0.7432170542621256,0.5843589743589743
0.6488549618295846,0.7374031007737647,0.5865384615384616
0.05152671755705524,0.038759689922405506,0.48717948717948717
0.05916030534328565,0.04263565891464605,0.44871794871794873
0.05534351145017045,0.044573643410766334,0.4230769230769231
0.5400763358758013,0.7790697674403506,0.6442307692307693
0.5419847328223588,0.7781007751922905,0.6346153846153846
0.5477099236620316,0.7751937984481101,0.6682051282051282
0.5458015267154741,0.7761627906961702,0.7147435897435898
0.5496183206085893,0.77422480620005,0.6808974358974359
0.5438931297689165,0.7771317829442304,0.6806410256410257
0.5381679389292436,0.7800387596884107,0.6602564102564102
0.5706106870207229,0.7877906976728919,0.5833333333333334
0.6316793893105661,0.7567829457349675,0.7478205128205128
0.6297709923640086,0.7558139534869074,0.6794871794871795
0.6412213740433541,0.7538759689907871,0.6282051282051282
0.6278625954174509,0.7548449612388473,0.7703846153846154
0.6641221374020454,0.7422480620140655,0.5782051282051281
0.6583969465623726,0.7393410852698851,0.4578205128205127
0.6335877862571238,0.7577519379830276,0.6025641025641025
0.6202290076312206,0.7587209302310878,0.735
0.6431297709899118,0.7470930232543661,0.5851282051282052
0.6526717557226998,0.7441860465101857,0.5714102564102563
0.14122137404526253,0.5077519379835121,0.4166666666666667
0.6507633587761421,0.7432170542621256,0.5641025641025641
0.6450381679364694,0.7480620155024262,0.6388461538461538
0.6354961832036813,0.7509689922466066,0.6855128205128205
0.5858778625931838,0.7800387596884107,0.6611538461538461
0.6717557251882758,0.7383720930218248,0.5103846153846154
0.6603053435089301,0.7403100775179452,0.5534615384615384
0.6545801526692574,0.7451550387582458,0.6002564102564102
0.6622137404554878,0.7412790697660053,0.5734615384615385
0.6660305343486029,0.7354651162776444,0.492051282051282
0.6698473282417182,0.7374031007737647,0.5462820512820513
0.6564885496158149,0.746124031006306,0.5794871794871795
0.6679389312951606,0.7364341085257046,0.47974358974358977
0.6469465648830269,0.7490310077504864,0.5855128205128205
0.5877862595397413,0.781007751936471,0.6217948717948718
0.6374045801502389,0.7519379844946668,0.7021794871794871
0.5820610687000685,0.7781007751922905,0.6410256410256411
0.5782442748069533,0.7839147286806514,0.5192307692307693
0.5801526717535109,0.7848837209287115,0.4423076923076923
0.6393129770967966,0.7529069767427269,0.6891025641025641
0.5896946564862989,0.77422480620005,0.8076923076923077
0.017175572519018415,0.05329457364330757,0.2542307692307692
0.020992366412133617,0.055232558139427845,0.16666666666666666
0.026717557251806422,0.058139534883608256,0.2606410256410256
0.02290076335869122,0.05620155038748798,0.22115384615384615
0.019083969465576014,0.05426356589136771,0.14102564102564102
0.030534351144921625,0.060077519379728536,0.2582051282051282
0.015267175572460812,0.06782945736420963,0.2692307692307692
0.028625954198364025,0.05910852713166839,0.23076923076923078
0.007633587786230406,0.06395348837196908,0.28205128205128205
0.41603053434955717,0.8294573643394778,0.4807692307692308
0.6259541984708933,0.7344961240295843,0.44871794871794873
0.5419847328223588,0.7693798449597493,0.6282051282051282
0.5458015267154741,0.7713178294558696,0.6307692307692309
0.5286259541964556,0.7781007751922905,0.592948717948718
0.5305343511430133,0.7790697674403506,0.5996153846153846
0.5496183206085893,0.7732558139519898,0.7107692307692307
0.5438931297689165,0.7703488372078094,0.6003846153846154
0.5324427480895708,0.7800387596884107,0.6826923076923077
0.5400763358758013,0.7684108527116892,0.6282051282051282
0.5477099236620316,0.7722868217039297,0.6923076923076923
0.526717557249898,0.7771317829442304,0.6698717948717948
0.6755725190813909,0.7306201550373438,0.4423076923076923
0.6984732824400822,0.7267441860451033,0.46794871794871795
0.6965648854935246,0.7257751937970431,0.4583333333333333
0.6812977099210638,0.7335271317815242,0.44448717948717953
0.6832061068676214,0.7344961240295843,0.47320512820512817
0.6851145038141789,0.7315891472854039,0.391025641025641
0.6870229007607366,0.732558139533464,0.4208974358974359
0.6736641221348334,0.7296511627892837,0.38461538461538464
0.06679389312951606,0.04360465116270619,0.26282051282051283
0.1125954198468985,0.035852713178225096,0.46153846153846156
0.07824427480886166,0.04941860465106702,0.3632051282051282
0.07824427480886166,0.04844961240300688,0.3675641025641026
0.08015267175541926,0.047480620154946744,0.35128205128205137
0.08396946564853447,0.04554263565882647,0.376025641025641
0.07251908396918887,0.04360465116270619,0.3525641025641026
0.08206106870197687,0.04651162790688661,0.358974358974359
0.07442748091574647,0.04263565891464605,0.34615384615384615
0.07061068702263126,0.044573643410766334,0.40384615384615385
0.4675572519066124,0.7945736434093129,0.6282051282051282
0.41603053434955717,0.8129844961224555,0.5
0.4713740457997276,0.7965116279054332,0.5820512820512821
0.4732824427462852,0.795542635657373,0.6153846153846154
0.5667938931276076,0.7751937984481101,0.5384615384615384
0.5916030534328565,0.7858527131767716,0.6324358974358975
0.5706106870207229,0.7771317829442304,0.4957692307692308
0.5725190839672805,0.7761627906961702,0.5
0.5648854961810501,0.7722868217039297,0.7756410256410257
0.5858778625931838,0.7848837209287115,0.5769230769230769
0.5820610687000685,0.7829457364325912,0.6346153846153846
0.5629770992344925,0.7732558139519898,0.6923076923076923
0.6431297709899118,0.7519379844946668,0.735
0.6297709923640086,0.7432170542621256,0.6282051282051282
0.5534351145017045,0.7664728682155688,0.6296153846153846
0.6393129770967966,0.7499999999985465,0.717948717948718
0.5687022900741653,0.77422480620005,0.47217948717948716
0.5553435114482621,0.7693798449597493,0.6947435897435897
0.5515267175551468,0.767441860463629,0.6474358974358975
0.6412213740433541,0.7490310077504864,0.6846153846153847
0.6354961832036813,0.7480620155024262,0.6410256410256411
0.5572519083948196,0.7684108527116892,0.7494871794871794
0.5877862595397413,0.7839147286806514,0.6442307692307693
0.5610687022879349,0.7703488372078094,0.8076923076923077
0.6316793893105661,0.746124031006306,0.6
0.5591603053413773,0.7713178294558696,0.8115384615384615
0.6335877862571238,0.7451550387582458,0.5939743589743589
0.6278625954174509,0.7441860465101857,0.6047435897435898
0.6374045801502389,0.7470930232543661,0.6387179487179486
0.5839694656466261,0.7819767441845311,0.7115384615384616
0.5782442748069533,0.7529069767427269,0.5961538461538461
0.5648854961810501,0.7616279069752682,0.6465384615384616
0.5572519083948196,0.7655038759675087,0.6923076923076923
0.5553435114482621,0.7645348837194486,0.7051282051282052
0.7061068702263126,0.7296511627892837,0.6256410256410256
0.704198473279755,0.7306201550373438,0.6082051282051282
0.713740458012543,0.7335271317815242,0.5384615384615384
0.7080152671728702,0.7286821705412235,0.5993589743589743
0.7099236641194278,0.7277131782931634,0.5939743589743589
0.6507633587761421,0.7635658914713884,0.483974358974359
0.6488549618295846,0.760658914727208,0.6346153846153846
0.6335877862571238,0.7374031007737647,0.3974358974358974
0.6374045801502389,0.7393410852698851,0.5256410256410257
0.6564885496158149,0.7645348837194486,0.47435897435897434
0.6545801526692574,0.7655038759675087,0.47435897435897434
0.5515267175551468,0.7751937984481101,0.6610256410256411
0.5801526717535109,0.7722868217039297,0.717948717948718
0.6354961832036813,0.7403100775179452,0.48461538461538456
0.6526717557226998,0.7625968992233283,0.5384615384615384
0.5820610687000685,0.7906976744170723,0.358974358974359
0.5744274809138381,0.7713178294558696,0.6025641025641025
0.6431297709899118,0.7596899224791479,0.592948717948718
0.6412213740433541,0.7412790697660053,0.5356410256410257
0.5725190839672805,0.7684108527116892,0.860897435897436
0.5534351145017045,0.77422480620005,0.7117948717948718
0.6259541984708933,0.7490310077504864,0.6191025641025641
0.6450381679364694,0.7587209302310878,0.5256410256410257
0.5687022900741653,0.7664728682155688,0.7993589743589743
0.6202290076312206,0.7480620155024262,0.6666666666666666
0.6240458015243358,0.7499999999985465,0.5961538461538461
0.5706106870207229,0.7693798449597493,0.8803846153846154
0.5763358778603956,0.7703488372078094,0.7025641025641025
0.5667938931276076,0.767441860463629,0.7632051282051282
0.6393129770967966,0.7422480620140655,0.5641025641025641
0.5782442748069533,0.7732558139519898,0.5726923076923077
0.6221374045777781,0.7470930232543661,0.5737179487179487
0.003816793893115203,0.03972868217046564,0.23717948717948717
0.0019083969465576015,0.04069767441852578,0.27564102564102566
0.6278625954174509,0.7403100775179452,0.6153846153846154
0.5725190839672805,0.7722868217039297,0.5271794871794873
0.6393129770967966,0.7383720930218248,0.45294871794871794
0.5782442748069533,0.7693798449597493,0.9455128205128205
0.6202290076312206,0.7441860465101857,0.7008974358974359
0.6125954198449901,0.7480620155024262,0.559871794871795
0.5706106870207229,0.7732558139519898,0.5421794871794873
0.6335877862571238,0.7412790697660053,0.6217948717948718
0.6259541984708933,0.7451550387582458,0.5705128205128205
0.5763358778603956,0.7664728682155688,0.8114102564102564
0.5610687022879349,0.77422480620005,0.7521794871794872
0.6316793893105661,0.7422480620140655,0.5307692307692309
0.6183206106846629,0.7490310077504864,0.6225641025641026
0.5801526717535109,0.7684108527116892,0.7871794871794873
0.6164122137381053,0.7499999999985465,0.6038461538461538
0.5744274809138381,0.767441860463629,0.8828205128205128
0.6431297709899118,0.7635658914713884,0.5085897435897436
0.5687022900741653,0.7703488372078094,0.8035897435897437
0.5667938931276076,0.7713178294558696,0.6652564102564102
0.6240458015243358,0.746124031006306,0.6688461538461539
0.6488549618295846,0.7645348837194486,0.47012820512820513
0.019083969465576014,0.055232558139427845,0.21794871794871795
0.02480916030524882,0.060077519379728536,0.22653846153846155
0.026717557251806422,0.05910852713166839,0.25
0.4713740457997276,0.7906976744170723,0.5512820512820513
0.041984732824267235,0.06104651162778867,0.28205128205128205
0.05152671755705524,0.060077519379728536,0.28205128205128205
0.05534351145017045,0.05426356589136771,0.30051282051282047
0.06106870228984325,0.055232558139427845,0.3076923076923077
0.04770992366394004,0.058139534883608256,0.23717948717948717
0.04961832061049764,0.05717054263554812,0.32051282051282054
0.05725190839672805,0.05329457364330757,0.3170512820512821
0.6889312977072942,0.7306201550373438,0.4303846153846153
0.7003816793866398,0.732558139533464,0.5843589743589743
0.6965648854935246,0.7344961240295843,0.5693589743589743
0.7022900763331974,0.7315891472854039,0.6102564102564102
0.6927480916004094,0.7286821705412235,0.4449999999999999
0.6908396946538518,0.7296511627892837,0.4230769230769231
0.6984732824400822,0.7335271317815242,0.5862820512820514
0.05725190839672805,0.050387596899127154,0.3743589743589744
0.05916030534328565,0.05135658914718729,0.34935897435897434
0.06106870228984325,0.052325581395247435,0.3162820512820513
0.4828244274790732,0.7984496124015534,0.5769230769230769
0.6908396946538518,0.7267441860451033,0.46153846153846156
0.6832061068676214,0.7306201550373438,0.4307692307692307
0.6812977099210638,0.7296511627892837,0.46576923076923077
0.6736641221348334,0.7335271317815242,0.5397435897435897
0.6870229007607366,0.7286821705412235,0.5
0.6889312977072942,0.7257751937970431,0.5064102564102564
0.6755725190813909,0.7344961240295843,0.4815384615384616
0.6793893129745062,0.732558139533464,0.4533333333333333
0.6774809160279486,0.7315891472854039,0.44871794871794873
0.02480916030524882,0.06492248062002923,0.23076923076923078
0.01145038167934561,0.04844961240300688,0.24358974358974358
0.5400763358758013,0.7819767441845311,0.6452564102564102
0.6622137404554878,0.7199612403086822,0.6025641025641025
0.6011450381656445,0.7519379844946668,0.6105128205128205
0.5992366412190869,0.7529069767427269,0.5626923076923077
0.5839694656466261,0.760658914727208,0.7076923076923077
0.6106870228984325,0.7548449612388473,0.6923076923076923
0.5896946564862989,0.7655038759675087,0.8301282051282052
0.5916030534328565,0.7645348837194486,0.7525641025641026
0.1125954198468985,0.5038759689912715,0.5064102564102564
0.6068702290053173,0.7567829457349675,0.7021794871794871
0.5858778625931838,0.7596899224791479,0.6607692307692309
0.6049618320587598,0.7577519379830276,0.6726923076923077
0.6335877862571238,0.7664728682155688,0.7115384615384616
0.6087786259518749,0.7558139534869074,0.7217948717948718
0.6030534351122021,0.7509689922466066,0.6388461538461538
0.5877862595397413,0.7587209302310878,0.6474358974358975
0.5935114503794141,0.7635658914713884,0.8661538461538462
0.5820610687000685,0.7616279069752682,0.7189743589743589
0.5973282442725293,0.7538759689907871,0.6410256410256411
0.5954198473259718,0.7625968992233283,0.8301282051282052
0.08969465648820728,0.07364341085257047,0.1794871794871795
0.02290076335869122,0.06104651162778867,0.23076923076923078
0.08396946564853447,0.05329457364330757,0.358974358974359
0.4045801526702115,0.8149224806185758,0.5512820512820513
0.40267175572365393,0.8158914728666359,0.6089743589743589
0.479007633585958,0.7926356589131925,0.6538461538461539
0.4809160305325156,0.7916666666651324,0.6410256410256411
0.4847328244256308,0.7936046511612527,0.6410256410256411
0.05725190839672805,0.055232558139427845,0.27564102564102566
0.06106870228984325,0.05329457364330757,0.257948717948718
0.05916030534328565,0.05426356589136771,0.3108974358974359
0.05152671755705524,0.058139534883608256,0.3717948717948718
0.6641221374020454,0.7315891472854039,0.5256410256410257
0.6622137404554878,0.732558139533464,0.5153846153846154
0.6679389312951606,0.7296511627892837,0.6153846153846154
0.6660305343486029,0.7306201550373438,0.4807692307692308
0.6870229007607366,0.7267441860451033,0.44871794871794873
0.6965648854935246,0.7315891472854039,0.5705128205128205
0.7003816793866398,0.7335271317815242,0.5897435897435898
0.6946564885469669,0.7306201550373438,0.4914102564102564
0.6984732824400822,0.732558139533464,0.5758974358974359
0.6889312977072942,0.7277131782931634,0.4051282051282051
0.7022900763331974,0.7344961240295843,0.5358974358974359
0.6927480916004094,0.7296511627892837,0.4717948717948718
0.05725190839672805,0.05135658914718729,0.3183333333333333
0.05534351145017045,0.052325581395247435,0.3053846153846153
0.05916030534328565,0.050387596899127154,0.38461538461538464
0.06106870228984325,0.04941860465106702,0.379102564102564
0.6736641221348334,0.7315891472854039,0.4893589743589744
0.6774809160279486,0.7335271317815242,0.4965384615384616
0.6755725190813909,0.732558139533464,0.5064102564102564
0.6870229007607366,0.7306201550373438,0.46474358974358976
0.6851145038141789,0.7296511627892837,0.46153846153846156
0.6793893129745062,0.7344961240295843,0.5015384615384616
0.6946564885469669,0.7267441860451033,0.49038461538461536
0.6832061068676214,0.7286821705412235,0.41025641025641024
0.10496183206066809,0.007751937984481101,0.5256410256410257
0.41030534350988435,0.8158914728666359,0.5480769230769231
0.4770992366394004,0.7936046511612527,0.6388461538461538
0.40648854961676917,0.8139534883705156,0.5064102564102564
0.41221374045644193,0.8149224806185758,0.6153846153846154
0.4751908396928428,0.7945736434093129,0.625
0.9980916030496256,0.9980620155019417,0.36538461538461536
0.40076335877709635,0.816860465114696,0.5256410256410257
0.479007633585958,0.7965116279054332,0.5461538461538461
0.5992366412190869,0.7538759689907871,0.620897435897436
0.5973282442725293,0.7529069767427269,0.6025641025641025
0.5954198473259718,0.7635658914713884,0.8256410256410257
0.5858778625931838,0.7587209302310878,0.6378205128205128
0.5820610687000685,0.760658914727208,0.7051282051282052
0.5877862595397413,0.7596899224791479,0.7444871794871794
0.5916030534328565,0.7655038759675087,0.7916666666666666
0.6011450381656445,0.7509689922466066,0.5961538461538461
0.5839694656466261,0.7616279069752682,0.8162820512820513
0.5935114503794141,0.7625968992233283,0.836923076923077
0.6049618320587598,0.7567829457349675,0.69
0.5896946564862989,0.7645348837194486,0.8219230769230769
0.6106870228984325,0.7558139534869074,0.7216666666666668
0.6068702290053173,0.7577519379830276,0.7603846153846154
0.6335877862571238,0.767441860463629,0.5448717948717948
0.6087786259518749,0.7548449612388473,0.6448717948717948
0.6145038167915478,0.7596899224791479,0.6474358974358975
0.6412213740433541,0.7577519379830276,0.7115384615384616
0.5858778625931838,0.7761627906961702,0.7371794871794872
0.5896946564862989,0.7781007751922905,0.6730769230769231
0.6507633587761421,0.7470930232543661,0.5641025641025641
0.6106870228984325,0.7732558139519898,0.7564102564102564
0.6488549618295846,0.746124031006306,0.5858974358974359
0.6603053435089301,0.7364341085257046,0.46474358974358976
0.6641221374020454,0.7383720930218248,0.523076923076923
0.6679389312951606,0.7403100775179452,0.5438461538461539
0.6450381679364694,0.7441860465101857,0.49884615384615383
0.6354961832036813,0.7548449612388473,0.7051282051282052
0.6316793893105661,0.7529069767427269,0.7532051282051282
0.6717557251882758,0.7422480620140655,0.5961538461538461
0.6125954198449901,0.7587209302310878,0.6891025641025641
0.6698473282417182,0.7412790697660053,0.5905128205128205
0.6278625954174509,0.7509689922466066,0.6903846153846153
0.6622137404554878,0.7374031007737647,0.47435897435897434
0.6297709923640086,0.7519379844946668,0.7585897435897436
0.6335877862571238,0.7538759689907871,0.7564102564102564
0.6583969465623726,0.7354651162776444,0.4469230769230769
0.6431297709899118,0.7432170542621256,0.5362820512820513
0.5763358778603956,0.7868217054248318,0.46576923076923077
0.6469465648830269,0.7451550387582458,0.57
0.6374045801502389,0.7558139534869074,0.6666666666666666
0.6660305343486029,0.7393410852698851,0.517948717948718
0.5935114503794141,0.7800387596884107,0.7051282051282052
0.07061068702263126,0.04360465116270619,0.38038461538461543
0.08206106870197687,0.04554263565882647,0.368076923076923
0.08015267175541926,0.04844961240300688,0.3717948717948718
0.07824427480886166,0.047480620154946744,0.3632051282051282
0.07442748091574647,0.041666666666585916,0.22217948717948716
0.07251908396918887,0.044573643410766334,0.3782051282051282
0.07633587786230406,0.04263565891464605,0.35474358974358977
0.46374045801349717,0.795542635657373,0.6282051282051282
0.4732824427462852,0.7926356589131925,0.6346153846153846
0.4713740457997276,0.7916666666651324,0.4551282051282051
0.4656488549600548,0.7965116279054332,0.6067948717948718
0.7175572519056582,0.7296511627892837,0.6452564102564102
0.704198473279755,0.732558139533464,0.5808974358974359
0.7061068702263126,0.7315891472854039,0.6153846153846154
0.713740458012543,0.7277131782931634,0.6410256410256411
0.7118320610659854,0.7286821705412235,0.6076923076923078
0.5935114503794141,0.7596899224791479,0.6987179487179487
0.6335877862571238,0.7703488372078094,0.6474358974358975
0.5992366412190869,0.7567829457349675,0.7160256410256409
0.5858778625931838,0.7635658914713884,0.7989743589743589
0.5896946564862989,0.7616279069752682,0.7792307692307693
0.6106870228984325,0.7509689922466066,0.5897435897435898
0.6068702290053173,0.7529069767427269,0.6987179487179487
0.6030534351122021,0.7548449612388473,0.6694871794871795
0.5820610687000685,0.7655038759675087,0.8339743589743589
0.6087786259518749,0.7519379844946668,0.6217948717948718
0.5839694656466261,0.7645348837194486,0.8146153846153847
0.5916030534328565,0.760658914727208,0.7202564102564103
0.6412213740433541,0.7664728682155688,0.4775641025641026
0.6049618320587598,0.7538759689907871,0.6410256410256411
0.5954198473259718,0.7587209302310878,0.6874358974358975
0.5877862595397413,0.7625968992233283,0.8129487179487179
0.6011450381656445,0.7558139534869074,0.6657692307692309
0.5973282442725293,0.7577519379830276,0.6483333333333332
0.041984732824267235,0.05910852713166839,0.2692307692307692
0.04007633587770963,0.060077519379728536,0.25
0.04580152671738244,0.05717054263554812,0.28846153846153844
0.5229007633567828,0.7771317829442304,0.5384615384615384
0.5438931297689165,0.7722868217039297,0.6703846153846155
0.5305343511430133,0.781007751936471,0.6153846153846154
0.5419847328223588,0.767441860463629,0.6153846153846154
0.5286259541964556,0.7800387596884107,0.6684615384615384
0.5496183206085893,0.7713178294558696,0.7042307692307693
0.5324427480895708,0.7781007751922905,0.617051282051282
0.5343511450361285,0.7790697674403506,0.6546153846153846
0.5477099236620316,0.7703488372078094,0.650128205128205
0.5381679389292436,0.7693798449597493,0.5983333333333334
0.5458015267154741,0.7732558139519898,0.6855128205128205
0.015267175572460812,0.052325581395247435,0.23717948717948717
0.6488549618295846,0.732558139533464,0.41025641025641024
0.6469465648830269,0.7315891472854039,0.41025641025641024
0.6450381679364694,0.7344961240295843,0.5939743589743589
0.013358778625903211,0.04941860465106702,0.2564102564102564
0.015267175572460812,0.050387596899127154,0.2692307692307692
0.005725190839672805,0.04554263565882647,0.2564102564102564
0.7022900763331974,0.7296511627892837,0.6205128205128206
0.6908396946538518,0.7315891472854039,0.4775641025641026
0.6774809160279486,0.7267441860451033,0.5384615384615384
0.6946564885469669,0.7335271317815242,0.5526923076923077
0.6927480916004094,0.7344961240295843,0.5405128205128205
0.7003816793866398,0.7306201550373438,0.5666666666666667
0.6889312977072942,0.732558139533464,0.4414102564102565
0.6755725190813909,0.7374031007737647,0.532051282051282
0.6736641221348334,0.7383720930218248,0.5307692307692309
0.6774809160279486,0.7364341085257046,0.5292307692307693
0.6793893129745062,0.7354651162776444,0.5064102564102564
0.6851145038141789,0.7403100775179452,0.5461538461538461
0.6564885496158149,0.7296511627892837,0.5384615384615384
0.6469465648830269,0.7344961240295843,0.46794871794871795
0.7080152671728702,0.7267441860451033,0.5064102564102564
0.017175572519018415,0.05717054263554812,0.23076923076923078
0.020992366412133617,0.05910852713166839,0.16666666666666666
0.02290076335869122,0.060077519379728536,0.235
0.07251908396918887,0.05329457364330757,0.33974358974358976
0.07061068702263126,0.05426356589136771,0.3076923076923077
0.05916030534328565,0.04941860465106702,0.3974358974358974
0.05534351145017045,0.05135658914718729,0.3782051282051282
0.05725190839672805,0.052325581395247435,0.3034615384615385
0.053435114503612845,0.04651162790688661,0.36538461538461536
0.06106870228984325,0.050387596899127154,0.34269230769230774
0.6965648854935246,0.7248062015489829,0.5769230769230769
0.6870229007607366,0.7335271317815242,0.4407692307692307
0.6851145038141789,0.7344961240295843,0.49269230769230776
0.6832061068676214,0.7315891472854039,0.46153846153846156
0.7003816793866398,0.7267441860451033,0.5641025641025641
0.6793893129745062,0.7296511627892837,0.4273076923076923
0.6812977099210638,0.732558139533464,0.47858974358974354
0.6774809160279486,0.7306201550373438,0.49615384615384617
0.4751908396928428,0.795542635657373,0.5787179487179487
0.4847328244256308,0.7926356589131925,0.3974358974358974
0.9942748091565105,0.9970930232538816,0.5
0.4770992366394004,0.7965116279054332,0.5897435897435898
0.4809160305325156,0.7945736434093129,0.5641025641025641
0.479007633585958,0.7936046511612527,0.5512820512820513
0.6984732824400822,0.7257751937970431,0.6153846153846154
0.6965648854935246,0.7267441860451033,0.44871794871794873
0.6870229007607366,0.7315891472854039,0.46717948717948715
0.6832061068676214,0.7335271317815242,0.49
0.6812977099210638,0.7344961240295843,0.46666666666666673
0.6736641221348334,0.7306201550373438,0.5025641025641026
0.6851145038141789,0.732558139533464,0.46628205128205136
0.6431297709899118,0.7374031007737647,0.4935897435897436
0.6335877862571238,0.7596899224791479,0.5192307692307693
0.5877862595397413,0.767441860463629,0.7862820512820513
0.6641221374020454,0.7441860465101857,0.5692307692307693
0.6393129770967966,0.7625968992233283,0.4583333333333333
0.5973282442725293,0.7761627906961702,0.7692307692307693
0.5916030534328565,0.7732558139519898,1.0
0.6011450381656445,0.77422480620005,0.9807692307692307
0.6603053435089301,0.746124031006306,0.5384615384615384
0.6526717557226998,0.7422480620140655,0.4965384615384616
0.6164122137381053,0.7509689922466066,0.6221794871794872
0.6545801526692574,0.7393410852698851,0.5166666666666666
0.6564885496158149,0.7403100775179452,0.47346153846153854
0.6507633587761421,0.7412790697660053,0.5358974358974359
0.6583969465623726,0.7451550387582458,0.5298717948717948
0.6125954198449901,0.7529069767427269,0.648076923076923
0.6183206106846629,0.7519379844946668,0.6714102564102564
0.6145038167915478,0.7538759689907871,0.7532051282051282
0.6622137404554878,0.7432170542621256,0.5769230769230769
0.6240458015243358,0.7548449612388473,0.767051282051282
0.5839694656466261,0.7693798449597493,0.7948717948717948
0.6412213740433541,0.7635658914713884,0.5
0.6259541984708933,0.7558139534869074,0.757948717948718
0.6202290076312206,0.7567829457349675,0.7564102564102564
0.6221374045777781,0.7577519379830276,0.7093589743589743
0.6450381679364694,0.7383720930218248,0.4974358974358974
0.5858778625931838,0.7664728682155688,0.6832051282051282
0.5820610687000685,0.7684108527116892,0.5833333333333334
0.5343511450361285,0.7703488372078094,0.6708974358974359
0.5362595419826861,0.7771317829442304,0.6282051282051282
0.5400763358758013,0.7751937984481101,0.6384615384615384
0.5419847328223588,0.77422480620005,0.6546153846153846
0.5324427480895708,0.7713178294558696,0.7051282051282052
0.5381679389292436,0.7761627906961702,0.6003846153846154
0.5305343511430133,0.7722868217039297,0.6025641025641025
0.06106870228984325,0.04554263565882647,0.47435897435897434
0.053435114503612845,0.04941860465106702,0.3717948717948718
0.5229007633567828,0.7848837209287115,0.6965384615384616
0.5190839694636676,0.7790697674403506,0.6474358974358975
0.526717557249898,0.7829457364325912,0.5897435897435898
0.5248091603033405,0.7819767441845311,0.7
0.6717557251882758,0.732558139533464,0.4341025641025641
0.6660305343486029,0.7335271317815242,0.5224358974358975
0.6679389312951606,0.7344961240295843,0.4992307692307692
0.6698473282417182,0.7315891472854039,0.5641025641025641
0.6583969465623726,0.7296511627892837,0.532051282051282
0.6660305343486029,0.732558139533464,0.3974358974358974
0.6698473282417182,0.7344961240295843,0.5
0.5229007633567828,0.7819767441845311,0.6752564102564103
0.6679389312951606,0.7315891472854039,0.4166666666666667
0.6717557251882758,0.7335271317815242,0.4917948717948718
0.6125954198449901,0.7713178294558696,0.7467948717948718
0.6049618320587598,0.7596899224791479,0.7662820512820512
0.5858778625931838,0.7577519379830276,0.6247435897435898
0.6145038167915478,0.7703488372078094,0.71
0.5877862595397413,0.7567829457349675,0.6228205128205128
0.5935114503794141,0.7538759689907871,0.6196153846153846
0.5992366412190869,0.7625968992233283,0.7980769230769231
0.6106870228984325,0.760658914727208,0.6923076923076923
0.6068702290053173,0.7587209302310878,0.7628205128205128
0.5954198473259718,0.7529069767427269,0.6378205128205128
0.5820610687000685,0.7558139534869074,0.5811538461538461
0.5973282442725293,0.7635658914713884,0.8247435897435897
0.713740458012543,0.7306201550373438,0.6634615384615384
0.7080152671728702,0.7315891472854039,0.584871794871795
0.7118320610659854,0.7296511627892837,0.6111538461538462
0.704198473279755,0.7335271317815242,0.5652564102564103
0.04770992366394004,0.05620155038748798,0.2492307692307692
0.03244274809147923,0.06395348837196908,0.2948717948717949
0.04961832061049764,0.055232558139427845,0.3076923076923077
0.03816793893115203,0.06104651162778867,0.20089743589743592
0.053435114503612845,0.05329457364330757,0.26641025641025645
0.03435114503803683,0.06298449612390894,0.2521794871794872
0.05152671755705524,0.05426356589136771,0.3188461538461539
0.10877862595378329,0.04069767441852578,0.30128205128205127
0.017175572519018415,0.055232558139427845,0.235
0.026717557251806422,0.060077519379728536,0.22653846153846155
0.019083969465576014,0.05620155038748798,0.19230769230769232
0.02480916030524882,0.05910852713166839,0.22217948717948716
0.6755725190813909,0.7354651162776444,0.509102564102564
0.6774809160279486,0.7383720930218248,0.5398717948717948
0.6793893129745062,0.7374031007737647,0.5321794871794873
0.6812977099210638,0.7403100775179452,0.5487179487179487
0.6832061068676214,0.7393410852698851,0.5435897435897437
0.6736641221348334,0.7364341085257046,0.4923076923076924
0.7003816793866398,0.7277131782931634,0.46794871794871795
0.6965648854935246,0.7296511627892837,0.49615384615384617
0.6984732824400822,0.7306201550373438,0.5025641025641026
0.6946564885469669,0.732558139533464,0.5617948717948718
0.6889312977072942,0.7335271317815242,0.4841025641025642
0.6927480916004094,0.7315891472854039,0.5406410256410257
0.6908396946538518,0.7344961240295843,0.5584615384615385
0.6221374045777781,0.7422480620140655,0.6025641025641025
0.6278625954174509,0.7451550387582458,0.5416666666666666
0.5667938931276076,0.7761627906961702,0.4358974358974359
0.5725190839672805,0.7751937984481101,0.511025641025641
0.6297709923640086,0.746124031006306,0.623076923076923
0.6354961832036813,0.7490310077504864,0.6646153846153846
0.5648854961810501,0.7713178294558696,0.8284615384615385
0.6374045801502389,0.7499999999985465,0.6962820512820513
0.5572519083948196,0.767441860463629,0.7075641025641025
0.6412213740433541,0.7480620155024262,0.6585897435897436
0.5629770992344925,0.7703488372078094,0.8211538461538461
0.5877862595397413,0.7829457364325912,0.6794871794871795
0.6335877862571238,0.7441860465101857,0.6067948717948718
0.5534351145017045,0.7693798449597493,0.7065384615384616
0.5839694656466261,0.7848837209287115,0.5325641025641027
0.5820610687000685,0.7839147286806514,0.5569230769230769
0.5515267175551468,0.7684108527116892,0.6516666666666666
0.5591603053413773,0.7722868217039297,0.7826923076923077
0.5610687022879349,0.7732558139519898,0.8023076923076923
0.6393129770967966,0.7470930232543661,0.642051282051282
0.5553435114482621,0.7664728682155688,0.6410256410256411
0.6469465648830269,0.7509689922466066,0.6923076923076923
0.6316793893105661,0.7432170542621256,0.5303846153846155
0.6202290076312206,0.7432170542621256,0.6025641025641025
0.5725190839672805,0.7732558139519898,0.7211538461538461
0.5591603053413773,0.77422480620005,0.8291025641025641
0.6164122137381053,0.7490310077504864,0.6256410256410256
0.6354961832036813,0.7354651162776444,0.358974358974359
0.6412213740433541,0.7383720930218248,0.46794871794871795
0.6297709923640086,0.7403100775179452,0.532051282051282
0.5706106870207229,0.7722868217039297,0.52
0.6221374045777781,0.7441860465101857,0.6067948717948718
0.6145038167915478,0.7480620155024262,0.6217948717948718
0.5763358778603956,0.767441860463629,0.8589743589743589
0.6183206106846629,0.7499999999985465,0.6526923076923077
0.5744274809138381,0.7664728682155688,0.8388461538461539
0.5782442748069533,0.7684108527116892,0.8371794871794871
0.6335877862571238,0.7422480620140655,0.5696153846153847
0.6259541984708933,0.746124031006306,0.6067948717948718
0.5667938931276076,0.7703488372078094,0.8638461538461538
0.5801526717535109,0.7693798449597493,0.5441025641025641
0.6469465648830269,0.7645348837194486,0.5426923076923077
0.5687022900741653,0.7713178294558696,0.7291025641025641
0.6125954198449901,0.7470930232543661,0.6217948717948718
0.08587786259509207,0.04651162790688661,0.532051282051282
0.07824427480886166,0.050387596899127154,0.32051282051282054
0.08015267175541926,0.04941860465106702,0.13243589743589743
0.5744274809138381,0.7732558139519898,0.5333333333333332
0.6316793893105661,0.7364341085257046,0.5833333333333334
0.5553435114482621,0.7751937984481101,0.6794871794871795
0.5534351145017045,0.7761627906961702,0.6602564102564102
0.6412213740433541,0.7393410852698851,0.48717948717948717
0.5572519083948196,0.77422480620005,0.7980769230769231
0.5725190839672805,0.7664728682155688,0.8282051282051281
0.6240458015243358,0.7480620155024262,0.6487179487179486
0.6221374045777781,0.7490310077504864,0.6282051282051282
0.6354961832036813,0.7422480620140655,0.6025641025641025
0.5706106870207229,0.767441860463629,0.8178205128205129
0.1240458015262441,0.49806201550291074,0.46794871794871795
0.5667938931276076,0.7693798449597493,0.8316666666666668
0.6526717557226998,0.7645348837194486,0.4807692307692308
0.5687022900741653,0.7684108527116892,0.8189743589743589
0.6202290076312206,0.7499999999985465,0.6806410256410257
0.6259541984708933,0.7470930232543661,0.6233333333333334
0.5782442748069533,0.7713178294558696,0.8205128205128205
0.5801526717535109,0.7703488372078094,0.8743589743589744
0.6393129770967966,0.7403100775179452,0.5494871794871795
0.5763358778603956,0.7722868217039297,0.5897435897435898
0.6469465648830269,0.7596899224791479,0.4273076923076923
0.6374045801502389,0.7412790697660053,0.532051282051282
0.4141221374029995,0.8120155038743954,0.5576923076923077
0.41603053434955717,0.8110465116263352,0.6153846153846154
0.013358778625903211,0.047480620154946744,0.15807692307692306
0.015267175572460812,0.04844961240300688,0.20935897435897433
0.3969465648839811,0.8158914728666359,0.5416666666666666
0.5973282442725293,0.7800387596884107,0.6794871794871795
0.6698473282417182,0.7432170542621256,0.6153846153846154
0.6507633587761421,0.7374031007737647,0.517051282051282
0.5954198473259718,0.767441860463629,0.7307692307692307
0.5839694656466261,0.7732558139519898,0.8653846153846154
0.5858778625931838,0.7703488372078094,0.8034615384615384
0.6469465648830269,0.7393410852698851,0.6282051282051282
0.6488549618295846,0.7403100775179452,0.6017948717948718
0.6431297709899118,0.7412790697660053,0.5682051282051281
0.6202290076312206,0.7529069767427269,0.7202564102564103
0.5782442748069533,0.7897286821690122,0.38884615384615384
0.6221374045777781,0.7538759689907871,0.7023076923076923
0.6164122137381053,0.7548449612388473,0.7262820512820514
0.6259541984708933,0.7519379844946668,0.7756410256410257
0.5820610687000685,0.7722868217039297,0.7073076923076923
0.6393129770967966,0.7587209302310878,0.6089743589743589
0.6412213740433541,0.7596899224791479,0.6730769230769231
0.6240458015243358,0.7509689922466066,0.7275641025641025
0.6183206106846629,0.7558139534869074,0.7344871794871796
0.6545801526692574,0.7354651162776444,0.4423076923076923
0.6564885496158149,0.7364341085257046,0.4962820512820512
0.6526717557226998,0.7383720930218248,0.5014102564102564
0.6145038167915478,0.7577519379830276,0.7291025641025641
0.6125954198449901,0.7567829457349675,0.7364102564102564
0.6450381679364694,0.7422480620140655,0.5833333333333334
0.5916030534328565,0.7693798449597493,0.7596153846153846
0.4675572519066124,0.7984496124015534,0.6089743589743589
0.3969465648839811,0.8149224806185758,0.5128205128205128
0.5362595419826861,0.7693798449597493,0.6410256410256411
0.5438931297689165,0.7732558139519898,0.6697435897435897
0.5286259541964556,0.781007751936471,0.6705128205128205
0.5343511450361285,0.7781007751922905,0.6410256410256411
0.5324427480895708,0.7790697674403506,0.6342307692307693
0.5305343511430133,0.7800387596884107,0.6346153846153846
0.5458015267154741,0.7722868217039297,0.6764102564102564
0.5477099236620316,0.7713178294558696,0.7197435897435898
0.5496183206085893,0.7703488372078094,0.6538461538461539
0.4675572519066124,0.7974806201534933,0.6089743589743589
0.053435114503612845,0.055232558139427845,0.34192307692307694
0.03244274809147923,0.06201550387584881,0.22653846153846155
0.04770992366394004,0.05426356589136771,0.28205128205128205
0.4732824427462852,0.7984496124015534,0.6111538461538462
0.4713740457997276,0.7974806201534933,0.47435897435897434
0.46374045801349717,0.7974806201534933,0.6057692307692307
0.5687022900741653,0.7596899224791479,0.7371794871794872
0.6068702290053173,0.7480620155024262,0.5961538461538461
0.5801526717535109,0.7655038759675087,0.8106410256410257
0.1202290076331289,0.5009689922470911,0.4358974358974359
0.5782442748069533,0.7645348837194486,0.8170512820512821
0.5725190839672805,0.7616279069752682,0.7284615384615384
0.5954198473259718,0.7422480620140655,0.7371794871794872
0.6030534351122021,0.746124031006306,0.6067948717948718
0.6087786259518749,0.7490310077504864,0.5435897435897437
0.6106870228984325,0.7499999999985465,0.6007692307692307
0.5706106870207229,0.760658914727208,0.6666666666666666
0.5763358778603956,0.7635658914713884,0.7666666666666666
0.5744274809138381,0.7625968992233283,0.7321794871794872
0.9999999999961833,0.999999999998062,0.36538461538461536
0.04007633587770963,0.05717054263554812,0.22653846153846155
0.04580152671738244,0.060077519379728536,0.28205128205128205
0.041984732824267235,0.058139534883608256,0.2512820512820512
0.5973282442725293,0.7655038759675087,0.6410256410256411
0.5916030534328565,0.7529069767427269,0.6051282051282052
0.6087786259518749,0.7596899224791479,0.7769230769230768
0.5877862595397413,0.7548449612388473,0.7371794871794872
0.6049618320587598,0.7616279069752682,0.6858974358974359
0.5839694656466261,0.7567829457349675,0.6153846153846154
0.5820610687000685,0.7577519379830276,0.6688461538461539
0.6106870228984325,0.7587209302310878,0.7916666666666666
0.6068702290053173,0.760658914727208,0.7578205128205128
0.6030534351122021,0.7625968992233283,0.7344871794871796
0.5858778625931838,0.7558139534869074,0.6666666666666666
0.08015267175541926,0.0697674418603299,0.16666666666666666
0.04961832061049764,0.05620155038748798,0.2948717948717949
0.03625954198459443,0.06104651162778867,0.23717948717948717
0.03244274809147923,0.06298449612390894,0.22217948717948716
0.04770992366394004,0.055232558139427845,0.27974358974358965
0.053435114503612845,0.05426356589136771,0.25961538461538464
0.4828244274790732,0.7974806201534933,0.5769230769230769
0.6049618320587598,0.746124031006306,0.5769230769230769
0.5992366412190869,0.7490310077504864,0.5833333333333334
0.5744274809138381,0.7616279069752682,0.6914102564102566
0.5706106870207229,0.7635658914713884,0.7058974358974359
0.5667938931276076,0.7655038759675087,0.7462820512820512
0.5687022900741653,0.7645348837194486,0.714871794871795
0.5725190839672805,0.7625968992233283,0.6994871794871795
0.5763358778603956,0.760658914727208,0.6611538461538461
0.5801526717535109,0.7587209302310878,0.6474358974358975
0.5782442748069533,0.7596899224791479,0.6812820512820513
0.04580152671738244,0.05620155038748798,0.23935897435897438
0.03625954198459443,0.05910852713166839,0.2564102564102564
0.03435114503803683,0.058139534883608256,0.27564102564102566
0.5916030534328565,0.7868217054248318,0.6602564102564102
0.6316793893105661,0.7451550387582458,0.6666666666666666
0.6412213740433541,0.7499999999985465,0.694871794871795
0.5648854961810501,0.7732558139519898,0.7435897435897436
0.6297709923640086,0.7441860465101857,0.5846153846153845
0.6431297709899118,0.7509689922466066,0.6837179487179487
0.5610687022879349,0.7713178294558696,0.8128205128205129
0.5591603053413773,0.7703488372078094,0.7717948717948718
0.5687022900741653,0.7751937984481101,0.5105128205128204
0.5534351145017045,0.767441860463629,0.6435897435897436
0.5515267175551468,0.7664728682155688,0.6556410256410257
0.5553435114482621,0.7684108527116892,0.6923076923076923
0.6393129770967966,0.7490310077504864,0.6930769230769231
0.5667938931276076,0.77422480620005,0.5192307692307693
0.5572519083948196,0.7693798449597493,0.7556410256410256
0.5858778625931838,0.7839147286806514,0.5470512820512821
0.6354961832036813,0.7470930232543661,0.532051282051282
0.6374045801502389,0.7480620155024262,0.6464102564102564
0.5629770992344925,0.7722868217039297,0.8044871794871795
0.6240458015243358,0.7412790697660053,0.6217948717948718
0.6335877862571238,0.746124031006306,0.5626923076923077
0.08969465648820728,0.05426356589136771,0.32051282051282054
0.6583969465623726,0.7335271317815242,0.4551282051282051
0.6679389312951606,0.7306201550373438,0.5032051282051282
0.6603053435089301,0.7344961240295843,0.4885897435897436
0.6641221374020454,0.732558139533464,0.482051282051282
0.08206106870197687,0.04360465116270619,0.3733333333333334
0.10687022900722569,0.03294573643404468,0.532051282051282
0.06297709923640085,0.04941860465106702,0.36448717948717957
0.07442748091574647,0.047480620154946744,0.3694871794871794
0.08015267175541926,0.04263565891464605,0.36538461538461536
0.06488549618295845,0.050387596899127154,0.3533333333333334
0.09160305343476488,0.04069767441852578,0.382051282051282
0.07251908396918887,0.04651162790688661,0.40025641025641023
0.09923664122099528,0.03682170542628523,0.48717948717948717
0.06679389312951606,0.05135658914718729,0.41448717948717945
0.07633587786230406,0.04844961240300688,0.3269230769230769
0.08778625954164967,0.038759689922405506,0.3932051282051282
0.07061068702263126,0.04554263565882647,0.28846153846153844
0.08587786259509207,0.03779069767434537,0.6282051282051282
0.08396946564853447,0.044573643410766334,0.35641025641025637
0.08969465648820728,0.03972868217046564,0.4
0.6793893129745062,0.7306201550373438,0.5576923076923077
0.6755725190813909,0.7286821705412235,0.5384615384615384
0.6774809160279486,0.7296511627892837,0.46794871794871795
0.6832061068676214,0.732558139533464,0.46628205128205136
0.6870229007607366,0.7344961240295843,0.48961538461538456
0.6812977099210638,0.7315891472854039,0.48717948717948717
0.6851145038141789,0.7335271317815242,0.4501282051282051
0.6030534351122021,0.7529069767427269,0.6384615384615384
0.6068702290053173,0.7548449612388473,0.6525641025641027
0.5839694656466261,0.7587209302310878,0.6819230769230769
0.6087786259518749,0.7577519379830276,0.6748717948717948
0.5896946564862989,0.7635658914713884,0.8685897435897436
0.5973282442725293,0.7519379844946668,0.6057692307692307
0.5916030534328565,0.7625968992233283,0.8356410256410257
0.5992366412190869,0.7509689922466066,0.6794871794871795
0.6106870228984325,0.7567829457349675,0.7467948717948718
0.6049618320587598,0.7558139534869074,0.6738461538461539
0.5858778625931838,0.7616279069752682,0.7765384615384614
0.6011450381656445,0.7538759689907871,0.6247435897435898
0.5954198473259718,0.7645348837194486,0.8108974358974359
0.5820610687000685,0.7596899224791479,0.7120512820512821
0.5877862595397413,0.760658914727208,0.729871794871795
0.10305343511411048,0.06492248062002923,0.25
0.5896946564862989,0.7800387596884107,0.6589743589743591
0.6374045801502389,0.7577519379830276,0.5769230769230769
0.6507633587761421,0.7490310077504864,0.5939743589743589
0.5820610687000685,0.7761627906961702,0.6987179487179487
0.5916030534328565,0.781007751936471,0.7051282051282052
0.6469465648830269,0.7432170542621256,0.5398717948717948
0.6145038167915478,0.7616279069752682,0.7371794871794872
0.6412213740433541,0.7558139534869074,0.7371794871794872
0.6354961832036813,0.7567829457349675,0.6410256410256411
0.6431297709899118,0.7451550387582458,0.5752564102564103
0.6622137404554878,0.7354651162776444,0.4857692307692308
0.6087786259518749,0.7703488372078094,0.7051282051282052
0.6698473282417182,0.7393410852698851,0.5543589743589743
0.6717557251882758,0.7403100775179452,0.5608974358974359
0.6335877862571238,0.7519379844946668,0.7261538461538461
0.6278625954174509,0.7529069767427269,0.7598717948717948
0.6679389312951606,0.7422480620140655,0.587948717948718
0.6545801526692574,0.7470930232543661,0.5791025641025641
0.6297709923640086,0.7538759689907871,0.7724358974358975
0.6660305343486029,0.7412790697660053,0.6175641025641025
0.5839694656466261,0.7771317829442304,0.7307692307692307
0.6393129770967966,0.7548449612388473,0.7076923076923077
0.6316793893105661,0.7509689922466066,0.717948717948718
0.6603053435089301,0.7383720930218248,0.492051282051282
0.6450381679364694,0.746124031006306,0.617948717948718
0.6583969465623726,0.7374031007737647,0.46153846153846156
0.6641221374020454,0.7364341085257046,0.46371794871794875
0.6488549618295846,0.7441860465101857,0.5555128205128205
0.5763358778603956,0.788759689920952,0.3632051282051282
0.5744274809138381,0.7877906976728919,0.391025641025641
0.6164122137381053,0.7587209302310878,0.7582051282051282
0.6183206106846629,0.7596899224791479,0.7115384615384616
0.6125954198449901,0.760658914727208,0.7564102564102564
0.04580152671738244,0.0,0.32051282051282054
0.05152671755705524,0.052325581395247435,0.33974358974358976
0.06106870228984325,0.047480620154946744,0.3525641025641026
0.6202290076312206,0.7451550387582458,0.5705128205128205
0.6507633587761421,0.760658914727208,0.5192307692307693
0.5667938931276076,0.7722868217039297,0.5384615384615384
0.6374045801502389,0.7383720930218248,0.5085897435897436
0.6316793893105661,0.7393410852698851,0.5576923076923077
0.6335877862571238,0.7403100775179452,0.5
0.5725190839672805,0.7713178294558696,0.5567948717948719
0.6431297709899118,0.7645348837194486,0.5042307692307693
0.6164122137381053,0.7470930232543661,0.6837179487179487
0.6278625954174509,0.7412790697660053,0.5576923076923077
0.6125954198449901,0.7490310077504864,0.5705128205128205
0.6221374045777781,0.746124031006306,0.6307692307692309
0.5782442748069533,0.7664728682155688,0.8111538461538461
0.5706106870207229,0.7703488372078094,0.8589743589743589
0.5763358778603956,0.7693798449597493,0.7247435897435898
0.5744274809138381,0.7684108527116892,0.8919230769230768
0.5801526717535109,0.767441860463629,0.7948717948717948
0.6259541984708933,0.7441860465101857,0.6067948717948718
0.6469465648830269,0.7625968992233283,0.4551282051282051
0.6488549618295846,0.7635658914713884,0.4893589743589744
0.5687022900741653,0.7732558139519898,0.5239743589743591
0.5629770992344925,0.77422480620005,0.7025641025641025
0.6145038167915478,0.7499999999985465,0.5897435897435898
0.6183206106846629,0.7480620155024262,0.6282051282051282
0.015267175572460812,0.055232558139427845,0.20512820512820512
0.026717557251806422,0.06104651162778867,0.241025641025641
0.028625954198364025,0.06395348837196908,0.358974358974359
0.02480916030524882,0.06201550387584881,0.23076923076923078
0.6354961832036813,0.7664728682155688,0.4423076923076923
0.6087786259518749,0.7529069767427269,0.6274358974358974
0.6030534351122021,0.7577519379830276,0.6841025641025641
0.6068702290053173,0.7519379844946668,0.6035897435897436
0.5992366412190869,0.7558139534869074,0.6846153846153847
0.5858778625931838,0.7645348837194486,0.8115384615384615
0.5839694656466261,0.7635658914713884,0.7897435897435897
0.5896946564862989,0.7587209302310878,0.6938461538461539
0.5820610687000685,0.7625968992233283,0.7808974358974359
0.5954198473259718,0.7616279069752682,0.8176923076923077
0.5935114503794141,0.760658914727208,0.7756410256410257
0.5877862595397413,0.7655038759675087,0.747051282051282
0.5973282442725293,0.7548449612388473,0.6166666666666666
0.6049618320587598,0.7509689922466066,0.6014102564102564
0.6106870228984325,0.7538759689907871,0.6615384615384615
0.6011450381656445,0.7567829457349675,0.6421794871794873
0.5916030534328565,0.7596899224791479,0.7202564102564103
0.07633587786230406,0.044573643410766334,0.3974358974358974
0.08206106870197687,0.047480620154946744,0.34615384615384615
0.08778625954164967,0.050387596899127154,0.2948717948717949
0.07824427480886166,0.04554263565882647,0.32602564102564113
0.08015267175541926,0.04651162790688661,0.34615384615384615
0.08396946564853447,0.04844961240300688,0.3717948717948718
0.4770992366394004,0.8003875968976737,0.4807692307692308
0.5916030534328565,0.7800387596884107,0.7307692307692307
0.6354961832036813,0.7577519379830276,0.5897435897435898
0.5839694656466261,0.7761627906961702,0.7487179487179488
0.6164122137381053,0.7596899224791479,0.717948717948718
0.6641221374020454,0.7354651162776444,0.5407692307692309
0.6431297709899118,0.746124031006306,0.5988461538461538
0.6183206106846629,0.7587209302310878,0.7371794871794872
0.6603053435089301,0.7374031007737647,0.46538461538461534
0.5973282442725293,0.7693798449597493,0.8974358974358975
0.6488549618295846,0.7432170542621256,0.5528205128205129
0.5820610687000685,0.7771317829442304,0.7403846153846154
0.6278625954174509,0.7538759689907871,0.69
0.6583969465623726,0.7383720930218248,0.4833333333333334
0.6316793893105661,0.7519379844946668,0.7165384615384616
0.6698473282417182,0.7403100775179452,0.5776923076923077
0.6297709923640086,0.7529069767427269,0.747051282051282
0.6717557251882758,0.7393410852698851,0.5934615384615386
0.6335877862571238,0.7509689922466066,0.6992307692307693
0.6679389312951606,0.7412790697660053,0.5808974358974359
0.6393129770967966,0.7558139534869074,0.6602564102564102
0.6660305343486029,0.7422480620140655,0.5833333333333334
0.6622137404554878,0.7364341085257046,0.46794871794871795
0.6469465648830269,0.7441860465101857,0.5715384615384616
0.6450381679364694,0.7451550387582458,0.5871794871794871
0.5763358778603956,0.7877906976728919,0.47692307692307695
0.5896946564862989,0.781007751936471,0.6708974358974359
0.14885496183149294,0.5087209302315723,0.41025641025641024
0.6412213740433541,0.7548449612388473,0.6474358974358975
0.5877862595397413,0.77422480620005,0.8282051282051281
0.5343511450361285,0.7693798449597493,0.6410256410256411
0.5458015267154741,0.7751937984481101,0.6787179487179487
0.5381679389292436,0.7790697674403506,0.6805128205128205
0.5477099236620316,0.7761627906961702,0.6874358974358975
0.5362595419826861,0.7781007751922905,0.6373076923076922
0.4942748091584188,0.7877906976728919,0.6384615384615384
0.5438931297689165,0.77422480620005,0.650128205128205
0.526717557249898,0.7732558139519898,0.7884615384615384
0.5496183206085893,0.7771317829442304,0.6717948717948719
0.7099236641194278,0.7374031007737647,0.34615384615384615
0.04389312977082484,0.05329457364330757,0.23397435897435898
0.03435114503803683,0.060077519379728536,0.24358974358974358
0.03625954198459443,0.05717054263554812,0.2692307692307692
0.041984732824267235,0.05620155038748798,0.21153846153846154
0.03244274809147923,0.05910852713166839,0.28846153846153844
0.013358778625903211,0.06879844961226977,0.2906410256410257
0.03816793893115203,0.058139534883608256,0.2606410256410256
0.04007633587770963,0.055232558139427845,0.34615384615384615
0.04580152671738244,0.05426356589136771,0.32051282051282054
