X,Y,RSRP
0.3130990415330462,0.7714016933193388,0.46153846153846156
0.31549520766722766,0.7648165569129542,0.5939743589743589
0.32667731629340785,0.7855126999044487,0.45051282051282054
0.3202875399355906,0.7779868297257234,0.5
0.3298722044723165,0.7817497648150861,0.41448717948717945
0.3242811501592264,0.7845719661321081,0.46474358974358976
0.3290734824275893,0.7826904985874268,0.5769230769230769
0.31150159744359185,0.7695202257746575,0.4935897435897436
0.3138977635777733,0.7704609595469982,0.5192307692307693
0.31709265175668194,0.7666980244576356,0.4935897435897436
0.699680511180991,0.36970837252987826,0.5923076923076923
0.7076677316282626,0.3828786453426475,0.5961538461538461
0.6956869009573552,0.3687676387575376,0.6743589743589743
0.6837060702864478,0.3508936970830651,0.6506410256410257
0.6829073482417206,0.3537158984000871,0.6871794871794871
0.6876996805100836,0.35559736594476843,0.6373076923076922
0.6653354632577231,0.34430856067668053,0.617948717948718
0.664536741212996,0.34336782690433987,0.5820512820512821
0.6813099041522663,0.3631232361234937,0.6855128205128205
0.6789137380180849,0.36406396989583434,0.7139743589743589
0.6869009584653564,0.35465663217242777,0.6294871794871794
0.7044728434493539,0.3941674506107353,0.5641025641025641
0.6773162939286305,0.35841956726179036,0.6778205128205129
0.6805111821075391,0.362182502351153,0.6842307692307693
0.694888178912628,0.36782690498519693,0.6987179487179487
0.6629392971235416,0.3452492944490212,0.54
0.6757188498391762,0.3603010348064717,0.6970512820512821
0.6781150159733577,0.359360301034131,0.6555128205128204
0.6110223642162763,0.2652869238000653,0.4551282051282051
0.6980830670915367,0.3715898400745596,0.5576923076923077
0.6765175718839034,0.36124176857881235,0.6947435897435897
0.6669329073471775,0.34995296331072445,0.5544871794871795
0.6972843450468095,0.36688617121285627,0.6496153846153846
0.6797124600628119,0.365004703668175,0.6969230769230769
0.6861022364206293,0.3574788334894497,0.6752564102564103
0.690095846644265,0.3734713076192409,0.6503846153846154
0.6884984025548108,0.3753527751639222,0.6785897435897437
0.6853035143759021,0.35653809971710904,0.6730769230769231
0.6916932907337193,0.37911571025328483,0.6730769230769231
0.6637380191682688,0.34619002822136186,0.5983333333333334
0.6964856230020823,0.3659454374405156,0.6560256410256411
0.6908945686889922,0.3744120413915816,0.5991025641025641
0.6932907348231737,0.3772342427086035,0.6388461538461538
0.6892971245995378,0.37629350893626284,0.6073076923076923
0.6821086261969934,0.35277516462774644,0.717948717948718
0.6924920127784465,0.3800564440256255,0.6346153846153846
0.6988817891362638,0.37253057384690025,0.5983333333333334
0.6940894568679008,0.37817497648094417,0.6367948717948718
0.6845047923311749,0.3518344308554058,0.5939743589743589
0.3314696485617708,0.760112888051251,0.5705128205128205
0.3338658146959523,0.7629350893682729,0.5274358974358975
0.3434504792326782,0.7742238946363609,0.5406410256410257
0.33945686900904243,0.765757290685295,0.5489743589743589
0.33067092651704366,0.7591721542789103,0.5470512820512821
0.33306709265122514,0.7582314205065697,0.5641025641025641
0.3410543130984967,0.7714016933193388,0.5769230769230769
0.33706070287486095,0.7666980244576356,0.5828205128205127
0.3450479233221325,0.7723424270916796,0.4917948717948718
0.3378594249195881,0.7676387582299762,0.44871794871794873
0.3418530351432239,0.7685794920023169,0.5416666666666666
0.34025559105376957,0.7704609595469982,0.5747435897435897
0.3442492012774054,0.7751646284087015,0.506923076923077
0.34265175718795104,0.7695202257746575,0.5085897435897436
0.347444089456314,0.7789275634980641,0.44320512820512814
0.3498402555904955,0.7817497648150861,0.44871794871794873
0.34584664536685966,0.7732831608640202,0.5448717948717948
0.33626198083013376,0.7619943555959323,0.5671794871794871
0.34664536741158686,0.7779868297257234,0.4725641025641026
0.33865814696431523,0.7648165569129542,0.5942307692307691
0.332268370606498,0.7572906867342291,0.5384615384615384
0.3346645367406795,0.7638758231406136,0.5656410256410257
0.3354632587854066,0.7610536218235916,0.5780769230769232
0.34824281150104114,0.7761053621810422,0.4470512820512821
0.3514376996799498,0.7798682972704047,0.4935897435897436
0.6829073482417206,0.4082784571958452,0.5419230769230768
0.7012779552704452,0.42991533395968035,0.5358974358974359
0.6765175718839034,0.40075258701711997,0.5519230769230768
0.6781150159733577,0.40263405456180124,0.565128205128205
0.7020766773151724,0.43085606773202095,0.5448717948717948
0.6869009584653564,0.4054562558788232,0.5505128205128205
0.6757188498391762,0.3998118532447793,0.5816666666666668
0.6821086261969934,0.40733772342350455,0.5517948717948719
0.6845047923311749,0.41015992474052654,0.5680769230769231
0.6813099041522663,0.39887111947243864,0.58
0.7060702875388082,0.428033866414999,0.5705128205128205
0.6805111821075391,0.397930385700098,0.5652564102564103
0.6773162939286305,0.40169332078946063,0.5816666666666668
0.6861022364206293,0.40451552210648256,0.5429487179487179
0.6853035143759021,0.4035747883341419,0.5384615384615384
0.6837060702864478,0.4092191909681859,0.5473076923076923
0.6797124600628119,0.3969896519277573,0.5894871794871795
0.6876996805100836,0.4063969896511639,0.5403846153846155
0.6789137380180849,0.39604891815541665,0.6151282051282052
0.009584664536725903,0.9915333960470526,0.5128205128205128
0.008785942491998745,0.9924741298193933,0.5747435897435897
0.01198083067090738,0.9915333960470526,0.44871794871794873
0.6637380191682688,0.41298212605754847,0.44871794871794873
0.6821086261969934,0.4063969896511639,0.5596153846153847
0.6653354632577231,0.4111006585128672,0.5384615384615384
0.6805111821075391,0.40075258701711997,0.5592307692307693
0.6757188498391762,0.39887111947243864,0.5935897435897436
0.6853035143759021,0.41015992474052654,0.5429487179487179
0.7020766773151724,0.428033866414999,0.6025641025641025
0.6813099041522663,0.3998118532447793,0.5725641025641025
0.7036741214046267,0.4261523988703177,0.5897435897435898
0.6869009584653564,0.4082784571958452,0.5421794871794873
0.7012779552704452,0.4289746001873397,0.5641025641025641
0.6773162939286305,0.3969896519277573,0.6015384615384616
0.6845047923311749,0.4035747883341419,0.5493589743589743
0.6861022364206293,0.4092191909681859,0.5411538461538461
0.7028753993598996,0.42709313264265836,0.5448717948717948
0.6797124600628119,0.40169332078946063,0.5662820512820513
0.6781150159733577,0.39604891815541665,0.5997435897435898
0.7044728434493539,0.4327375352767023,0.47435897435897434
0.6876996805100836,0.40733772342350455,0.5183333333333334
0.6829073482417206,0.4054562558788232,0.5307692307692309
0.6837060702864478,0.40451552210648256,0.5521794871794871
0.6765175718839034,0.397930385700098,0.6161538461538462
0.674920127794449,0.42238946378095504,0.5833333333333334
0.6932907348231737,0.4459078080894715,0.358974358974359
0.6789137380180849,0.40263405456180124,0.5670512820512821
0.6589456868999058,0.3838193791149881,0.47615384615384615
0.624600638976638,0.35841956726179036,0.47782051282051274
0.6621405750788145,0.38758231420435074,0.5256410256410257
0.6341853035133639,0.35465663217242777,0.4325641025641025
0.6349840255580911,0.35559736594476843,0.45974358974358975
0.6533546325868157,0.39228598306605406,0.5705128205128205
0.6261980830660924,0.3603010348064717,0.47628205128205137
0.6517571884973614,0.39040451552137273,0.5897435897435898
0.6541533546315429,0.39322671683839466,0.5576923076923077
0.6605431309893601,0.3857008466596694,0.5128205128205128
0.6613418530340873,0.3866415804320101,0.5384615384615384
0.6277955271555467,0.362182502351153,0.4862820512820514
0.6269968051108195,0.36124176857881235,0.4975641025641026
0.6301916932897281,0.365004703668175,0.47705128205128194
0.6293929712450009,0.36406396989583434,0.47435897435897434
0.6317891373791824,0.3518344308554058,0.4752564102564102
0.6253993610213652,0.359360301034131,0.48269230769230775
0.6333865814686368,0.3537158984000871,0.4423076923076923
0.6357827476028183,0.35653809971710904,0.4358974358974359
0.6285942492002738,0.3631232361234937,0.4935897435897436
0.6325878594239096,0.35277516462774644,0.4483333333333333
0.659744408944633,0.38476011288732875,0.5283333333333332
0.6581469648551787,0.3828786453426475,0.5288461538461539
0.6557507987209972,0.395108184383076,0.5470512820512821
0.6565495207657244,0.38099717779796616,0.22435897435897437
0.6573482428104516,0.3819379115703068,0.5448717948717948
0.6309904153344553,0.3508936970830651,0.5435897435897437
0.6437699680500898,0.3659454374405156,0.6923076923076923
0.11501597444071084,0.008466603951065915,0.36538461538461536
0.1118210862618022,0.027281279397879058,0.3333333333333333
0.10543130990398493,0.0197554092191538,0.40602564102564104
0.12859424920107254,0.03386641580426366,0.4423076923076923
0.08785942491998745,0.01881467544681314,0.5576923076923077
0.08067092651744302,0.027281279397879058,0.5384615384615384
0.08546325878580598,0.021636876763835116,0.48294871794871796
0.08865814696471461,0.017873941674472486,0.20512820512820512
0.08386581469635165,0.023518344308516428,0.5298717948717948
0.08706070287526028,0.0197554092191538,0.5576923076923077
0.0830670926516245,0.024459078080857087,0.5662820512820513
0.08146964856217018,0.0263405456255384,0.5384615384615384
0.08466453674107881,0.022577610536175772,0.5811538461538461
0.3162939297119548,0.6726246472235698,0.4246153846153847
0.31469648562250047,0.6707431796788885,0.39012820512820523
0.31549520766722766,0.6716839134512292,0.40935897435897445
0.31709265175668194,0.6735653809959106,0.44551282051282054
0.3138977635777733,0.6698024459065479,0.5160256410256411
0.3138977635777733,0.7695202257746575,0.5705128205128205
0.32747603833813504,0.7817497648150861,0.4957692307692308
0.31549520766722766,0.7676387582299762,0.4957692307692308
0.3242811501592264,0.7855126999044487,0.4807692307692308
0.32507987220395357,0.7864534336767893,0.5128205128205128
0.3282747603828622,0.7826904985874268,0.5384615384615384
0.3258785942486807,0.7836312323597674,0.517051282051282
0.31469648562250047,0.7666980244576356,0.6089743589743589
0.670127795526086,0.3283160865468893,0.6282051282051282
0.6972843450468095,0.40263405456180124,0.5128205128205128
0.6964856230020823,0.40169332078946063,0.5384615384615384
0.6884984025548108,0.40733772342350455,0.5111538461538462
0.690095846644265,0.4092191909681859,0.514102564102564
0.7012779552704452,0.42238946378095504,0.5423076923076923
0.6908945686889922,0.41015992474052654,0.5306410256410257
0.6956869009573552,0.40075258701711997,0.5512820512820513
0.7020766773151724,0.4233301975532957,0.5624358974358975
0.7108626198071711,0.4111006585128672,0.5256410256410257
0.6916932907337193,0.4035747883341419,0.5498717948717948
0.7036741214046267,0.42521166509797703,0.5897435897435898
0.6892971245995378,0.4082784571958452,0.5464102564102564
0.6924920127784465,0.40451552210648256,0.5419230769230768
0.6940894568679008,0.4063969896511639,0.5457692307692307
0.6932907348231737,0.4054562558788232,0.5219230769230768
0.694888178912628,0.3998118532447793,0.5769230769230769
0.972044728432952,0.6632173095001633,0.4273076923076923
0.9728434504776792,0.6622765757278226,0.35038461538461535
0.9736421725224064,0.661335841955482,0.4423076923076923
0.9480830670911372,0.6312323612405809,0.4469230769230769
0.9464856230016829,0.6331138287852622,0.47435897435897434
0.9456869009569557,0.634054562557603,0.49461538461538457
0.9752396166118606,0.6594543744108007,0.4384615384615385
0.9440894568675015,0.6359360301022843,0.4815384615384616
0.9760383386565878,0.65851364063846,0.4230769230769231
0.9768370607013149,0.6575729068661194,0.45897435897435895
0.9448881789122286,0.6349952963299436,0.48487179487179477
0.9472843450464101,0.6321730950129216,0.485
0.9744408945671335,0.6603951081831413,0.4538461538461539
0.7156549520755341,0.3631232361234937,0.30128205128205127
0.33865814696431523,0.7525870178725257,0.6025641025641025
0.33626198083013376,0.7478833490108224,0.5939743589743589
0.3410543130984967,0.7535277516448664,0.532051282051282
0.3346645367406795,0.7460018814661411,0.6105128205128205
0.34025559105376957,0.754468485417207,0.5683333333333334
0.33706070287486095,0.7507055503278444,0.6188461538461538
0.3354632587854066,0.7488240827831631,0.5987179487179487
0.332268370606498,0.7450611476938005,0.5523076923076923
0.3314696485617708,0.7422389463767785,0.610897435897436
0.33067092651704366,0.7431796801491192,0.6006410256410256
0.3338658146959523,0.7469426152384818,0.5862820512820514
0.33306709265122514,0.7441204139214598,0.5791025641025641
0.33945686900904243,0.7516462841001851,0.5851282051282052
0.3378594249195881,0.7497648165555038,0.6008974358974359
0.34265175718795104,0.7554092191895477,0.5
0.9169329073467781,0.6538099717767567,0.5726923076923077
0.9161341853020509,0.6528692380044161,0.6217948717948718
0.6317891373791824,0.34713076199370246,0.47435897435897434
0.6517571884973614,0.37253057384690025,0.5
0.659744408944633,0.3744120413915816,0.6410256410256411
0.6509584664526342,0.36970837252987826,0.6987179487179487
0.6581469648551787,0.3800564440256255,0.5865384615384616
0.6605431309893601,0.3734713076192409,0.6538461538461539
0.6222044728424565,0.35841956726179036,0.5044871794871794
0.6214057507977294,0.359360301034131,0.4783333333333334
0.6613418530340873,0.37629350893626284,0.6089743589743589
0.6309904153344553,0.3480714957660431,0.5641025641025641
0.6565495207657244,0.37817497648094417,0.5791025641025641
0.6541533546315429,0.3659454374405156,0.5641025641025641
0.6182108626188207,0.3631232361234937,0.47435897435897434
0.6190095846635479,0.362182502351153,0.47435897435897434
0.6557507987209972,0.36782690498519693,0.5806410256410257
0.6230031948871837,0.36124176857881235,0.48717948717948717
0.6325878594239096,0.34995296331072445,0.4583333333333333
0.619808306708275,0.365004703668175,0.45128205128205134
0.6206070287530022,0.36406396989583434,0.4630769230769231
0.6621405750788145,0.3753527751639222,0.6679487179487179
0.6589456868999058,0.37911571025328483,0.4948717948717948
0.6238019169319109,0.3603010348064717,0.48217948717948717
0.6573482428104516,0.3772342427086035,0.5769230769230769
0.6341853035133639,0.34430856067668053,0.5384615384615384
0.6365814696475454,0.3226716839128454,0.6025641025641025
0.699680511180991,0.37629350893626284,0.6346153846153846
0.674920127794449,0.3452492944490212,0.6217948717948718
0.7004792332257181,0.3753527751639222,0.5641025641025641
0.694888178912628,0.37817497648094417,0.6282051282051282
0.7012779552704452,0.3857008466596694,0.6089743589743589
0.6741214057497219,0.34619002822136186,0.7008974358974359
0.6789137380180849,0.3518344308554058,0.6346153846153846
0.6980830670915367,0.3744120413915816,0.6153846153846154
0.6869009584653564,0.36124176857881235,0.6915384615384615
0.690095846644265,0.37253057384690025,0.6674358974358975
0.6964856230020823,0.3800564440256255,0.559871794871795
0.6805111821075391,0.3537158984000871,0.6641025641025641
0.664536741212996,0.3424270931319992,0.6333333333333334
0.6821086261969934,0.3631232361234937,0.685128205128205
0.6653354632577231,0.34148635935965854,0.6367948717948718
0.6916932907337193,0.36688617121285627,0.6394871794871795
0.6876996805100836,0.3603010348064717,0.6779487179487179
0.6781150159733577,0.35653809971710904,0.6503846153846154
0.6773162939286305,0.3574788334894497,0.6546153846153846
0.6940894568679008,0.36782690498519693,0.6217948717948718
0.6837060702864478,0.365004703668175,0.6562820512820513
0.6853035143759021,0.359360301034131,0.6841025641025641
0.6685303514366318,0.3377234242702959,0.6025641025641025
0.6677316293919046,0.33866415804263655,0.5512820512820513
0.6924920127784465,0.3659454374405156,0.6434615384615384
0.6884984025548108,0.3706491063022189,0.647051282051282
0.6661341853024503,0.3367826904979553,0.5666666666666667
0.6892971245995378,0.36970837252987826,0.6575641025641027
0.6629392971235416,0.3405456255873179,0.5494871794871795
0.6637380191682688,0.3396048918149772,0.5842307692307691
0.6813099041522663,0.35277516462774644,0.6730769230769231
0.6829073482417206,0.362182502351153,0.6538461538461539
0.6932907348231737,0.3687676387575376,0.6234615384615384
0.6845047923311749,0.36406396989583434,0.6689743589743591
0.6908945686889922,0.3715898400745596,0.6375641025641026
0.6757188498391762,0.35559736594476843,0.6912820512820513
0.6956869009573552,0.3772342427086035,0.559871794871795
0.6861022364206293,0.35841956726179036,0.652051282051282
0.6988817891362638,0.3734713076192409,0.5128205128205128
0.7052715654940811,0.38099717779796616,0.5726923076923077
0.6765175718839034,0.35465663217242777,0.6944871794871795
0.7060702875388082,0.3838193791149881,0.5512820512820513
0.6733226837049947,0.34336782690433987,0.7371794871794872
0.669329073481359,0.3480714957660431,0.7147435897435898
0.6709265175708132,0.34995296331072445,0.735
0.33306709265122514,0.7629350893682729,0.5064102564102564
0.347444089456314,0.7723424270916796,0.5307692307692309
0.33865814696431523,0.7714016933193388,0.4971794871794872
0.3410543130984967,0.7648165569129542,0.5494871794871795
0.33706070287486095,0.7695202257746575,0.5175641025641026
0.3338658146959523,0.7582314205065697,0.5192307692307693
0.34025559105376957,0.765757290685295,0.5076923076923077
0.3434504792326782,0.7770460959533828,0.46371794871794875
0.3346645367406795,0.7572906867342291,0.5758974358974359
0.34824281150104114,0.7751646284087015,0.4423076923076923
0.34664536741158686,0.7732831608640202,0.4974358974358974
0.3314696485617708,0.7610536218235916,0.5961538461538461
0.34265175718795104,0.7666980244576356,0.5623076923076923
0.33626198083013376,0.7591721542789103,0.601923076923077
0.33945686900904243,0.7704609595469982,0.4230769230769231
0.3442492012774054,0.7761053621810422,0.4823076923076924
0.34584664536685966,0.7779868297257234,0.482051282051282
0.34904153354576833,0.7742238946363609,0.46153846153846156
0.3354632587854066,0.760112888051251,0.626923076923077
0.3378594249195881,0.7685794920023169,0.5743589743589743
0.3450479233221325,0.7789275634980641,0.5435897435897437
0.3418530351432239,0.7676387582299762,0.5673076923076923
0.0830670926516245,0.01881467544681314,0.4807692307692308
0.09185303514362324,0.0197554092191538,0.4807692307692308
0.07747603833853438,0.010348071495747228,0.36538461538461536
0.07587859424908007,0.008466603951065915,0.34615384615384615
0.09265175718835039,0.022577610536175772,0.5292307692307693
0.09025559105416892,0.025399811853197743,0.5537179487179487
0.08945686900944176,0.0263405456255384,0.5437179487179487
0.08865814696471461,0.023518344308516428,0.5769230769230769
0.09345047923307756,0.021636876763835116,0.5423076923076923
0.08785942491998745,0.024459078080857087,0.5567948717948719
0.07667731629380722,0.011288805268087886,0.3974358974358974
0.09105431309889608,0.020696142991494457,0.5865384615384616
0.08146964856217018,0.01693320790213183,0.5064102564102564
0.7044728434493539,0.35277516462774644,0.6378205128205128
0.6861022364206293,0.3913452492937134,0.6025641025641025
0.7052715654940811,0.3537158984000871,0.6264102564102564
0.7068690095835354,0.3518344308554058,0.5983333333333334
0.669329073481359,0.37911571025328483,0.6248717948717948
0.6773162939286305,0.38476011288732875,0.6728205128205129
0.6781150159733577,0.3857008466596694,0.6582051282051282
0.6845047923311749,0.39322671683839466,0.5893589743589743
0.6789137380180849,0.3828786453426475,0.6666666666666666
0.7020766773151724,0.3574788334894497,0.6410256410256411
0.7036741214046267,0.35559736594476843,0.6282051282051282
0.6669329073471775,0.3687676387575376,0.6974358974358975
0.6805111821075391,0.38099717779796616,0.6719230769230768
0.6741214057497219,0.3734713076192409,0.6908974358974359
0.6765175718839034,0.38758231420435074,0.6694871794871795
0.6853035143759021,0.39040451552137273,0.6030769230769232
0.6837060702864478,0.39228598306605406,0.5971794871794872
0.6637380191682688,0.37253057384690025,0.6715384615384615
0.674920127794449,0.3744120413915816,0.6921794871794871
0.6653354632577231,0.3706491063022189,0.6941025641025641
0.6821086261969934,0.3941674506107353,0.5806410256410257
0.6717252396155404,0.37817497648094417,0.6584615384615384
0.6677316293919046,0.3659454374405156,0.6921794871794871
0.6733226837049947,0.37629350893626284,0.6880769230769231
0.6629392971235416,0.3715898400745596,0.6794871794871795
0.6876996805100836,0.38946378174903207,0.6396153846153846
0.6709265175708132,0.3772342427086035,0.6588461538461539
0.6685303514366318,0.36688617121285627,0.6992307692307693
0.670127795526086,0.3800564440256255,0.6314102564102564
0.6813099041522663,0.3819379115703068,0.6694871794871795
0.7028753993598996,0.35465663217242777,0.5865384615384616
0.7012779552704452,0.35653809971710904,0.5961538461538461
0.6725239616602675,0.3753527751639222,0.6838461538461539
0.664536741212996,0.36970837252987826,0.6841025641025641
0.6661341853024503,0.36782690498519693,0.6932051282051281
0.6829073482417206,0.395108184383076,0.5861538461538461
0.6757188498391762,0.3866415804320101,0.6553846153846155
0.6797124600628119,0.3838193791149881,0.6482051282051282
0.6869009584653564,0.3885230479766914,0.6592307692307693
0.6269968051108195,0.34713076199370246,0.4423076923076923
0.6206070287530022,0.35465663217242777,0.4962820512820512
0.6230031948871837,0.3518344308554058,0.4230769230769231
0.624600638976638,0.34995296331072445,0.44871794871794873
0.6613418530340873,0.36688617121285627,0.6666666666666666
0.6533546325868157,0.37629350893626284,0.43102564102564106
0.6605431309893601,0.36782690498519693,0.6923076923076923
0.6517571884973614,0.37817497648094417,0.391025641025641
0.6222044728424565,0.35277516462774644,0.4948717948717948
0.6573482428104516,0.3715898400745596,0.6089743589743589
0.6549520766762701,0.3744120413915816,0.5042307692307693
0.6565495207657244,0.37253057384690025,0.5641025641025641
0.6581469648551787,0.3706491063022189,0.6410256410256411
0.659744408944633,0.3687676387575376,0.6666666666666666
0.6557507987209972,0.3734713076192409,0.5538461538461539
0.6509584664526342,0.37911571025328483,0.376025641025641
0.6525559105420886,0.3772342427086035,0.4367948717948717
0.6589456868999058,0.36970837252987826,0.7008974358974359
0.6621405750788145,0.3659454374405156,0.6983333333333334
0.6541533546315429,0.3753527751639222,0.4387179487179487
0.6214057507977294,0.3537158984000871,0.4725641025641026
0.619808306708275,0.35559736594476843,0.4957692307692308
0.6253993610213652,0.3490122295383838,0.3974358974358974
0.32348242811449923,0.7676387582299762,0.28846153846153844
0.3194888178908634,0.7704609595469982,0.48717948717948717
0.31469648562250047,0.7723424270916796,0.41025641025641024
0.3258785942486807,0.7629350893682729,0.5128205128205128
0.32747603833813504,0.7572906867342291,0.6067948717948718
0.3067092651752289,0.7855126999044487,0.3717948717948718
0.32507987220395357,0.7619943555959323,0.5608974358974359
0.10942492012762073,0.06961429915320863,0.3269230769230769
0.11102236421707505,0.06773283160852732,0.2948717948717949
0.12779552715634537,0.0460959548446922,0.36538461538461536
0.11261980830652936,0.06585136406384601,0.27564102564102566
0.10862619808289357,0.06867356538086797,0.38461538461538464
0.10702875399343925,0.07055503292554928,0.28205128205128205
0.1078274760381664,0.07149576669788994,0.3333333333333333
0.6190095846635479,0.28410159924687844,0.4166666666666667
0.6493610223631799,0.3198494825958234,0.40461538461538465
0.6621405750788145,0.33490122295327396,0.5805128205128205
0.6605431309893601,0.33301975540859263,0.6211538461538462
0.6453674121395442,0.31514581373412015,0.46794871794871795
0.6357827476028183,0.30385700846603225,0.46794871794871795
0.659744408944633,0.33207902163625197,0.6039743589743589
0.6549520766762701,0.32643461900220805,0.5851282051282052
0.6509584664526342,0.32173095014050473,0.6474358974358975
0.6525559105420886,0.32361241768518606,0.4208974358974359
0.6613418530340873,0.3339604891809333,0.5966666666666668
0.6565495207657244,0.3283160865468893,0.6248717948717948
0.6349840255580911,0.3029162746936916,0.532051282051282
0.6581469648551787,0.33019755409157064,0.6147435897435898
0.6589456868999058,0.3311382878639113,0.6021794871794872
0.6557507987209972,0.3273753527745487,0.5414102564102564
0.6541533546315429,0.3254938852298674,0.6337179487179488
0.6485623003184527,0.3189087488234828,0.47435897435897434
0.6573482428104516,0.32925682031923,0.602948717948718
0.6477635782737257,0.31796801505114214,0.5064102564102564
0.6517571884973614,0.3226716839128454,0.6217948717948718
0.6501597444079071,0.32079021636816407,0.5128205128205128
0.694888178912628,0.3734713076192409,0.6410256410256411
0.674920127794449,0.34995296331072445,0.7008974358974359
0.7028753993598996,0.3828786453426475,0.6538461538461539
0.6805111821075391,0.35653809971710904,0.6794871794871795
0.670127795526086,0.34430856067668053,0.6128205128205128
0.6845047923311749,0.36124176857881235,0.6725641025641025
0.6908945686889922,0.3687676387575376,0.612051282051282
0.6813099041522663,0.3574788334894497,0.6653846153846155
0.6853035143759021,0.362182502351153,0.6643589743589743
0.6821086261969934,0.35841956726179036,0.6683333333333332
0.6876996805100836,0.365004703668175,0.6726923076923077
0.6869009584653564,0.36406396989583434,0.6842307692307693
0.6940894568679008,0.37253057384690025,0.623076923076923
0.6669329073471775,0.3405456255873179,0.6624358974358975
0.6637380191682688,0.3367826904979553,0.5214102564102564
0.6892971245995378,0.36688617121285627,0.6455128205128204
0.6653354632577231,0.33866415804263655,0.5526923076923077
0.6661341853024503,0.3396048918149772,0.5470512820512821
0.664536741212996,0.3377234242702959,0.6111538461538462
0.6629392971235416,0.3358419567256146,0.5307692307692309
0.6861022364206293,0.3631232361234937,0.6775641025641025
0.690095846644265,0.36782690498519693,0.5867948717948718
0.6932907348231737,0.3715898400745596,0.6307692307692309
0.669329073481359,0.34336782690433987,0.358974358974359
0.6884984025548108,0.3659454374405156,0.6623076923076923
0.6837060702864478,0.3603010348064717,0.6333333333333334
0.6829073482417206,0.359360301034131,0.6351282051282052
0.6685303514366318,0.3424270931319992,0.5833333333333334
0.6773162939286305,0.35277516462774644,0.6810256410256411
0.6924920127784465,0.3706491063022189,0.6132051282051282
0.6916932907337193,0.36970837252987826,0.6324358974358975
0.6972843450468095,0.37629350893626284,0.5512820512820513
0.699680511180991,0.37911571025328483,0.5480769230769231
0.6789137380180849,0.35465663217242777,0.6842307692307693
0.6797124600628119,0.35559736594476843,0.652948717948718
0.6765175718839034,0.3518344308554058,0.6644871794871795
0.7060702875388082,0.3866415804320101,0.532051282051282
0.6781150159733577,0.3537158984000871,0.5897435897435898
0.6741214057497219,0.3490122295383838,0.6410256410256411
0.6717252396155404,0.34619002822136186,0.5641025641025641
0.6565495207657244,0.32173095014050473,0.4807692307692308
0.6214057507977294,0.28033866415751585,0.5448717948717948
0.6222044728424565,0.2793979303851752,0.4423076923076923
0.6509584664526342,0.3283160865468893,0.6538461538461539
0.6381789137369998,0.3132643461894388,0.5085897435897436
0.6541533546315429,0.33207902163625197,0.6410256410256411
0.6413738019159083,0.3170272812788015,0.5470512820512821
0.6429712460053627,0.3189087488234828,0.5542307692307693
0.6389776357817268,0.3160865475064608,0.33653846153846156
0.6533546325868157,0.33301975540859263,0.6206410256410256
0.6557507987209972,0.3339604891809333,0.6334615384615384
0.6549520766762701,0.33490122295327396,0.627948717948718
0.639776357826454,0.31514581373412015,0.5256410256410257
0.6405750798711812,0.31796801505114214,0.4897435897435898
0.6421725239606355,0.3198494825958234,0.517948717948718
0.6525559105420886,0.33019755409157064,0.6338461538461538
0.6501597444079071,0.32925682031923,0.6301282051282052
0.6517571884973614,0.3311382878639113,0.6362820512820512
0.6190095846635479,0.27563499529581253,0.41025641025641024
0.10463258785925778,0.008466603951065915,0.4230769230769231
0.11261980830652936,0.017873941674472486,0.42782051282051287
0.11102236421707505,0.01599247412979117,0.4382051282051283
0.1078274760381664,0.012229539040428544,0.508974358974359
0.11022364217234788,0.01693320790213183,0.41025641025641024
0.1062300319487121,0.010348071495747228,0.49384615384615377
0.10702875399343925,0.0131702728127692,0.4983333333333334
0.10543130990398493,0.011288805268087886,0.49461538461538457
0.10942492012762073,0.014111006585109857,0.4585897435897435
0.10862619808289357,0.015051740357450515,0.47294871794871796
0.11341853035125653,0.020696142991494457,0.3635897435897436
0.12220447284325527,0.029162746942560373,0.3632051282051282
0.1118210862618022,0.01881467544681314,0.41025641025641024
0.11501597444071084,0.022577610536175772,0.3333333333333333
0.11821086261961947,0.0263405456255384,0.28205128205128205
0.12460063897743674,0.03386641580426366,0.5064102564102564
0.9361022364202299,0.6519285042320754,0.5833333333333334
0.9297124600624126,0.6444026340533502,0.6666666666666666
0.9329073482413213,0.655691439321438,0.6025641025641025
0.9305111821071398,0.6453433678256908,0.46153846153846156
0.9353035143755027,0.6547507055490974,0.6496153846153846
0.936900958464957,0.6528692380044161,0.6089743589743589
0.9249201277940496,0.650047036687394,0.6196153846153846
0.9376996805096842,0.6650987770448447,0.5189743589743591
0.9257188498387768,0.6509877704597348,0.5512820512820513
0.9384984025544114,0.6660395108171853,0.5441025641025641
0.9392971245991385,0.6632173095001633,0.5455128205128205
0.9337060702860485,0.6566321730937786,0.6666666666666666
0.9424920127780472,0.6594543744108007,0.6282051282051282
0.10383386581453062,0.0018814675446813143,0.42948717948717946
0.10543130990398493,0.0037629350893626286,0.38884615384615384
0.13578274760361697,0.024459078080857087,0.20512820512820512
0.10463258785925778,0.0009407337723406572,0.42948717948717946
0.6589456868999058,0.397930385700098,0.5214102564102564
0.6613418530340873,0.40263405456180124,0.5
0.3650159744403115,0.7441204139214598,0.5064102564102564
0.36421725239558433,0.7450611476938005,0.5064102564102564
0.6557507987209972,0.4092191909681859,0.6217948717948718
0.36102236421667566,0.7563499529618883,0.3717948717948718
0.6573482428104516,0.39604891815541665,0.5769230769230769
0.3682108626192201,0.7478833490108224,0.4423076923076923
0.36741214057449295,0.7488240827831631,0.4358974358974359
0.6493610223631799,0.36688617121285627,0.44871794871794873
0.6253993610213652,0.365004703668175,0.47717948717948716
0.6285942492002738,0.36124176857881235,0.4984615384615384
0.6573482428104516,0.38758231420435074,0.5128205128205128
0.6317891373791824,0.3574788334894497,0.4825641025641026
0.6541533546315429,0.3913452492937134,0.5619230769230769
0.6621405750788145,0.3819379115703068,0.5653846153846153
0.6261980830660924,0.362182502351153,0.46730769230769237
0.6277955271555467,0.3603010348064717,0.46846153846153854
0.6293929712450009,0.35841956726179036,0.4912820512820512
0.6565495207657244,0.3866415804320101,0.47217948717948716
0.6581469648551787,0.38476011288732875,0.5184615384615384
0.6309904153344553,0.35653809971710904,0.4326923076923077
0.624600638976638,0.36406396989583434,0.47435897435897434
0.6357827476028183,0.3508936970830651,0.4358974358974359
0.6589456868999058,0.3857008466596694,0.5155128205128204
0.6557507987209972,0.38946378174903207,0.532051282051282
0.6269968051108195,0.3631232361234937,0.47243589743589737
0.6365814696475454,0.3518344308554058,0.4273076923076923
0.6301916932897281,0.359360301034131,0.4978205128205128
0.6333865814686368,0.35559736594476843,0.4332051282051283
0.659744408944633,0.3828786453426475,0.5256410256410257
0.6325878594239096,0.35465663217242777,0.4480769230769231
0.6341853035133639,0.35277516462774644,0.41500000000000004
0.6477635782737257,0.3687676387575376,0.5448717948717948
0.6349840255580911,0.3537158984000871,0.47064102564102556
0.6605431309893601,0.3838193791149881,0.54
0.6613418530340873,0.38099717779796616,0.5817948717948718
0.6126198083057306,0.34995296331072445,0.5705128205128205
0.3514376996799498,0.7337723424257125,0.3717948717948718
0.34025559105376957,0.7431796801491192,0.5641025641025641
0.34584664536685966,0.7403574788320971,0.7115384615384616
0.33706070287486095,0.7469426152384818,0.5475641025641025
0.34265175718795104,0.7441204139214598,0.4807692307692308
0.3418530351432239,0.7450611476938005,0.5384615384615384
0.3346645367406795,0.7497648165555038,0.5983333333333334
0.3354632587854066,0.7525870178725257,0.5778205128205127
0.3314696485617708,0.7535277516448664,0.6303846153846154
0.32108626198031776,0.7055503292554929,0.6282051282051282
0.33626198083013376,0.7516462841001851,0.5870512820512821
0.33306709265122514,0.7554092191895477,0.6162820512820512
0.3338658146959523,0.7507055503278444,0.5897435897435898
0.332268370606498,0.7563499529618883,0.5641025641025641
0.3378594249195881,0.7460018814661411,0.5410256410256411
0.6613418530340873,0.3772342427086035,0.6538461538461539
0.6341853035133639,0.3490122295383838,0.46153846153846156
0.6517571884973614,0.3659454374405156,0.5
0.659744408944633,0.37911571025328483,0.5037179487179488
0.6182108626188207,0.3603010348064717,0.47012820512820513
0.619808306708275,0.35841956726179036,0.5342307692307693
0.6589456868999058,0.3744120413915816,0.6666666666666666
0.6533546325868157,0.3715898400745596,0.4967948717948718
0.6214057507977294,0.36406396989583434,0.47435897435897434
0.6230031948871837,0.362182502351153,0.4583333333333333
0.6549520766762701,0.36970837252987826,0.5897435897435898
0.6557507987209972,0.3706491063022189,0.6846153846153847
0.6238019169319109,0.3631232361234937,0.4855128205128206
0.6190095846635479,0.36124176857881235,0.4198717948717949
0.6222044728424565,0.365004703668175,0.507051282051282
0.6349840255580911,0.34995296331072445,0.4551282051282051
0.6206070287530022,0.359360301034131,0.4633333333333333
0.6373801916922726,0.3828786453426475,0.5641025641025641
0.6581469648551787,0.3734713076192409,0.6067948717948718
0.6541533546315429,0.37253057384690025,0.4391025641025641
0.6573482428104516,0.37629350893626284,0.6880769230769231
0.6605431309893601,0.3800564440256255,0.5712820512820513
0.6621405750788145,0.37817497648094417,0.6511538461538462
0.9472843450464101,0.6434619002810095,0.4384615384615385
0.9496805111805916,0.6406396989639875,0.5064102564102564
0.9560702875384088,0.6481655691427127,0.46666666666666673
0.961661341851499,0.6566321730937786,0.4358974358974359
0.9536741214042274,0.6509877704597348,0.5047435897435898
0.9289137380176855,0.6801505174022952,0.482051282051282
0.9504792332253187,0.6472248353703721,0.5424358974358975
0.9544728434489546,0.650047036687394,0.496025641025641
0.9576677316278631,0.6538099717767567,0.49089743589743595
0.9273162939282311,0.6745061147682512,0.4401282051282051
0.9584664536725903,0.6528692380044161,0.46192307692307694
0.9552715654936816,0.6491063029150534,0.5128205128205128
0.9624600638962261,0.655691439321438,0.4580769230769231
0.9448881789122286,0.6387582314193062,0.5458974358974359
0.9337060702860485,0.6820319849469765,0.391025641025641
0.9456869009569557,0.6378174976469656,0.5217948717948718
0.9592651757173175,0.6519285042320754,0.46794871794871795
0.931309904151867,0.6848541862639984,0.44551282051282054
0.9440894568675015,0.6396989651916468,0.5644871794871795
0.9656549520751347,0.6594543744108007,0.4351282051282051
0.956869009583136,0.6547507055490974,0.4962820512820512
0.9600638977620446,0.65851364063846,0.48294871794871796
0.9648562300304075,0.6603951081831413,0.4401282051282051
0.9297124600624126,0.6792097836299544,0.4855128205128206
0.9329073482413213,0.6829727187193171,0.4358974358974359
0.9321086261965941,0.6839134524916578,0.46474358974358976
0.9305111821071398,0.6782690498576138,0.4823076923076924
0.9512779552700459,0.6462841015980315,0.47064102564102556
0.9464856230016829,0.6368767638746249,0.5307692307692309
0.9608626198067718,0.6575729068661194,0.4423076923076923
0.9528753993595002,0.6444026340533502,0.48717948717948717
0.11421725239598368,0.0526810912510768,0.33974358974358976
0.12220447284325527,0.05832549388512075,0.376025641025641
0.11341853035125653,0.05174035747873614,0.3375641025641025
0.12300319488798242,0.06302916274682403,0.3141025641025641
0.690095846644265,0.35277516462774644,0.6282051282051282
0.6884984025548108,0.3508936970830651,0.5769230769230769
0.7004792332257181,0.365004703668175,0.6196153846153846
0.6916932907337193,0.35465663217242777,0.6282051282051282
0.6964856230020823,0.3603010348064717,0.6794871794871795
0.669329073481359,0.3885230479766914,0.5805128205128205
0.6821086261969934,0.3734713076192409,0.7023076923076923
0.7108626198071711,0.34713076199370246,0.6111538461538462
0.6940894568679008,0.3574788334894497,0.6880769230769231
0.674920127794449,0.395108184383076,0.616923076923077
0.6677316293919046,0.3866415804320101,0.6198717948717948
0.6629392971235416,0.38099717779796616,0.5519230769230768
0.6932907348231737,0.35653809971710904,0.647948717948718
0.6797124600628119,0.3706491063022189,0.7197435897435898
0.6861022364206293,0.37817497648094417,0.6938461538461539
0.6733226837049947,0.39322671683839466,0.6683333333333332
0.6781150159733577,0.3687676387575376,0.7147435897435898
0.6757188498391762,0.3659454374405156,0.7062820512820513
0.6837060702864478,0.3753527751639222,0.6920512820512821
0.6956869009573552,0.359360301034131,0.6243589743589744
0.6741214057497219,0.3941674506107353,0.6428205128205128
0.6805111821075391,0.3715898400745596,0.6787179487179487
0.6685303514366318,0.38758231420435074,0.626025641025641
0.6789137380180849,0.36970837252987826,0.7053846153846154
0.6845047923311749,0.37629350893626284,0.7006410256410257
0.6853035143759021,0.3772342427086035,0.6808974358974359
0.6813099041522663,0.37253057384690025,0.6915384615384615
0.6829073482417206,0.3744120413915816,0.6970512820512821
0.6773162939286305,0.36782690498519693,0.7132051282051282
0.6765175718839034,0.36688617121285627,0.7028205128205127
0.6661341853024503,0.38476011288732875,0.5741025641025641
0.664536741212996,0.3828786453426475,0.5784615384615385
0.6669329073471775,0.3857008466596694,0.5993589743589743
0.6717252396155404,0.3913452492937134,0.6698717948717948
0.6876996805100836,0.3800564440256255,0.6866666666666666
0.6653354632577231,0.3838193791149881,0.5769230769230769
0.6980830670915367,0.362182502351153,0.6311538461538462
0.6869009584653564,0.37911571025328483,0.6742307692307693
0.6637380191682688,0.3819379115703068,0.5284615384615384
0.694888178912628,0.35841956726179036,0.6401282051282052
0.6972843450468095,0.36124176857881235,0.631923076923077
0.699680511180991,0.36406396989583434,0.6175641025641025
0.6709265175708132,0.39040451552137273,0.6641025641025641
0.6924920127784465,0.35559736594476843,0.6506410256410257
0.670127795526086,0.38946378174903207,0.6617948717948718
0.6908945686889922,0.3537158984000871,0.6442307692307693
0.6725239616602675,0.39228598306605406,0.6624358974358975
0.6988817891362638,0.3631232361234937,0.6297435897435898
0.7228434504780785,0.34336782690433987,0.3932051282051282
0.9999999999984026,0.6716839134512292,0.41025641025641024
0.9984025559089482,0.6735653809959106,0.46153846153846156
0.6884984025548108,0.34430856067668053,0.6923076923076923
0.6916932907337193,0.3480714957660431,0.6410256410256411
0.7028753993598996,0.36124176857881235,0.6324358974358975
0.6837060702864478,0.3838193791149881,0.6314102564102564
0.6637380191682688,0.3734713076192409,0.6642307692307693
0.6653354632577231,0.3753527751639222,0.6574358974358975
0.6789137380180849,0.39322671683839466,0.6157692307692307
0.6845047923311749,0.3828786453426475,0.6817948717948719
0.669329073481359,0.36688617121285627,0.7010256410256411
0.6821086261969934,0.3819379115703068,0.6683333333333332
0.6733226837049947,0.36970837252987826,0.6967948717948718
0.6741214057497219,0.37253057384690025,0.6951282051282052
0.6661341853024503,0.37817497648094417,0.6284615384615384
0.6829073482417206,0.38099717779796616,0.6648717948717948
0.6853035143759021,0.3857008466596694,0.6491025641025641
0.674920127794449,0.3715898400745596,0.6917948717948718
0.6805111821075391,0.395108184383076,0.5953846153846154
0.6725239616602675,0.3706491063022189,0.6844871794871795
0.6773162939286305,0.3913452492937134,0.652051282051282
0.6797124600628119,0.39228598306605406,0.6233333333333334
0.6813099041522663,0.3941674506107353,0.5906410256410256
0.6677316293919046,0.3800564440256255,0.621923076923077
0.6709265175708132,0.3687676387575376,0.6884615384615385
0.6685303514366318,0.37911571025328483,0.6435897435897436
0.6717252396155404,0.36782690498519693,0.6937179487179487
0.6781150159733577,0.39040451552137273,0.6421794871794873
0.6757188498391762,0.38946378174903207,0.6578205128205129
0.6669329073471775,0.3772342427086035,0.642051282051282
0.6869009584653564,0.38758231420435074,0.6592307692307693
0.6765175718839034,0.3885230479766914,0.6776923076923077
0.670127795526086,0.3659454374405156,0.6997435897435897
0.6629392971235416,0.3744120413915816,0.6658974358974359
0.7012779552704452,0.359360301034131,0.6373076923076922
0.7020766773151724,0.35841956726179036,0.6247435897435898
0.664536741212996,0.37629350893626284,0.6597435897435897
0.7052715654940811,0.362182502351153,0.658076923076923
0.6876996805100836,0.3866415804320101,0.6465384615384616
0.6861022364206293,0.38476011288732875,0.6526923076923077
0.7084664536729897,0.3508936970830651,0.6880769230769231
0.09984025559089482,0.038570084665966946,0.3932051282051282
0.09904153354616767,0.0395108184383076,0.34615384615384615
0.09744408945671335,0.04139228598298891,0.3534615384615384
0.09824281150144051,0.04045155221064826,0.34769230769230774
0.674920127794449,0.41298212605754847,0.5448717948717948
0.6725239616602675,0.4120413922852078,0.532051282051282
0.6805111821075391,0.4063969896511639,0.5756410256410257
0.6757188498391762,0.4082784571958452,0.5608974358974359
0.6813099041522663,0.4054562558788232,0.5588461538461539
0.699680511180991,0.4440263405447902,0.6153846153846154
0.6781150159733577,0.4092191909681859,0.5470512820512821
0.6869009584653564,0.39887111947243864,0.5246153846153846
0.6845047923311749,0.40169332078946063,0.5466666666666666
0.6741214057497219,0.41392285982988913,0.5961538461538461
0.6797124600628119,0.4035747883341419,0.5678205128205129
0.6853035143759021,0.3969896519277573,0.5443589743589743
0.6861022364206293,0.39604891815541665,0.5516666666666666
0.7084664536729897,0.42991533395968035,0.6089743589743589
0.6876996805100836,0.397930385700098,0.5329487179487179
0.6837060702864478,0.40263405456180124,0.5591025641025641
0.7060702875388082,0.43650047036606493,0.5192307692307693
0.6829073482417206,0.3998118532447793,0.5635897435897436
0.6789137380180849,0.40451552210648256,0.5971794871794872
0.6765175718839034,0.40733772342350455,0.5769230769230769
0.7044728434493539,0.4346190028213836,0.6089743589743589
0.6821086261969934,0.40075258701711997,0.5496153846153847
0.6773162939286305,0.41015992474052654,0.6025641025641025
0.891373801915509,0.5663217309490756,0.4935897435897436
0.8905750798707819,0.5672624647214163,0.47115384615384615
0.6964856230020823,0.3687676387575376,0.6794871794871795
0.6685303514366318,0.3490122295383838,0.6602564102564102
0.6988817891362638,0.36970837252987826,0.6474358974358975
0.6916932907337193,0.37817497648094417,0.6452564102564102
0.6677316293919046,0.34995296331072445,0.6666666666666666
0.6940894568679008,0.37911571025328483,0.6324358974358975
0.6884984025548108,0.3744120413915816,0.665
0.6972843450468095,0.36782690498519693,0.586923076923077
0.664536741212996,0.34619002822136186,0.5487179487179487
0.6773162939286305,0.36124176857881235,0.6980769230769232
0.6805111821075391,0.365004703668175,0.6378205128205128
0.6797124600628119,0.362182502351153,0.7082051282051282
0.6869009584653564,0.3574788334894497,0.6576923076923077
0.6765175718839034,0.35841956726179036,0.6741025641025641
0.6956869009573552,0.3659454374405156,0.655
0.6932907348231737,0.3800564440256255,0.6111538461538462
0.6892971245995378,0.3734713076192409,0.6355128205128204
0.6781150159733577,0.3603010348064717,0.6776923076923077
0.6757188498391762,0.359360301034131,0.6834615384615385
0.6637380191682688,0.34336782690433987,0.6062820512820514
0.6629392971235416,0.34430856067668053,0.6047435897435898
0.6861022364206293,0.35465663217242777,0.6867948717948718
0.6789137380180849,0.3631232361234937,0.7093589743589743
0.6653354632577231,0.3452492944490212,0.5085897435897436
0.690095846644265,0.37629350893626284,0.6496153846153846
0.694888178912628,0.36688617121285627,0.6482051282051282
0.7012779552704452,0.38946378174903207,0.4551282051282051
0.6821086261969934,0.3518344308554058,0.6324358974358975
0.6829073482417206,0.3508936970830651,0.6846153846153847
0.6853035143759021,0.35559736594476843,0.6338461538461538
0.6813099041522663,0.36406396989583434,0.6771794871794871
0.6924920127784465,0.3772342427086035,0.6346153846153846
0.6908945686889922,0.3753527751639222,0.6153846153846154
0.6837060702864478,0.3537158984000871,0.7033333333333334
0.6845047923311749,0.35277516462774644,0.6951282051282052
0.6709265175708132,0.33866415804263655,0.6666666666666666
0.7044728434493539,0.39322671683839466,0.6410256410256411
0.6876996805100836,0.35653809971710904,0.6506410256410257
0.6669329073471775,0.34713076199370246,0.5983333333333334
0.6980830670915367,0.3706491063022189,0.6089743589743589
0.7092651757177169,0.3838193791149881,0.6282051282051282
0.6781150159733577,0.4111006585128672,0.5769230769230769
0.6813099041522663,0.4148635936022298,0.5737179487179487
0.6845047923311749,0.41862652869159245,0.5717948717948718
0.6869009584653564,0.4233301975532957,0.517051282051282
0.690095846644265,0.42709313264265836,0.5897435897435898
0.6773162939286305,0.4120413922852078,0.4935897435897436
0.6940894568679008,0.42991533395968035,0.5538461538461539
0.6876996805100836,0.42238946378095504,0.5737179487179487
0.6765175718839034,0.41298212605754847,0.5214102564102564
0.6924920127784465,0.4317968015043616,0.4519230769230769
0.6932907348231737,0.43085606773202095,0.5608974358974359
0.7060702875388082,0.4459078080894715,0.6794871794871795
0.710063897762444,0.44873000940649344,0.5833333333333334
0.6964856230020823,0.4346190028213836,0.46153846153846156
0.6972843450468095,0.43367826904904294,0.4935897435897436
0.6956869009573552,0.43555973659372427,0.5064102564102564
0.694888178912628,0.43650047036606493,0.532051282051282
0.6805111821075391,0.41580432737457046,0.5307692307692309
0.6789137380180849,0.4176857949192518,0.5705128205128205
0.6908945686889922,0.4261523988703177,0.47435897435897434
0.6797124600628119,0.4167450611469111,0.5576923076923077
0.35623003194831276,0.760112888051251,0.4316666666666667
0.35782747603776704,0.7582314205065697,0.47012820512820513
0.674920127794449,0.40733772342350455,0.5705128205128205
0.6733226837049947,0.4092191909681859,0.5512820512820513
0.6685303514366318,0.3998118532447793,0.6057692307692307
0.6669329073471775,0.40169332078946063,0.5769230769230769
0.36341853035085714,0.7666980244576356,0.3269230769230769
0.6629392971235416,0.39887111947243864,0.6538461538461539
0.6757188498391762,0.41392285982988913,0.5342307692307693
0.6829073482417206,0.4205079962362738,0.532051282051282
0.6717252396155404,0.4035747883341419,0.5939743589743589
0.6837060702864478,0.4195672624639331,0.532051282051282
0.6677316293919046,0.40075258701711997,0.6132051282051282
0.6709265175708132,0.40451552210648256,0.6116666666666666
0.6757188498391762,0.4111006585128672,0.6153846153846154
0.6821086261969934,0.41862652869159245,0.5512820512820513
0.6653354632577231,0.39887111947243864,0.6987179487179487
0.6797124600628119,0.41580432737457046,0.5224358974358975
0.6765175718839034,0.4120413922852078,0.5897435897435898
0.6725239616602675,0.40733772342350455,0.5615384615384615
0.3570287539930399,0.7582314205065697,0.5192307692307693
0.6813099041522663,0.4176857949192518,0.5219230769230768
0.6861022364206293,0.4233301975532957,0.5608974358974359
0.6805111821075391,0.4167450611469111,0.532051282051282
0.6853035143759021,0.42238946378095504,0.5576923076923077
0.3666134185297658,0.7695202257746575,0.2948717948717949
0.6876996805100836,0.42521166509797703,0.6196153846153846
0.6629392971235416,0.39604891815541665,0.5666666666666667
0.664536741212996,0.397930385700098,0.559871794871795
0.35782747603776704,0.7591721542789103,0.4423076923076923
0.3602236421719485,0.7619943555959323,0.5342307692307693
0.690095846644265,0.428033866414999,0.5461538461538461
0.35623003194831276,0.7572906867342291,0.4551282051282051
0.6892971245995378,0.42709313264265836,0.6410256410256411
0.6940894568679008,0.4327375352767023,0.5769230769230769
0.6916932907337193,0.42991533395968035,0.5307692307692309
0.6964856230020823,0.43555973659372427,0.5384615384615384
0.35862619808249424,0.760112888051251,0.4508974358974359
0.6685303514366318,0.40263405456180124,0.5993589743589743
0.6924920127784465,0.43085606773202095,0.5576923076923077
0.6869009584653564,0.42427093132563637,0.4551282051282051
0.6932907348231737,0.4317968015043616,0.5042307692307693
0.6972843450468095,0.43650047036606493,0.5298717948717948
0.6956869009573552,0.4346190028213836,0.48294871794871796
0.670127795526086,0.40451552210648256,0.6858974358974359
0.6829073482417206,0.4195672624639331,0.5
0.36421725239558433,0.7666980244576356,0.34935897435897434
0.6773162939286305,0.41298212605754847,0.5794871794871795
0.6733226837049947,0.4082784571958452,0.5
0.669329073481359,0.4035747883341419,0.6043589743589743
0.6669329073471775,0.40075258701711997,0.5811538461538461
0.6677316293919046,0.40169332078946063,0.6025641025641025
0.6717252396155404,0.4063969896511639,0.6367948717948718
0.6661341853024503,0.3998118532447793,0.6730769230769231
0.9752396166118606,0.6575729068661194,0.4333333333333333
0.9712460063882249,0.6547507055490974,0.42525641025641026
0.9784345047907693,0.661335841955482,0.4358974358974359
0.9472843450464101,0.6265286923788776,0.36269230769230776
0.9768370607013149,0.6594543744108007,0.40384615384615385
0.9792332268354964,0.6641580432725039,0.46794871794871795
0.9744408945671335,0.65851364063846,0.3865384615384616
0.9480830670911372,0.625587958606537,0.3932051282051282
0.9760383386565878,0.6603951081831413,0.4449999999999999
0.9776357827460421,0.6622765757278226,0.4598717948717949
0.9800319488802236,0.6632173095001633,0.41025641025641024
0.9696485622987705,0.6528692380044161,0.4551282051282051
0.9456869009569557,0.6246472248341963,0.41025641025641024
0.9728434504776792,0.6566321730937786,0.40256410256410263
0.972044728432952,0.6538099717767567,0.38782051282051283
0.9704472843434977,0.6519285042320754,0.4807692307692308
0.9736421725224064,0.655691439321438,0.3867948717948718
0.3138977635777733,0.6754468485405918,0.26282051282051283
0.31549520766722766,0.6810912511746358,0.5096153846153846
0.31709265175668194,0.6792097836299544,0.4948717948717948
0.3162939297119548,0.6782690498576138,0.5192307692307693
0.3186900958461363,0.6848541862639984,0.5897435897435898
0.312300319488319,0.6773283160852731,0.5192307692307693
0.31469648562250047,0.6801505174022952,0.482051282051282
0.6517571884973614,0.3687676387575376,0.5025641025641026
0.6541533546315429,0.36970837252987826,0.6410256410256411
0.6581469648551787,0.37629350893626284,0.5534615384615384
0.6509584664526342,0.3659454374405156,0.5769230769230769
0.6589456868999058,0.3753527751639222,0.6564102564102564
0.659744408944633,0.37817497648094417,0.5993589743589743
0.6222044728424565,0.362182502351153,0.46974358974358976
0.6549520766762701,0.37253057384690025,0.38461538461538464
0.6557507987209972,0.3715898400745596,0.5726923076923077
0.6357827476028183,0.34995296331072445,0.4358974358974359
0.6565495207657244,0.3744120413915816,0.523076923076923
0.6365814696475454,0.3490122295383838,0.4358974358974359
0.6206070287530022,0.3603010348064717,0.44871794871794873
0.6573482428104516,0.3734713076192409,0.631923076923077
0.6238019169319109,0.36406396989583434,0.47371794871794876
0.6214057507977294,0.3631232361234937,0.46282051282051273
0.619808306708275,0.36124176857881235,0.488974358974359
0.6230031948871837,0.365004703668175,0.47435897435897434
0.6613418530340873,0.3800564440256255,0.5384615384615384
0.6533546325868157,0.3706491063022189,0.40384615384615385
0.6605431309893601,0.3772342427086035,0.657051282051282
0.6341853035133639,0.3480714957660431,0.5192307692307693
0.6190095846635479,0.35841956726179036,0.5064102564102564
0.6621405750788145,0.37911571025328483,0.6008974358974359
0.312300319488319,0.7497648165555038,0.5256410256410257
0.31709265175668194,0.7554092191895477,0.40602564102564104
0.32108626198031776,0.7318908748810312,0.6071794871794872
0.3298722044723165,0.7403574788320971,0.5758974358974359
0.3202875399355906,0.7290686735640093,0.5820512820512821
0.32747603833813504,0.7394167450597565,0.5910256410256409
0.3282747603828622,0.7384760112874159,0.5897435897435898
0.3258785942486807,0.7375352775150752,0.5939743589743589
0.3290734824275893,0.7412982126044378,0.5683333333333334
0.2539936102232364,0.6829727187193171,0.44448717948717953
0.3218849840250449,0.7309501411086906,0.6066666666666666
0.32507987220395357,0.7347130761980533,0.642948717948718
0.2547923322679636,0.6820319849469765,0.5897435897435898
0.32667731629340785,0.7365945437427346,0.5926923076923077
0.32348242811449923,0.7328316086533719,0.6126923076923078
0.3194888178908634,0.73000940733635,0.5641025641025641
0.3130990415330462,0.7525870178725257,0.47435897435897434
0.3138977635777733,0.7516462841001851,0.4316666666666667
0.31549520766722766,0.7535277516448664,0.48717948717948717
0.3226837060697721,0.7337723424257125,0.5983333333333334
0.3242811501592264,0.7356538099703939,0.4166666666666667
0.31469648562250047,0.754468485417207,0.4935897435897436
0.08706070287526028,0.020696142991494457,0.5512820512820513
0.08386581469635165,0.024459078080857087,0.5608974358974359
0.08546325878580598,0.022577610536175772,0.5641025641025641
0.08226837060689733,0.0263405456255384,0.5
0.9744408945671335,0.6528692380044161,0.41025641025641024
0.9728434504776792,0.6547507055490974,0.4358974358974359
0.7292332268358958,0.3396048918149772,0.3974358974358974
0.9792332268354964,0.6622765757278226,0.48717948717948717
0.9784345047907693,0.6632173095001633,0.45294871794871794
0.972044728432952,0.655691439321438,0.4265384615384615
0.9448881789122286,0.6274694261512184,0.3814102564102564
0.9712460063882249,0.6566321730937786,0.4333333333333333
0.9464856230016829,0.625587958606537,0.2606410256410256
0.9704472843434977,0.6575729068661194,0.4279487179487179
0.9456869009569557,0.6265286923788776,0.33076923076923076
0.9472843450464101,0.6246472248341963,0.41282051282051285
0.9808306709249508,0.6603951081831413,0.41884615384615387
0.9752396166118606,0.6519285042320754,0.4358974358974359
0.9440894568675015,0.628410159923559,0.4396153846153847
0.9696485622987705,0.65851364063846,0.4183333333333333
0.9816293929696779,0.6594543744108007,0.4358974358974359
0.9504792332253187,0.6359360301022843,0.5726923076923077
0.9776357827460421,0.6641580432725039,0.5085897435897436
0.10383386581453062,0.06302916274682403,0.3782051282051282
0.11261980830652936,0.054562558795758116,0.22217948717948716
0.1062300319487121,0.06208842897448337,0.42948717948717946
0.11022364217234788,0.05550329256809877,0.30025641025641026
0.10942492012762073,0.050799623706395486,0.28846153846153844
0.10702875399343925,0.05174035747873614,0.28717948717948727
0.1118210862618022,0.05362182502341746,0.29858974358974366
0.11102236421707505,0.05644402634043943,0.3025641025641025
0.1078274760381664,0.0526810912510768,0.2478205128205128
0.12220447284325527,0.03574788334894497,0.36538461538461536
0.1078274760381664,0.06302916274682403,0.2478205128205128
0.11102236421707505,0.0592662276574614,0.3102564102564103
0.10862619808289357,0.06208842897448337,0.3675641025641026
0.10942492012762073,0.061147695202142714,0.358974358974359
0.11022364217234788,0.06020696142980206,0.40384615384615385
0.1118210862618022,0.05832549388512075,0.25961538461538464
0.6884984025548108,0.3838193791149881,0.6346153846153846
0.6940894568679008,0.38476011288732875,0.6794871794871795
0.7020766773151724,0.36782690498519693,0.5717948717948718
0.6853035143759021,0.34995296331072445,0.6153846153846154
0.6988817891362638,0.3941674506107353,0.532051282051282
0.6677316293919046,0.35559736594476843,0.6410256410256411
0.6669329073471775,0.35653809971710904,0.7029487179487179
0.7124600638966255,0.37817497648094417,0.5512820512820513
0.6685303514366318,0.35465663217242777,0.7265384615384616
0.664536741212996,0.3518344308554058,0.6410256410256411
0.6733226837049947,0.36406396989583434,0.6757692307692307
0.6741214057497219,0.3631232361234937,0.7065384615384616
0.6629392971235416,0.3537158984000871,0.6739743589743589
0.6725239616602675,0.365004703668175,0.6753846153846155
0.669329073481359,0.36124176857881235,0.675
0.6637380191682688,0.35277516462774644,0.6474358974358975
0.6661341853024503,0.3574788334894497,0.7043589743589743
0.6821086261969934,0.34619002822136186,0.7435897435897436
0.7012779552704452,0.3687676387575376,0.6053846153846154
0.670127795526086,0.3603010348064717,0.6821794871794871
0.674920127794449,0.362182502351153,0.7064102564102563
0.6102236421715491,0.25776105362134005,0.5256410256410257
0.6709265175708132,0.359360301034131,0.6558974358974359
0.6916932907337193,0.38758231420435074,0.6743589743589743
0.690095846644265,0.3819379115703068,0.6367948717948718
0.6876996805100836,0.34713076199370246,0.5705128205128205
0.7028753993598996,0.36688617121285627,0.5769230769230769
0.6924920127784465,0.3866415804320101,0.6624358974358975
0.6653354632577231,0.3508936970830651,0.6410256410256411
0.6908945686889922,0.38099717779796616,0.6461538461538462
0.6717252396155404,0.35841956726179036,0.6598717948717948
0.7052715654940811,0.3715898400745596,0.6388461538461538
0.7036741214046267,0.3659454374405156,0.5298717948717948
0.7060702875388082,0.3706491063022189,0.6153846153846154
0.6892971245995378,0.3828786453426475,0.6602564102564102
0.6932907348231737,0.3857008466596694,0.6089743589743589
0.07747603833853438,0.008466603951065915,0.4230769230769231
0.07667731629380722,0.00940733772340657,0.41448717948717945
0.08146964856217018,0.01881467544681314,0.5128205128205128
0.09345047923307756,0.0197554092191538,0.5512820512820513
0.08785942491998745,0.0263405456255384,0.5142307692307693
0.09424920127780471,0.03386641580426366,0.4423076923076923
0.09185303514362324,0.021636876763835116,0.5288461538461539
0.09025559105416892,0.023518344308516428,0.5756410256410257
0.08865814696471461,0.025399811853197743,0.5461538461538461
0.08945686900944176,0.024459078080857087,0.5588461538461539
0.09105431309889608,0.022577610536175772,0.5512820512820513
0.09265175718835039,0.020696142991494457,0.5797435897435897
0.12060702875380094,0.04327375352767023,0.41025641025641024
0.11261980830652936,0.06396989651916468,0.27564102564102566
0.12140575079852811,0.04421448730001089,0.3333333333333333
0.10702875399343925,0.057384760112780084,0.35717948717948717
0.1062300319487121,0.05644402634043943,0.36217948717948717
0.10543130990398493,0.05550329256809877,0.33115384615384613
0.1118210862618022,0.06302916274682403,0.34192307692307694
0.11022364217234788,0.061147695202142714,0.3162820512820513
0.10942492012762073,0.06020696142980206,0.33115384615384613
0.10862619808289357,0.0592662276574614,0.38884615384615384
0.10463258785925778,0.054562558795758116,0.3076923076923077
0.1078274760381664,0.05832549388512075,0.38782051282051283
0.6493610223631799,0.365004703668175,0.6153846153846154
0.6613418530340873,0.3490122295383838,0.6067948717948718
0.6261980830660924,0.36782690498519693,0.507948717948718
0.659744408944633,0.34713076199370246,0.584871794871795
0.6269968051108195,0.3687676387575376,0.46474358974358976
0.6277955271555467,0.36970837252987826,0.4943589743589744
0.6381789137369998,0.3518344308554058,0.5256410256410257
0.624600638976638,0.3659454374405156,0.46551282051282056
0.6573482428104516,0.34430856067668053,0.5924358974358973
0.6525559105420886,0.33866415804263655,0.5662820512820513
0.6517571884973614,0.3377234242702959,0.5937179487179487
0.6581469648551787,0.3452492944490212,0.637051282051282
0.6557507987209972,0.3424270931319992,0.6096153846153846
0.6501597444079071,0.3358419567256146,0.6017948717948718
0.6389776357817268,0.35277516462774644,0.6624358974358975
0.6565495207657244,0.34336782690433987,0.6134615384615384
0.6549520766762701,0.34148635935965854,0.6215384615384616
0.6541533546315429,0.3405456255873179,0.5488461538461539
0.6509584664526342,0.3367826904979553,0.5926923076923077
0.6533546325868157,0.3396048918149772,0.5816666666666668
0.6589456868999058,0.34619002822136186,0.5938461538461538
0.6605431309893601,0.3480714957660431,0.6002564102564102
0.6621405750788145,0.34995296331072445,0.6014102564102564
0.6253993610213652,0.36688617121285627,0.48589743589743595
0.6373801916922726,0.3508936970830651,0.42948717948717946
0.6285942492002738,0.3706491063022189,0.4423076923076923
0.08226837060689733,0.029162746942560373,0.5342307692307693
0.08626198083053313,0.03198494825958234,0.5384615384615384
0.0830670926516245,0.028222013170219714,0.559871794871795
0.08386581469635165,0.027281279397879058,0.520128205128205
0.09824281150144051,0.017873941674472486,0.4775641025641026
0.09744408945671335,0.01881467544681314,0.41025641025641024
0.09904153354616767,0.01693320790213183,0.5358974358974359
0.09984025559089482,0.01599247412979117,0.34128205128205136
0.08546325878580598,0.032925682031923004,0.5855128205128205
0.08706070287526028,0.031044214487241685,0.4780769230769232
0.08146964856217018,0.03010348071490103,0.5
0.6381789137369998,0.33301975540859263,0.5085897435897436
0.6517571884973614,0.3189087488234828,0.42948717948717946
0.6429712460053627,0.3311382878639113,0.5352564102564102
0.6469648562289985,0.32079021636816407,0.5966666666666668
0.6461661341842713,0.3273753527745487,0.5669230769230769
0.6477635782737257,0.32173095014050473,0.5897435897435898
0.6485623003184527,0.3226716839128454,0.5824358974358975
0.6437699680500898,0.3245531514575267,0.5976923076923077
0.644568690094817,0.3254938852298674,0.5629487179487179
0.6253993610213652,0.2878645343362411,0.4358974358974359
0.6413738019159083,0.32925682031923,0.4935897435897436
0.6421725239606355,0.33019755409157064,0.5811538461538461
0.6405750798711812,0.3283160865468893,0.5705128205128205
0.6453674121395442,0.32643461900220805,0.6007692307692307
0.6493610223631799,0.32361241768518606,0.5647435897435897
0.926517571883504,0.6406396989639875,0.623974358974359
0.9337060702860485,0.6641580432725039,0.5717948717948718
0.9273162939282311,0.6415804327363281,0.5705128205128205
0.94169329073332,0.6547507055490974,0.6147435897435898
0.9329073482413213,0.6632173095001633,0.5384615384615384
0.9361022364202299,0.6594543744108007,0.5930769230769232
0.9321086261965941,0.6660395108171853,0.488974358974359
0.936900958464957,0.6603951081831413,0.5912820512820514
0.9376996805096842,0.6575729068661194,0.601923076923077
0.9392971245991385,0.655691439321438,0.6060256410256409
0.9384984025544114,0.65851364063846,0.5975641025641025
0.9257188498387768,0.6434619002810095,0.6217948717948718
0.9432907348227743,0.6528692380044161,0.6388461538461538
0.9408945686885928,0.6538099717767567,0.5915384615384616
0.9225239616598682,0.6472248353703721,0.4935897435897436
0.9400958466438657,0.6566321730937786,0.6080769230769232
0.9353035143755027,0.6622765757278226,0.5810256410256409
0.9424920127780472,0.6519285042320754,0.6153846153846154
0.9345047923307755,0.661335841955482,0.5432051282051282
0.9249201277940496,0.6425211665086689,0.6410256410256411
0.35223642172467695,0.7704609595469982,0.5726923076923077
0.3410543130984967,0.7798682972704047,0.5
0.3226837060697721,0.790216368766152,0.2692307692307692
0.3314696485617708,0.7761053621810422,0.4230769230769231
0.34265175718795104,0.7817497648150861,0.48717948717948717
0.3338658146959523,0.7732831608640202,0.4935897435897436
0.35543130990358557,0.7666980244576356,0.5342307692307693
0.332268370606498,0.7789275634980641,0.5961538461538461
0.3450479233221325,0.7638758231406136,0.5096153846153846
0.34904153354576833,0.7591721542789103,0.5006410256410256
0.3530351437694041,0.765757290685295,0.5271794871794873
0.34584664536685966,0.7629350893682729,0.4943589743589744
0.3434504792326782,0.7619943555959323,0.4914102564102564
0.3346645367406795,0.7723424270916796,0.4374358974358975
0.3442492012774054,0.7610536218235916,0.5073076923076922
0.34664536741158686,0.7582314205065697,0.47987179487179493
0.3506389776352226,0.7685794920023169,0.5256410256410257
0.3538338658141313,0.7648165569129542,0.5329487179487179
0.3498402555904955,0.7695202257746575,0.5696153846153847
0.34824281150104114,0.760112888051251,0.5165384615384616
0.35463258785885843,0.7676387582299762,0.47115384615384615
0.3354632587854066,0.7751646284087015,0.5032051282051282
0.3418530351432239,0.7826904985874268,0.40384615384615385
0.32348242811449923,0.7892756349938114,0.44871794871794873
0.347444089456314,0.7572906867342291,0.5128205128205128
0.33306709265122514,0.7779868297257234,0.4807692307692308
0.33626198083013376,0.7742238946363609,0.5612820512820513
0.34025559105376957,0.7808090310427455,0.3269230769230769
0.3218849840250449,0.78739416744913,0.47858974358974354
0.33067092651704366,0.7770460959533828,0.5512820512820513
0.9400958466438657,0.6293508936958996,0.3333333333333333
0.9432907348227743,0.6331138287852622,0.46435897435897433
0.9408945686885928,0.6359360301022843,0.5142307692307693
0.9424920127780472,0.634054562557603,0.4973076923076924
0.94169329073332,0.6349952963299436,0.5037179487179488
0.3202875399355906,0.7309501411086906,0.5860256410256409
0.32747603833813504,0.7375352775150752,0.6005128205128205
0.32348242811449923,0.727187206019328,0.6035897435897436
0.3290734824275893,0.7356538099703939,0.6478205128205128
0.3298722044723165,0.7347130761980533,0.626923076923077
0.31789137380140914,0.7337723424257125,0.5367948717948718
0.3186900958461363,0.7328316086533719,0.5128205128205128
0.3194888178908634,0.7318908748810312,0.5926923076923077
0.3258785942486807,0.7394167450597565,0.6175641025641025
0.3218849840250449,0.7290686735640093,0.5923076923076923
0.3282747603828622,0.7365945437427346,0.618076923076923
0.32507987220395357,0.7403574788320971,0.5897435897435898
0.3226837060697721,0.7281279397916687,0.6410256410256411
0.32108626198031776,0.73000940733635,0.6025641025641025
0.3130990415330462,0.754468485417207,0.4551282051282051
0.3138977635777733,0.7535277516448664,0.4435897435897435
0.3242811501592264,0.7412982126044378,0.5726923076923077
0.32667731629340785,0.7384760112874159,0.5983333333333334
0.3162939297119548,0.7507055503278444,0.47692307692307695
0.31549520766722766,0.7516462841001851,0.4914102564102564
0.11341853035125653,0.054562558795758116,0.30128205128205127
0.1022364217250763,0.04139228598298891,0.3076923076923077
0.12060702875380094,0.061147695202142714,0.32474358974358974
0.12380191693270959,0.057384760112780084,0.36538461538461536
0.12140575079852811,0.06396989651916468,0.3525641025641026
0.12220447284325527,0.06302916274682403,0.32051282051282054
0.1253993610221639,0.0592662276574614,0.3641025641025642
0.09664536741198619,0.0592662276574614,0.35474358974358977
0.6757188498391762,0.4035747883341419,0.6008974358974359
0.694888178912628,0.4412041392277682,0.5064102564102564
0.6773162939286305,0.4054562558788232,0.5456410256410257
0.6765175718839034,0.40451552210648256,0.5794871794871795
0.6821086261969934,0.39604891815541665,0.5843589743589743
0.6781150159733577,0.4063969896511639,0.5489743589743589
0.6853035143759021,0.3998118532447793,0.5719230769230769
0.6837060702864478,0.397930385700098,0.5803846153846154
0.6789137380180849,0.40733772342350455,0.5737179487179487
0.6829073482417206,0.3969896519277573,0.5691025641025641
0.7012779552704452,0.43367826904904294,0.6196153846153846
0.6797124600628119,0.4082784571958452,0.5679487179487179
0.6861022364206293,0.40075258701711997,0.533076923076923
0.6869009584653564,0.40169332078946063,0.5407692307692309
0.7020766773151724,0.4346190028213836,0.5564102564102564
0.6813099041522663,0.41015992474052654,0.5523076923076923
0.7060702875388082,0.43932267168308686,0.6346153846153846
0.6805111821075391,0.4092191909681859,0.5512820512820513
0.6845047923311749,0.39887111947243864,0.5596153846153847
0.6956869009573552,0.44214487300010885,0.46794871794871795
0.6876996805100836,0.40263405456180124,0.5462820512820513
0.6653354632577231,0.4214487300086144,0.6089743589743589
0.6725239616602675,0.4148635936022298,0.5448717948717948
0.669329073481359,0.4111006585128672,0.5641025641025641
0.6589456868999058,0.3245531514575267,0.5983333333333334
0.6206070287530022,0.2793979303851752,0.4974358974358974
0.6190095846635479,0.2812793979298565,0.4935897435897436
0.6389776357817268,0.31796801505114214,0.45897435897435895
0.6413738019159083,0.31514581373412015,0.5448717948717948
0.639776357826454,0.3170272812788015,0.4326923076923077
0.6525559105420886,0.33207902163625197,0.6344871794871795
0.6405750798711812,0.3160865475064608,0.5608974358974359
0.6501597444079071,0.33490122295327396,0.6133333333333334
0.6509584664526342,0.3339604891809333,0.6483333333333332
0.6373801916922726,0.3198494825958234,0.5256410256410257
0.6517571884973614,0.33301975540859263,0.612948717948718
0.6541533546315429,0.33019755409157064,0.6416666666666666
0.6557507987209972,0.3283160865468893,0.5325641025641027
0.6573482428104516,0.32643461900220805,0.5142307692307693
0.619808306708275,0.28033866415751585,0.4230769230769231
0.6565495207657244,0.3273753527745487,0.5961538461538461
0.6581469648551787,0.3254938852298674,0.5705128205128205
0.6533546325868157,0.3311382878639113,0.6255128205128206
0.6381789137369998,0.3189087488234828,0.46794871794871795
0.6549520766762701,0.32925682031923,0.5938461538461538
0.6118210862610035,0.2652869238000653,0.44871794871794873
0.6126198083057306,0.26434619002772464,0.47948717948717956
0.6134185303504578,0.2671683913447466,0.4230769230769231
0.7140575079860798,0.3857008466596694,0.4935897435897436
0.10702875399343925,0.0018814675446813143,0.4423076923076923
0.13178913737998116,0.021636876763835116,0.17525641025641028
0.10862619808289357,0.0037629350893626286,0.3782051282051282
0.07348242811489859,0.07808090310427454,0.358974358974359
0.09824281150144051,0.047036688617032855,0.3717948717948718
0.08785942491998745,0.034807149576604315,0.4469230769230769
0.09744408945671335,0.0460959548446922,0.35038461538461535
0.9640575079856805,0.6622765757278226,0.4230769230769231
0.9289137380176855,0.6810912511746358,0.5192307692307693
0.9329073482413213,0.6820319849469765,0.47435897435897434
0.9512779552700459,0.6472248353703721,0.5555128205128205
0.9600638977620446,0.6575729068661194,0.44551282051282054
0.9552715654936816,0.6481655691427127,0.5342307692307693
0.961661341851499,0.655691439321438,0.4574358974358975
0.9536741214042274,0.650047036687394,0.5224358974358975
0.9464856230016829,0.6378174976469656,0.51
0.9440894568675015,0.6387582314193062,0.5587179487179487
0.9560702875384088,0.6491063029150534,0.509102564102564
0.956869009583136,0.6538099717767567,0.5082051282051282
0.9584664536725903,0.6519285042320754,0.5103846153846154
0.9624600638962261,0.6566321730937786,0.4442307692307693
0.9648562300304075,0.6594543744108007,0.4189743589743591
0.9448881789122286,0.6396989651916468,0.565
0.9456869009569557,0.6368767638746249,0.4982051282051282
0.9592651757173175,0.6528692380044161,0.4692307692307692
0.9576677316278631,0.6547507055490974,0.47782051282051274
0.9544728434489546,0.6509877704597348,0.5207692307692309
0.9656549520751347,0.6603951081831413,0.4201282051282051
0.9305111821071398,0.6792097836299544,0.5021794871794872
0.9504792332253187,0.6462841015980315,0.6121794871794872
0.9528753993595002,0.6453433678256908,0.3974358974358974
0.9608626198067718,0.65851364063846,0.45294871794871794
0.931309904151867,0.6839134524916578,0.5
0.9297124600624126,0.6782690498576138,0.49089743589743595
0.9480830670911372,0.6434619002810095,0.4166666666666667
0.9632587859409533,0.661335841955482,0.376025641025641
0.9496805111805916,0.6161806208831304,0.40384615384615385
0.9704472843434977,0.6481655691427127,0.45897435897435895
0.9696485622987705,0.6491063029150534,0.3717948717948718
0.3450479233221325,0.7572906867342291,0.5801282051282052
0.3434504792326782,0.7591721542789103,0.48717948717948717
0.3354632587854066,0.7761053621810422,0.48717948717948717
0.33706070287486095,0.7817497648150861,0.5448717948717948
0.332268370606498,0.7723424270916796,0.4974358974358974
0.3314696485617708,0.7751646284087015,0.46153846153846156
0.3514376996799498,0.7648165569129542,0.5094871794871795
0.34904153354576833,0.7619943555959323,0.49384615384615377
0.34824281150104114,0.7610536218235916,0.5025641025641026
0.3498402555904955,0.7666980244576356,0.5173076923076922
0.3506389776352226,0.7676387582299762,0.5162820512820512
0.35223642172467695,0.765757290685295,0.5294871794871795
0.347444089456314,0.7638758231406136,0.4830769230769232
0.3442492012774054,0.760112888051251,0.5416666666666666
0.34664536741158686,0.7629350893682729,0.5007692307692307
0.33626198083013376,0.7770460959533828,0.5512820512820513
0.3346645367406795,0.7789275634980641,0.5160256410256411
0.33306709265122514,0.7732831608640202,0.48717948717948717
0.33067092651704366,0.7742238946363609,0.4935897435897436
0.35463258785885843,0.7685794920023169,0.5448717948717948
0.31150159744359185,0.6716839134512292,0.4551282051282051
0.3130990415330462,0.6735653809959106,0.265
0.3162939297119548,0.6698024459065479,0.3974358974358974
0.31469648562250047,0.6679209783618666,0.39371794871794863
0.312300319488319,0.6707431796788885,0.24358974358974358
0.6517571884973614,0.35841956726179036,0.5833333333333334
0.6461661341842713,0.3367826904979553,0.5470512820512821
0.6613418530340873,0.35465663217242777,0.717948717948718
0.6605431309893601,0.3574788334894497,0.6723076923076923
0.6453674121395442,0.3358419567256146,0.5608974358974359
0.659744408944633,0.35653809971710904,0.685128205128205
0.6238019169319109,0.3706491063022189,0.5576923076923077
0.6581469648551787,0.3508936970830651,0.5897435897435898
0.6206070287530022,0.36688617121285627,0.5146153846153846
0.6214057507977294,0.3715898400745596,0.5
0.619808306708275,0.3659454374405156,0.41794871794871785
0.6493610223631799,0.3405456255873179,0.5961538461538461
0.6485623003184527,0.3396048918149772,0.5855128205128205
0.644568690094817,0.33866415804263655,0.5769230769230769
0.6621405750788145,0.35559736594476843,0.7130769230769232
0.6565495207657244,0.35277516462774644,0.6666666666666666
0.6589456868999058,0.3518344308554058,0.6515384615384614
0.6549520766762701,0.362182502351153,0.717948717948718
0.11341853035125653,0.061147695202142714,0.3333333333333333
0.10063897763562199,0.0460959548446922,0.391025641025641
0.11501597444071084,0.06302916274682403,0.24358974358974358
0.10942492012762073,0.04139228598298891,0.4230769230769231
0.115814696485438,0.06396989651916468,0.3388461538461539
0.11900958466434663,0.06020696142980206,0.3269230769230769
0.3218849840250449,0.7431796801491192,0.5726923076923077
0.31709265175668194,0.7375352775150752,0.47435897435897434
0.3242811501592264,0.7535277516448664,0.4962820512820512
0.32507987220395357,0.754468485417207,0.5466666666666666
0.32348242811449923,0.7450611476938005,0.5
0.3282747603828622,0.7507055503278444,0.5512820512820513
0.32667731629340785,0.7563499529618883,0.5102564102564102
0.3290734824275893,0.7516462841001851,0.6891025641025641
0.3258785942486807,0.7554092191895477,0.48717948717948717
0.3162939297119548,0.7365945437427346,0.4423076923076923
0.3130990415330462,0.7403574788320971,0.5298717948717948
0.3298722044723165,0.7525870178725257,0.6089743589743589
0.3194888178908634,0.7478833490108224,0.47435897435897434
0.3186900958461363,0.7469426152384818,0.5042307692307693
0.3202875399355906,0.7488240827831631,0.46153846153846156
0.01118210862618022,0.9952963311364152,0.44871794871794873
0.01198083067090738,0.9943555973640746,0.5833333333333334
0.3242811501592264,0.727187206019328,0.616025641025641
0.32747603833813504,0.7309501411086906,0.5980769230769232
0.3186900958461363,0.7356538099703939,0.5457692307692307
0.32507987220395357,0.7281279397916687,0.6364102564102564
0.3258785942486807,0.7290686735640093,0.5708974358974359
0.3298722044723165,0.7337723424257125,0.658076923076923
0.31789137380140914,0.7347130761980533,0.5412820512820513
0.3282747603828622,0.7318908748810312,0.6032051282051282
0.3218849840250449,0.7394167450597565,0.559871794871795
0.32667731629340785,0.73000940733635,0.6105128205128205
0.32108626198031776,0.7384760112874159,0.3773076923076924
0.32348242811449923,0.7412982126044378,0.4957692307692308
0.3290734824275893,0.7328316086533719,0.6676923076923077
0.3226837060697721,0.7403574788320971,0.5128205128205128
0.33306709265122514,0.7224835371576247,0.5384615384615384
0.3194888178908634,0.7365945437427346,0.44871794871794873
0.3202875399355906,0.7375352775150752,0.35474358974358977
0.3162939297119548,0.7478833490108224,0.49038461538461536
0.31549520766722766,0.7469426152384818,0.4551282051282051
0.312300319488319,0.7431796801491192,0.5214102564102564
0.049520766773083834,0.015051740357450515,0.3974358974358974
0.09185303514362324,0.08184383819363718,0.3717948717948718
0.09984025559089482,0.08748824082768111,0.3141025641025641
0.09824281150144051,0.08936970837236242,0.2991025641025641
0.09904153354616767,0.08842897460002178,0.3076923076923077
0.11980830670907379,0.0395108184383076,0.3333333333333333
0.10543130990398493,0.06020696142980206,0.4423076923076923
0.10942492012762073,0.05550329256809877,0.2932051282051283
0.1118210862618022,0.0526810912510768,0.2734615384615384
0.11022364217234788,0.050799623706395486,0.3141025641025641
0.12380191693270959,0.034807149576604315,0.4380769230769231
0.12300319488798242,0.03574788334894497,0.40602564102564104
0.1078274760381664,0.05362182502341746,0.2482051282051282
0.10702875399343925,0.054562558795758116,0.33846153846153854
0.10862619808289357,0.05644402634043943,0.29628205128205126
0.10463258785925778,0.057384760112780084,0.4166666666666667
0.6301916932897281,0.3480714957660431,0.5
0.6277955271555467,0.3490122295383838,0.5192307692307693
0.6621405750788145,0.3706491063022189,0.6637179487179486
0.6214057507977294,0.35653809971710904,0.47512820512820514
0.6230031948871837,0.35465663217242777,0.49692307692307697
0.6533546325868157,0.37911571025328483,0.5256410256410257
0.6581469648551787,0.3659454374405156,0.6666666666666666
0.6589456868999058,0.36688617121285627,0.6629487179487179
0.659744408944633,0.3715898400745596,0.7093589743589743
0.6206070287530022,0.3518344308554058,0.3076923076923077
0.6541533546315429,0.3800564440256255,0.4401282051282051
0.6166134185293665,0.362182502351153,0.4935897435897436
0.6150159744399121,0.36406396989583434,0.42948717948717946
0.6525559105420886,0.3744120413915816,0.4435897435897435
0.6238019169319109,0.35559736594476843,0.4928205128205128
0.6605431309893601,0.37253057384690025,0.6282051282051282
0.6573482428104516,0.3687676387575376,0.6820512820512821
0.6222044728424565,0.3574788334894497,0.5024358974358974
0.6613418530340873,0.36970837252987826,0.6617948717948718
0.6557507987209972,0.37817497648094417,0.5897435897435898
0.6565495207657244,0.36782690498519693,0.7307692307692307
0.6190095846635479,0.3537158984000871,0.3974358974358974
0.6285942492002738,0.34995296331072445,0.4551282051282051
0.3226837060697721,0.760112888051251,0.5833333333333334
0.3091054313094104,0.7723424270916796,0.5214102564102564
0.3202875399355906,0.7629350893682729,0.48717948717948717
0.3218849840250449,0.7572906867342291,0.5576923076923077
0.3282747603828622,0.7648165569129542,0.22217948717948716
0.32348242811449923,0.7591721542789103,0.5564102564102564
0.30830670926468323,0.7732831608640202,0.32051282051282054
0.9321086261965941,0.6396989651916468,0.5128205128205128
0.9384984025544114,0.6472248353703721,0.6474358974358975
0.9408945686885928,0.650047036687394,0.6443589743589744
0.936900958464957,0.6415804327363281,0.4551282051282051
0.9424920127780472,0.6481655691427127,0.6057692307692307
0.94169329073332,0.6509877704597348,0.6423076923076922
0.9400958466438657,0.6453433678256908,0.6237179487179488
0.9353035143755027,0.6434619002810095,0.5055128205128206
0.9345047923307755,0.6425211665086689,0.5564102564102564
0.9361022364202299,0.6406396989639875,0.4242307692307693
0.9305111821071398,0.6641580432725039,0.5256410256410257
0.9297124600624126,0.6632173095001633,0.46153846153846156
0.9432907348227743,0.6491063029150534,0.5915384615384616
0.9376996805096842,0.6462841015980315,0.6076923076923078
0.9392971245991385,0.6444026340533502,0.5696153846153847
0.7020766773151724,0.3659454374405156,0.5833333333333334
0.6876996805100836,0.3490122295383838,0.6217948717948718
0.6837060702864478,0.34619002822136186,0.5897435897435898
0.7044728434493539,0.3706491063022189,0.5923076923076923
0.6908945686889922,0.3828786453426475,0.6171794871794872
0.7028753993598996,0.3687676387575376,0.6025641025641025
0.6869009584653564,0.34995296331072445,0.6410256410256411
0.7012779552704452,0.36688617121285627,0.6089743589743589
0.6717252396155404,0.3603010348064717,0.6644871794871795
0.6924920127784465,0.38476011288732875,0.6410256410256411
0.6892971245995378,0.38099717779796616,0.6225641025641026
0.6685303514366318,0.35653809971710904,0.6629487179487179
0.664536741212996,0.3537158984000871,0.6524358974358975
0.6741214057497219,0.365004703668175,0.7030769230769232
0.6709265175708132,0.36124176857881235,0.6889743589743589
0.6677316293919046,0.3574788334894497,0.6602564102564102
0.6853035143759021,0.3480714957660431,0.6496153846153846
0.7068690095835354,0.3715898400745596,0.6666666666666666
0.6637380191682688,0.3508936970830651,0.591923076923077
0.669329073481359,0.359360301034131,0.684871794871795
0.6629392971235416,0.3518344308554058,0.6644871794871795
0.6725239616602675,0.3631232361234937,0.6819230769230769
0.6078274760373678,0.25493885230431806,0.5256410256410257
0.6669329073471775,0.35465663217242777,0.7051282051282052
0.6733226837049947,0.362182502351153,0.7008974358974359
0.7132587859413526,0.37911571025328483,0.5448717948717948
0.6661341853024503,0.35559736594476843,0.6794871794871795
0.670127795526086,0.35841956726179036,0.6616666666666666
0.699680511180991,0.395108184383076,0.5641025641025641
0.674920127794449,0.36406396989583434,0.6985897435897436
0.6916932907337193,0.3857008466596694,0.5512820512820513
0.694888178912628,0.38946378174903207,0.5833333333333334
0.6653354632577231,0.35277516462774644,0.6708974358974359
0.6932907348231737,0.38758231420435074,0.6858974358974359
0.690095846644265,0.3838193791149881,0.6624358974358975
0.6884984025548108,0.3819379115703068,0.5953846153846154
0.10063897763562199,0.0197554092191538,0.3375641025641025
0.10702875399343925,0.027281279397879058,0.21794871794871795
0.11741214057489231,0.00940733772340657,0.3076923076923077
0.5407348242802864,0.08184383819363718,0.6602564102564102
0.6829073482417206,0.34713076199370246,0.6666666666666666
0.6853035143759021,0.34430856067668053,0.6923076923076923
0.6940894568679008,0.3828786453426475,0.5384615384615384
0.6932907348231737,0.3838193791149881,0.5993589743589743
0.6924920127784465,0.38099717779796616,0.6025641025641025
0.6908945686889922,0.3866415804320101,0.5833333333333334
0.7012779552704452,0.3706491063022189,0.5555128205128205
0.664536741212996,0.3574788334894497,0.6666666666666666
0.674920127794449,0.3603010348064717,0.7157692307692307
0.6653354632577231,0.35653809971710904,0.7141025641025641
0.6733226837049947,0.35841956726179036,0.6733333333333332
0.6717252396155404,0.36406396989583434,0.7051282051282052
0.670127795526086,0.362182502351153,0.6970512820512821
0.6661341853024503,0.3518344308554058,0.5384615384615384
0.7020766773151724,0.36970837252987826,0.5897435897435898
0.690095846644265,0.38758231420435074,0.6205128205128206
0.7092651757177169,0.3800564440256255,0.5470512820512821
0.6741214057497219,0.36124176857881235,0.7167948717948718
0.6916932907337193,0.3819379115703068,0.7102564102564103
0.6637380191682688,0.35465663217242777,0.6562820512820513
0.6709265175708132,0.365004703668175,0.6989743589743589
0.6629392971235416,0.35559736594476843,0.6410256410256411
0.669329073481359,0.3631232361234937,0.6957692307692307
0.6725239616602675,0.359360301034131,0.6748717948717948
0.7084664536729897,0.3772342427086035,0.5641025641025641
0.6669329073471775,0.3508936970830651,0.6314102564102564
0.7028753993598996,0.37253057384690025,0.5726923076923077
0.6677316293919046,0.3537158984000871,0.7019230769230769
0.6884984025548108,0.3857008466596694,0.6355128205128204
0.694888178912628,0.39322671683839466,0.5726923076923077
0.6845047923311749,0.3490122295383838,0.6346153846153846
0.6892971245995378,0.38476011288732875,0.6474358974358975
0.6876996805100836,0.3452492944490212,0.5128205128205128
0.6837060702864478,0.34995296331072445,0.6111538461538462
0.7036741214046267,0.3715898400745596,0.5192307692307693
0.6685303514366318,0.35277516462774644,0.5666666666666667
0.2140575079868785,0.6133584195661085,0.5192307692307693
0.7004792332257181,0.4035747883341419,0.5576923076923077
0.699680511180991,0.40451552210648256,0.5769230769230769
0.6932907348231737,0.3969896519277573,0.5224358974358975
0.6964856230020823,0.4082784571958452,0.515
0.6924920127784465,0.397930385700098,0.5769230769230769
0.6980830670915367,0.4063969896511639,0.5961538461538461
0.6884984025548108,0.40263405456180124,0.5448717948717948
0.6972843450468095,0.40733772342350455,0.5192307692307693
0.6892971245995378,0.40169332078946063,0.5483333333333332
0.690095846644265,0.40075258701711997,0.5497435897435897
0.7044728434493539,0.41392285982988913,0.5256410256410257
0.7020766773151724,0.4167450611469111,0.5282051282051282
0.6908945686889922,0.3998118532447793,0.6175641025641025
0.6916932907337193,0.39887111947243864,0.5333333333333332
0.7012779552704452,0.4176857949192518,0.5342307692307693
0.694888178912628,0.41015992474052654,0.5406410256410257
0.6956869009573552,0.4092191909681859,0.5192307692307693
0.12380191693270959,0.038570084665966946,0.2948717948717949
0.12220447284325527,0.03668861712128563,0.3269230769230769
0.10862619808289357,0.0526810912510768,0.283974358974359
0.12140575079852811,0.03762935089362628,0.3974358974358974
0.11022364217234788,0.054562558795758116,0.2916666666666667
0.11102236421707505,0.05362182502341746,0.3258974358974359
0.10942492012762073,0.05174035747873614,0.3141025641025641
0.1118210862618022,0.05644402634043943,0.29871794871794866
0.11261980830652936,0.05550329256809877,0.28333333333333327
0.6325878594239096,0.36970837252987826,0.4423076923076923
0.6589456868999058,0.3405456255873179,0.6142307692307691
0.6541533546315429,0.34619002822136186,0.625
0.6549520766762701,0.34336782690433987,0.5957692307692307
0.659744408944633,0.3377234242702959,0.6256410256410256
0.6581469648551787,0.3396048918149772,0.6215384615384616
0.6341853035133639,0.36782690498519693,0.5160256410256411
0.6573482428104516,0.3424270931319992,0.6038461538461538
0.6525559105420886,0.3480714957660431,0.5692307692307693
0.6621405750788145,0.3367826904979553,0.5403846153846155
0.6605431309893601,0.33866415804263655,0.602051282051282
0.6517571884973614,0.34713076199370246,0.6135897435897436
0.6533546325868157,0.3452492944490212,0.6038461538461538
0.6565495207657244,0.34148635935965854,0.58
0.6501597444079071,0.3490122295383838,0.5641025641025641
0.6557507987209972,0.34430856067668053,0.6096153846153846
0.6613418530340873,0.3358419567256146,0.5646153846153847
0.6357827476028183,0.3659454374405156,0.4807692307692308
0.6461661341842713,0.33301975540859263,0.5769230769230769
0.6405750798711812,0.3226716839128454,0.5205128205128204
0.6413738019159083,0.32361241768518606,0.5993589743589743
0.6493610223631799,0.32925682031923,0.6333333333333334
0.6389776357817268,0.3245531514575267,0.5196153846153846
0.6469648562289985,0.33019755409157064,0.5192307692307693
0.6485623003184527,0.3283160865468893,0.6498717948717948
0.639776357826454,0.3254938852298674,0.5088461538461538
0.644568690094817,0.33490122295327396,0.5246153846153846
0.6421725239606355,0.32079021636816407,0.5192307692307693
0.6477635782737257,0.3311382878639113,0.6025641025641025
0.6453674121395442,0.33207902163625197,0.5192307692307693
0.6429712460053627,0.32173095014050473,0.5096153846153846
0.6437699680500898,0.3339604891809333,0.5769230769230769
0.6381789137369998,0.3273753527745487,0.5726923076923077
0.3378594249195881,0.7516462841001851,0.591923076923077
0.33626198083013376,0.7460018814661411,0.5576923076923077
0.332268370606498,0.7431796801491192,0.5787179487179487
0.33945686900904243,0.7497648165555038,0.6442307692307693
0.3346645367406795,0.7478833490108224,0.5358974358974359
0.34025559105376957,0.7563499529618883,0.5732051282051281
0.33706070287486095,0.7525870178725257,0.6217948717948718
0.33306709265122514,0.7422389463767785,0.5807692307692307
0.3314696485617708,0.7441204139214598,0.5769230769230769
0.3418530351432239,0.754468485417207,0.5538461538461539
0.3338658146959523,0.7488240827831631,0.5841025641025641
0.33067092651704366,0.7450611476938005,0.6316666666666666
0.3354632587854066,0.7469426152384818,0.5920512820512821
0.34265175718795104,0.7535277516448664,0.5288461538461539
0.9736421725224064,0.6632173095001633,0.42948717948717946
0.9696485622987705,0.6603951081831413,0.4316666666666667
0.9440894568675015,0.6302916274682403,0.46153846153846156
0.720447284343897,0.3518344308554058,0.21794871794871795
0.9472843450464101,0.634054562557603,0.45923076923076916
0.9456869009569557,0.6321730950129216,0.47769230769230775
0.9448881789122286,0.6293508936958996,0.46153846153846156
0.9464856230016829,0.6312323612405809,0.4408974358974359
0.9712460063882249,0.6622765757278226,0.3974358974358974
0.9704472843434977,0.6594543744108007,0.4208974358974359
0.972044728432952,0.661335841955482,0.42525641025641026
0.9480830670911372,0.6331138287852622,0.5064102564102564
0.9776357827460421,0.6547507055490974,0.4391025641025641
0.08945686900944176,0.038570084665966946,0.6858974358974359
0.09664536741198619,0.047036688617032855,0.41448717948717945
0.09824281150144051,0.045155221072351544,0.3717948717948718
0.09984025559089482,0.04327375352767023,0.358974358974359
0.09904153354616767,0.04233301975532957,0.3333333333333333
0.09744408945671335,0.04421448730001089,0.34294871794871795
0.09025559105416892,0.0395108184383076,0.5426923076923077
0.04872204472835667,0.01599247412979117,0.38461538461538464
0.3298722044723165,0.7676387582299762,0.40064102564102566
0.3282747603828622,0.765757290685295,0.28205128205128205
0.3226837060697721,0.7591721542789103,0.5619230769230769
0.32108626198031776,0.7572906867342291,0.5811538461538461
0.3218849840250449,0.7582314205065697,0.4935897435897436
0.3194888178908634,0.7629350893682729,0.47435897435897434
0.31469648562250047,0.7798682972704047,0.46576923076923077
0.32348242811449923,0.760112888051251,0.5384615384615384
0.3186900958461363,0.7619943555959323,0.5641025641025641
0.3290734824275893,0.7666980244576356,0.4551282051282051
0.3202875399355906,0.7638758231406136,0.532051282051282
0.9384984025544114,0.6387582314193062,0.5435897435897437
0.9361022364202299,0.6491063029150534,0.5641025641025641
0.9353035143755027,0.650047036687394,0.6666666666666666
0.9329073482413213,0.6453433678256908,0.5384615384615384
0.9376996805096842,0.6396989651916468,0.4807692307692308
0.9432907348227743,0.6406396989639875,0.5638461538461539
0.9408945686885928,0.6434619002810095,0.5774358974358975
0.9424920127780472,0.6415804327363281,0.5817948717948718
0.9392971245991385,0.6378174976469656,0.5365384615384615
0.94169329073332,0.6425211665086689,0.5724358974358975
0.936900958464957,0.6481655691427127,0.617948717948718
0.9400958466438657,0.6368767638746249,0.5801282051282052
0.9337060702860485,0.6444026340533502,0.6153846153846154
0.6357827476028183,0.3113828786447575,0.4230769230769231
0.6653354632577231,0.4120413922852078,0.5705128205128205
0.6829073482417206,0.4063969896511639,0.5538461538461539
0.6837060702864478,0.4035747883341419,0.5624358974358975
0.6765175718839034,0.39887111947243864,0.6030769230769232
0.6789137380180849,0.40169332078946063,0.5497435897435897
0.6845047923311749,0.40451552210648256,0.5484615384615384
0.6805111821075391,0.3998118532447793,0.5657692307692307
0.6757188498391762,0.397930385700098,0.5966666666666668
0.6797124600628119,0.40263405456180124,0.5662820512820513
0.6821086261969934,0.4054562558788232,0.5479487179487179
0.6813099041522663,0.40075258701711997,0.5702564102564103
0.7036741214046267,0.42709313264265836,0.5705128205128205
0.6869009584653564,0.40733772342350455,0.5374358974358975
0.6861022364206293,0.41015992474052654,0.555128205128205
0.7012779552704452,0.428033866414999,0.47435897435897434
0.6853035143759021,0.4092191909681859,0.5423076923076923
0.6773162939286305,0.39604891815541665,0.6125641025641025
0.7020766773151724,0.4289746001873397,0.6452564102564102
0.6876996805100836,0.4082784571958452,0.5376923076923077
0.6781150159733577,0.3969896519277573,0.5962820512820514
0.6677316293919046,0.4148635936022298,0.5342307692307693
0.6621405750788145,0.40451552210648256,0.5608974358974359
0.36741214057449295,0.7497648165555038,0.4230769230769231
0.6565495207657244,0.4092191909681859,0.5256410256410257
0.6573482428104516,0.41015992474052654,0.5714102564102563
0.6581469648551787,0.40733772342350455,0.532051282051282
0.3658146964850386,0.7516462841001851,0.4957692307692308
0.6541533546315429,0.39887111947243864,0.5939743589743589
0.3682108626192201,0.7507055503278444,0.48717948717948717
0.6549520766762701,0.39604891815541665,0.5641025641025641
0.36421725239558433,0.7535277516448664,0.391025641025641
0.6605431309893601,0.4063969896511639,0.5512820512820513
0.3666134185297658,0.7525870178725257,0.32051282051282054
0.6589456868999058,0.4082784571958452,0.5993589743589743
0.32747603833813504,0.7507055503278444,0.6367948717948718
0.32667731629340785,0.7554092191895477,0.4692307692307692
0.32507987220395357,0.7535277516448664,0.5032051282051282
0.3242811501592264,0.754468485417207,0.5384615384615384
0.3290734824275893,0.7525870178725257,0.658076923076923
0.3194888178908634,0.7488240827831631,0.47435897435897434
0.3226837060697721,0.7450611476938005,0.483974358974359
0.3258785942486807,0.7563499529618883,0.5448717948717948
0.3282747603828622,0.7497648165555038,0.6564102564102564
0.3130990415330462,0.7412982126044378,0.5384615384615384
0.31789137380140914,0.7469426152384818,0.48717948717948717
0.3202875399355906,0.7478833490108224,0.5288461538461539
0.3138977635777733,0.7403574788320971,0.5160256410256411
0.6725239616602675,0.4176857949192518,0.5448717948717948
0.6876996805100836,0.3998118532447793,0.5416666666666666
0.6797124600628119,0.4092191909681859,0.5128205128205128
0.6773162939286305,0.40451552210648256,0.5788461538461539
0.6781150159733577,0.4035747883341419,0.5871794871794871
0.6829073482417206,0.397930385700098,0.5794871794871795
0.6869009584653564,0.40075258701711997,0.520128205128205
0.6861022364206293,0.40169332078946063,0.5438461538461539
0.6837060702864478,0.3969896519277573,0.5589743589743589
0.6845047923311749,0.39604891815541665,0.5719230769230769
0.6805111821075391,0.4082784571958452,0.5437179487179487
0.6853035143759021,0.40263405456180124,0.5502564102564103
0.6821086261969934,0.39887111947243864,0.5680769230769231
0.6813099041522663,0.40733772342350455,0.5608974358974359
0.6765175718839034,0.4054562558788232,0.5880769230769232
0.6757188498391762,0.4063969896511639,0.5791025641025641
0.6789137380180849,0.41015992474052654,0.6025641025641025
0.6717252396155404,0.4111006585128672,0.5576923076923077
0.674920127794449,0.4148635936022298,0.5448717948717948
0.33865814696431523,0.7836312323597674,0.44448717948717953
0.3498402555904955,0.7704609595469982,0.5576923076923077
0.3346645367406795,0.7751646284087015,0.5512820512820513
0.35543130990358557,0.765757290685295,0.4807692307692308
0.34824281150104114,0.7572906867342291,0.4957692307692308
0.34904153354576833,0.7582314205065697,0.4246153846153847
0.3514376996799498,0.7685794920023169,0.483974358974359
0.34265175718795104,0.7808090310427455,0.5128205128205128
0.34584664536685966,0.7619943555959323,0.5384615384615384
0.347444089456314,0.760112888051251,0.47320512820512817
0.3530351437694041,0.7666980244576356,0.5128205128205128
0.3434504792326782,0.7629350893682729,0.5784615384615385
0.3442492012774054,0.7638758231406136,0.4897435897435898
0.3450479233221325,0.7610536218235916,0.4834615384615384
0.34664536741158686,0.7591721542789103,0.5243589743589744
0.3226837060697721,0.78739416744913,0.47435897435897434
0.3418530351432239,0.7798682972704047,0.5641025641025641
0.35463258785885843,0.7648165569129542,0.5224358974358975
0.33626198083013376,0.7732831608640202,0.42525641025641026
0.32108626198031776,0.7892756349938114,0.4423076923076923
0.3314696485617708,0.7789275634980641,0.5603846153846153
0.33306709265122514,0.7770460959533828,0.5358974358974359
0.3354632587854066,0.7723424270916796,0.5096153846153846
0.3338658146959523,0.7742238946363609,0.48717948717948717
0.3506389776352226,0.7714016933193388,0.5470512820512821
0.931309904151867,0.6406396989639875,0.5384615384615384
0.9361022364202299,0.6387582314193062,0.4914102564102564
0.9376996805096842,0.6481655691427127,0.6153846153846154
0.9329073482413213,0.6425211665086689,0.6521794871794873
0.9384984025544114,0.6491063029150534,0.6211538461538462
0.9400958466438657,0.6509877704597348,0.631025641025641
0.94169329073332,0.6453433678256908,0.5971794871794872
0.9424920127780472,0.6462841015980315,0.6097435897435898
0.9408945686885928,0.6444026340533502,0.6039743589743589
0.9392971245991385,0.650047036687394,0.623974358974359
0.9432907348227743,0.6472248353703721,0.6265384615384616
0.9337060702860485,0.6434619002810095,0.58
0.9321086261965941,0.6415804327363281,0.6987179487179487
0.936900958464957,0.6396989651916468,0.4175641025641025
0.669329073481359,0.4167450611469111,0.6602564102564102
0.6781150159733577,0.4082784571958452,0.5860256410256409
0.674920127794449,0.4120413922852078,0.5342307692307693
0.6805111821075391,0.4035747883341419,0.5569230769230769
0.6765175718839034,0.41015992474052654,0.5897435897435898
0.6853035143759021,0.397930385700098,0.5546153846153847
0.6733226837049947,0.41392285982988913,0.5641025641025641
0.6829073482417206,0.40263405456180124,0.5388461538461539
0.7044728434493539,0.43555973659372427,0.5961538461538461
0.6861022364206293,0.39887111947243864,0.5635897435897436
0.6813099041522663,0.40451552210648256,0.5560256410256411
0.6789137380180849,0.4054562558788232,0.5448717948717948
0.6797124600628119,0.4063969896511639,0.5424358974358975
0.7012779552704452,0.43932267168308686,0.25
0.6821086261969934,0.40169332078946063,0.5557692307692307
0.7092651757177169,0.42991533395968035,0.5769230769230769
0.6837060702864478,0.3998118532447793,0.5765384615384616
0.6845047923311749,0.40075258701711997,0.5476923076923077
0.6869009584653564,0.39604891815541665,0.5726923076923077
0.6773162939286305,0.40733772342350455,0.5692307692307693
0.6876996805100836,0.3969896519277573,0.5435897435897437
0.710063897762444,0.43085606773202095,0.4358974358974359
0.6757188498391762,0.4092191909681859,0.5641025641025641
0.1269968051116182,0.03574788334894497,0.5192307692307693
0.10702875399343925,0.0724365004702306,0.27564102564102566
0.10303514376980347,0.06773283160852732,0.32371794871794873
0.10942492012762073,0.07525870178725257,0.40141025641025646
0.1078274760381664,0.07337723424257125,0.33974358974358976
0.11501597444071084,0.08184383819363718,0.41448717948717945
0.11261980830652936,0.0790216368766152,0.3942307692307692
0.11102236421707505,0.07714016933193389,0.41346153846153844
0.11022364217234788,0.07619943555959323,0.41025641025641024
0.10862619808289357,0.07431796801491192,0.39461538461538465
0.11741214057489231,0.08466603951065914,0.3525641025641026
0.11341853035125653,0.07996237064895585,0.3984615384615384
0.11421725239598368,0.08090310442129652,0.38461538461538464
0.1118210862618022,0.07808090310427454,0.3932051282051282
0.967252396164589,0.6491063029150534,0.40384615384615385
0.931309904151867,0.6669802445895259,0.47012820512820513
0.936900958464957,0.6735653809959106,0.5256410256410257
0.9688498402540434,0.6509877704597348,0.40602564102564104
0.9456869009569557,0.6538099717767567,0.6111538461538462
0.9353035143755027,0.6716839134512292,0.5397435897435897
0.9337060702860485,0.6698024459065479,0.5369230769230768
0.9329073482413213,0.6688617121342072,0.5271794871794873
0.9448881789122286,0.6528692380044161,0.5344871794871795
0.9664536741198619,0.6481655691427127,0.46153846153846156
0.9345047923307755,0.6707431796788885,0.5175641025641026
0.9321086261965941,0.6679209783618666,0.5032051282051282
0.9680511182093162,0.650047036687394,0.40384615384615385
0.9440894568675015,0.6519285042320754,0.6555128205128204
0.9361022364202299,0.6726246472235698,0.4978205128205128
0.9480830670911372,0.6566321730937786,0.2692307692307692
0.9576677316278631,0.6378174976469656,0.38461538461538464
0.9376996805096842,0.6745061147682512,0.532051282051282
0.9273162939282311,0.6923800564427237,0.4423076923076923
0.9281150159729583,0.6933207902150643,0.40384615384615385
0.9472843450464101,0.655691439321438,0.5705128205128205
0.6421725239606355,0.32361241768518606,0.6282051282051282
0.6381789137369998,0.3245531514575267,0.5751282051282052
0.6373801916922726,0.3254938852298674,0.5855128205128205
0.6461661341842713,0.3339604891809333,0.5256410256410257
0.6493610223631799,0.33019755409157064,0.6276923076923077
0.6429712460053627,0.3226716839128454,0.6132051282051282
0.6437699680500898,0.33301975540859263,0.5128205128205128
0.644568690094817,0.33207902163625197,0.47858974358974354
0.6413738019159083,0.32079021636816407,0.5342307692307693
0.6477635782737257,0.3283160865468893,0.6196153846153846
0.6389776357817268,0.3273753527745487,0.5298717948717948
0.6469648562289985,0.32925682031923,0.6682051282051282
0.639776357826454,0.32643461900220805,0.569871794871795
0.6485623003184527,0.3311382878639113,0.6167948717948718
0.6453674121395442,0.33490122295327396,0.5993589743589743
0.31709265175668194,0.6754468485405918,0.4583333333333333
0.3130990415330462,0.6782690498576138,0.4410256410256411
0.31549520766722766,0.6773283160852731,0.5448717948717948
0.31469648562250047,0.6763875823129325,0.3871794871794872
0.3162939297119548,0.6745061147682512,0.2692307692307692
0.3138977635777733,0.6792097836299544,0.5128205128205128
0.31150159744359185,0.6801505174022952,0.5128205128205128
0.312300319488319,0.6810912511746358,0.532051282051282
0.10463258785925778,0.06773283160852732,0.38461538461538464
0.11821086261961947,0.07996237064895585,0.34615384615384615
0.1078274760381664,0.0790216368766152,0.3333333333333333
0.10862619808289357,0.07619943555959323,0.3915384615384616
0.11501597444071084,0.08372530573831849,0.3974358974358974
0.11261980830652936,0.07337723424257125,0.3525641025641026
0.1118210862618022,0.0724365004702306,0.3475641025641026
0.10702875399343925,0.07808090310427454,0.32474358974358974
0.11022364217234788,0.07431796801491192,0.366025641025641
0.10942492012762073,0.07714016933193389,0.33974358974358976
0.11661341853016516,0.08184383819363718,0.33974358974358976
0.10303514376980347,0.06961429915320863,0.3333333333333333
0.11102236421707505,0.07525870178725257,0.391025641025641
0.13019169329052685,0.03762935089362628,0.23717948717948717
0.0830670926516245,0.06396989651916468,0.5384615384615384
0.08146964856217018,0.06208842897448337,0.36538461538461536
0.09824281150144051,0.04233301975532957,0.3557692307692308
0.09345047923307756,0.03668861712128563,0.38461538461538464
0.08386581469635165,0.06302916274682403,0.5342307692307693
0.08865814696471461,0.038570084665966946,0.5576923076923077
0.08785942491998745,0.0395108184383076,0.4935897435897436
0.09744408945671335,0.04327375352767023,0.3333333333333333
0.09984025559089482,0.04421448730001089,0.3717948717948718
0.09904153354616767,0.045155221072351544,0.3141025641025641
0.936900958464957,0.6726246472235698,0.5342307692307693
0.9488817891358644,0.65851364063846,0.46794871794871795
0.9688498402540434,0.650047036687394,0.40384615384615385
0.9472843450464101,0.6566321730937786,0.5544871794871795
0.9656549520751347,0.6462841015980315,0.5064102564102564
0.9456869009569557,0.6547507055490974,0.5983333333333334
0.9361022364202299,0.6735653809959106,0.5538461538461539
0.9512779552700459,0.6594543744108007,0.6410256410256411
0.9337060702860485,0.6688617121342072,0.532051282051282
0.9321086261965941,0.6669802445895259,0.5037179487179488
0.9448881789122286,0.6519285042320754,0.6584615384615384
0.9345047923307755,0.6716839134512292,0.5278205128205128
0.9464856230016829,0.6538099717767567,0.5205128205128204
0.9353035143755027,0.6707431796788885,0.4987179487179488
0.9281150159729583,0.6942615239874049,0.3717948717948718
0.9329073482413213,0.6698024459065479,0.5188461538461538
0.931309904151867,0.6679209783618666,0.5615384615384615
0.9680511182093162,0.6509877704597348,0.40602564102564104
0.9273162939282311,0.691439322670383,0.4
0.9289137380176855,0.6933207902150643,0.46153846153846156
0.9664536741198619,0.6491063029150534,0.5128205128205128
0.9440894568675015,0.6528692380044161,0.591923076923077
0.34584664536685966,0.7507055503278444,0.6153846153846154
0.34824281150104114,0.7535277516448664,0.5705128205128205
0.33306709265122514,0.7356538099703939,0.5683333333333334
0.3218849840250449,0.7262464722469874,0.6556410256410257
0.33067092651704366,0.7365945437427346,0.6933333333333334
0.3314696485617708,0.7375352775150752,0.6264102564102564
0.3226837060697721,0.7234242709299653,0.6038461538461538
0.3346645367406795,0.7412982126044378,0.5589743589743589
0.3354632587854066,0.7384760112874159,0.5641025641025641
0.3338658146959523,0.7403574788320971,0.5692307692307693
0.32348242811449923,0.724365004702306,0.6041025641025641
0.3450479233221325,0.7497648165555038,0.6743589743589743
0.3434504792326782,0.7516462841001851,0.5824358974358975
0.3498402555904955,0.7441204139214598,0.5426923076923077
0.3442492012774054,0.7525870178725257,0.5398717948717948
0.332268370606498,0.7347130761980533,0.6410256410256411
0.33626198083013376,0.7394167450597565,0.5384615384615384
0.34664536741158686,0.7554092191895477,0.591923076923077
0.10303514376980347,0.04327375352767023,0.3162820512820513
0.10063897763562199,0.04421448730001089,0.41025641025641024
0.11661341853016516,0.06302916274682403,0.358974358974359
0.10143769968034914,0.045155221072351544,0.4051282051282051
0.1022364217250763,0.04233301975532957,0.2692307692307692
0.11741214057489231,0.06396989651916468,0.3261538461538461
0.11821086261961947,0.061147695202142714,0.4316666666666667
0.11980830670907379,0.05174035747873614,0.3333333333333333
0.10383386581453062,0.04797742238937351,0.4230769230769231
0.11900958466434663,0.06208842897448337,0.3333333333333333
0.11341853035125653,0.0592662276574614,0.33974358974358976
0.6805111821075391,0.40733772342350455,0.564871794871795
0.7060702875388082,0.4374412041384056,0.5448717948717948
0.6813099041522663,0.4082784571958452,0.5567948717948719
0.6869009584653564,0.3998118532447793,0.5376923076923077
0.6773162939286305,0.4035747883341419,0.5744871794871795
0.6837060702864478,0.39604891815541665,0.5671794871794871
0.6781150159733577,0.40451552210648256,0.5726923076923077
0.6829073482417206,0.39887111947243864,0.5606410256410257
0.6845047923311749,0.3969896519277573,0.5457692307692307
0.6853035143759021,0.40169332078946063,0.5358974358974359
0.7004792332257181,0.4459078080894715,0.5342307692307693
0.7012779552704452,0.43555973659372427,0.5769230769230769
0.6757188498391762,0.4054562558788232,0.6153846153846154
0.6821086261969934,0.397930385700098,0.5666666666666667
0.6861022364206293,0.40263405456180124,0.5543589743589743
0.6876996805100836,0.40075258701711997,0.5426923076923077
0.7036741214046267,0.4346190028213836,0.5384615384615384
0.674920127794449,0.41580432737457046,0.4935897435897436
0.6789137380180849,0.4092191909681859,0.6076923076923078
0.6765175718839034,0.4063969896511639,0.5384615384615384
0.6797124600628119,0.41015992474052654,0.6089743589743589
0.6182108626188207,0.3518344308554058,0.38461538461538464
0.6301916932897281,0.3490122295383838,0.5448717948717948
0.6581469648551787,0.3687676387575376,0.6564102564102564
0.6589456868999058,0.36782690498519693,0.6435897435897436
0.6549520766762701,0.3800564440256255,0.6346153846153846
0.6621405750788145,0.3715898400745596,0.6883333333333334
0.6533546325868157,0.37817497648094417,0.4551282051282051
0.6509584664526342,0.3734713076192409,0.5256410256410257
0.6541533546315429,0.3772342427086035,0.4423076923076923
0.6517571884973614,0.37629350893626284,0.45128205128205134
0.659744408944633,0.3706491063022189,0.6384615384615384
0.6605431309893601,0.36970837252987826,0.6688461538461539
0.6613418530340873,0.37253057384690025,0.6632051282051282
0.6222044728424565,0.35465663217242777,0.5397435897435897
0.6206070287530022,0.35277516462774644,0.4230769230769231
0.6525559105420886,0.3753527751639222,0.4148717948717949
0.6230031948871837,0.3574788334894497,0.492948717948718
0.6238019169319109,0.35653809971710904,0.49192307692307696
0.619808306708275,0.3537158984000871,0.509102564102564
0.6214057507977294,0.35559736594476843,0.4974358974358974
0.6293929712450009,0.34995296331072445,0.5589743589743589
0.6573482428104516,0.3659454374405156,0.6282051282051282
0.6565495207657244,0.36688617121285627,0.7051282051282052
0.9233226837045954,0.7384760112874159,0.38461538461538464
0.6357827476028183,0.32079021636816407,0.483974358974359
0.6253993610213652,0.33490122295327396,0.4807692307692308
0.11741214057489231,0.03198494825958234,0.34615384615384615
0.115814696485438,0.03010348071490103,0.3717948717948718
0.11661341853016516,0.031044214487241685,0.375
0.11501597444071084,0.029162746942560373,0.38461538461538464
0.11341853035125653,0.027281279397879058,0.34871794871794876
0.10143769968034914,0.0131702728127692,0.5
0.1022364217250763,0.014111006585109857,0.4825641025641026
0.10303514376980347,0.015051740357450515,0.4780769230769232
0.10463258785925778,0.01693320790213183,0.5032051282051282
0.10702875399343925,0.004703668861703285,0.4893589743589744
0.10383386581453062,0.01599247412979117,0.5142307692307693
0.11102236421707505,0.00940733772340657,0.509102564102564
0.10862619808289357,0.0065851364063846,0.5128205128205128
0.1078274760381664,0.005644402634043943,0.45615384615384613
0.11022364217234788,0.008466603951065915,0.5016666666666666
0.1118210862618022,0.010348071495747228,0.47115384615384615
0.11261980830652936,0.011288805268087886,0.5
0.11421725239598368,0.028222013170219714,0.391025641025641
0.10942492012762073,0.007525870178725257,0.5106410256410256
0.10543130990398493,0.017873941674472486,0.4166666666666667
0.1062300319487121,0.01881467544681314,0.3333333333333333
0.36182108626140286,0.7497648165555038,0.42948717948717946
0.36102236421667566,0.7507055503278444,0.3525641025641026
0.3570287539930399,0.7554092191895477,0.4807692307692308
0.35782747603776704,0.754468485417207,0.5833333333333334
0.36341853035085714,0.7478833490108224,0.28846153846153844
0.6621405750788145,0.39604891815541665,0.5256410256410257
0.6501597444079071,0.3198494825958234,0.27564102564102566
0.6429712460053627,0.3283160865468893,0.5384615384615384
0.6437699680500898,0.3273753527745487,0.6
0.6461661341842713,0.3245531514575267,0.5955128205128205
0.6485623003184527,0.32173095014050473,0.5398717948717948
0.6477635782737257,0.3226716839128454,0.6262820512820512
0.6238019169319109,0.2906867356532631,0.46153846153846156
0.6453674121395442,0.3254938852298674,0.5874358974358973
0.6421725239606355,0.32925682031923,0.5756410256410257
0.6493610223631799,0.32079021636816407,0.3817948717948718
0.644568690094817,0.32643461900220805,0.5456410256410257
0.6469648562289985,0.32361241768518606,0.622051282051282
0.6413738019159083,0.33019755409157064,0.5705128205128205
0.6980830670915367,0.3998118532447793,0.5064102564102564
0.6988817891362638,0.40075258701711997,0.5128205128205128
0.690095846644265,0.4054562558788232,0.5307692307692309
0.7028753993598996,0.4205079962362738,0.5256410256410257
0.6892971245995378,0.40451552210648256,0.5576923076923077
0.6964856230020823,0.397930385700098,0.5555128205128205
0.6916932907337193,0.40733772342350455,0.5146153846153846
0.6940894568679008,0.41015992474052654,0.5506410256410257
0.6932907348231737,0.4092191909681859,0.5406410256410257
0.6924920127784465,0.4082784571958452,0.5198717948717948
0.7020766773151724,0.4195672624639331,0.47435897435897434
0.6908945686889922,0.4063969896511639,0.532051282051282
0.7052715654940811,0.4233301975532957,0.5064102564102564
0.7012779552704452,0.41862652869159245,0.4717948717948718
0.7060702875388082,0.42427093132563637,0.5
0.6884984025548108,0.4035747883341419,0.5416666666666666
0.7124600638966255,0.4167450611469111,0.5256410256410257
0.7004792332257181,0.40263405456180124,0.6196153846153846
0.6972843450468095,0.39887111947243864,0.5448717948717948
0.7092651757177169,0.41298212605754847,0.6089743589743589
0.09185303514362324,0.0790216368766152,0.4935897435897436
0.09265175718835039,0.07619943555959323,0.46153846153846156
0.09185303514362324,0.032925682031923004,0.3974358974358974
0.09265175718835039,0.03198494825958234,0.5256410256410257
0.07987220447271585,0.01693320790213183,0.46153846153846156
0.08945686900944176,0.028222013170219714,0.5565384615384615
0.09584664536725904,0.020696142991494457,0.4948717948717948
0.09424920127780471,0.022577610536175772,0.5355128205128205
0.08865814696471461,0.029162746942560373,0.5732051282051281
0.09345047923307756,0.031044214487241685,0.32051282051282054
0.09025559105416892,0.027281279397879058,0.5376923076923077
0.09664536741198619,0.0197554092191538,0.40602564102564104
0.08785942491998745,0.03010348071490103,0.5483333333333332
0.09504792332253187,0.021636876763835116,0.5402564102564102
0.08067092651744302,0.01599247412979117,0.47435897435897434
0.31469648562250047,0.7695202257746575,0.41025641025641024
0.3202875399355906,0.7742238946363609,0.41025641025641024
0.3186900958461363,0.7723424270916796,0.5256410256410257
0.31709265175668194,0.7704609595469982,0.5256410256410257
0.32507987220395357,0.7798682972704047,0.46153846153846156
0.3162939297119548,0.7714016933193388,0.5705128205128205
0.32747603833813504,0.7845719661321081,0.4957692307692308
0.32667731629340785,0.7817497648150861,0.5585897435897434
0.3282747603828622,0.7836312323597674,0.46794871794871795
0.3258785942486807,0.7826904985874268,0.5042307692307693
0.3290734824275893,0.7864534336767893,0.5384615384615384
0.332268370606498,0.790216368766152,0.40384615384615385
0.9704472843434977,0.6528692380044161,0.40217948717948726
0.9768370607013149,0.6603951081831413,0.5
0.972044728432952,0.6547507055490974,0.4257692307692307
0.9792332268354964,0.6632173095001633,0.39961538461538465
0.9760383386565878,0.6594543744108007,0.45025641025641033
0.9784345047907693,0.6622765757278226,0.40769230769230763
0.9472843450464101,0.625587958606537,0.4358974358974359
0.9456869009569557,0.6237064910618557,0.38461538461538464
0.9488817891358644,0.6274694261512184,0.38038461538461543
0.9752396166118606,0.65851364063846,0.4387179487179487
0.9712460063882249,0.6538099717767567,0.40538461538461545
0.9464856230016829,0.6246472248341963,0.38461538461538464
0.9776357827460421,0.661335841955482,0.42948717948717946
0.9808306709249508,0.6650987770448447,0.48717948717948717
0.9728434504776792,0.655691439321438,0.4435897435897435
0.9736421725224064,0.6566321730937786,0.4333333333333333
0.9744408945671335,0.6575729068661194,0.42128205128205126
0.6421725239606355,0.3358419567256146,0.5384615384615384
0.6581469648551787,0.362182502351153,0.7115384615384616
0.6493610223631799,0.34430856067668053,0.5726923076923077
0.6517571884973614,0.35465663217242777,0.6410256410256411
0.6589456868999058,0.3631232361234937,0.7051282051282052
0.6613418530340873,0.35841956726179036,0.7033333333333334
0.6485623003184527,0.34336782690433987,0.6410256410256411
0.6565495207657244,0.36406396989583434,0.4914102564102564
0.6621405750788145,0.359360301034131,0.6996153846153845
0.6549520766762701,0.3508936970830651,0.6
0.6605431309893601,0.36124176857881235,0.6632051282051282
0.659744408944633,0.3603010348064717,0.6739743589743589
0.6573482428104516,0.365004703668175,0.6538461538461539
0.6437699680500898,0.3490122295383838,0.5384615384615384
0.644568690094817,0.34995296331072445,0.5
0.6557507987209972,0.3518344308554058,0.7371794871794872
0.6469648562289985,0.3452492944490212,0.5512820512820513
0.9384984025544114,0.6331138287852622,0.5128205128205128
0.94169329073332,0.6293508936958996,0.48294871794871796
0.9392971245991385,0.6359360301022843,0.3782051282051282
0.8905750798707819,0.5691439322660976,0.4166666666666667
0.8466453674107881,0.45907808090224067,0.48717948717948717
0.9424920127780472,0.6321730950129216,0.4641025641025641
0.9432907348227743,0.6312323612405809,0.4470512820512821
0.6525559105420886,0.3189087488234828,0.47435897435897434
0.6509584664526342,0.3170272812788015,0.46794871794871795
0.6405750798711812,0.32925682031923,0.5448717948717948
0.6493610223631799,0.3226716839128454,0.5584615384615385
0.6469648562289985,0.32173095014050473,0.5973076923076923
0.6477635782737257,0.32079021636816407,0.5502564102564103
0.6485623003184527,0.32361241768518606,0.5882051282051282
0.6429712460053627,0.33019755409157064,0.5464102564102564
0.6421725239606355,0.3311382878639113,0.586923076923077
0.644568690094817,0.3245531514575267,0.6025641025641025
0.6413738019159083,0.3283160865468893,0.5105128205128204
0.6437699680500898,0.3254938852298674,0.5912820512820514
0.6453674121395442,0.3273753527745487,0.5303846153846155
0.6461661341842713,0.32643461900220805,0.6432051282051282
0.6517571884973614,0.3198494825958234,0.5961538461538461
0.3226837060697721,0.7412982126044378,0.5939743589743589
0.31789137380140914,0.7356538099703939,0.5160256410256411
0.3282747603828622,0.7309501411086906,0.5967948717948718
0.3338658146959523,0.724365004702306,0.5256410256410257
0.33306709265122514,0.721542803385284,0.5
0.32747603833813504,0.7318908748810312,0.5938461538461538
0.32507987220395357,0.727187206019328,0.6273076923076923
0.32667731629340785,0.7290686735640093,0.6012820512820514
0.3290734824275893,0.7337723424257125,0.6035897435897436
0.3242811501592264,0.7281279397916687,0.6388461538461538
0.3258785942486807,0.73000940733635,0.6025641025641025
0.3194888178908634,0.7375352775150752,0.38461538461538464
0.32108626198031776,0.7394167450597565,0.34615384615384615
0.3186900958461363,0.7347130761980533,0.5723076923076923
0.3202875399355906,0.7365945437427346,0.47435897435897434
0.3298722044723165,0.7328316086533719,0.5732051282051281
0.3218849840250449,0.7384760112874159,0.34358974358974353
0.31709265175668194,0.7478833490108224,0.4326923076923077
0.10383386581453062,0.0028222013170219715,0.44448717948717953
0.1062300319487121,0.0018814675446813143,0.33974358974358976
0.10463258785925778,0.0037629350893626286,0.3942307692307692
0.13178913737998116,0.03198494825958234,0.3076923076923077
0.9257188498387768,0.6989651928491083,0.5512820512820513
0.31709265175668194,0.6650987770448447,0.28846153846153844
0.31469648562250047,0.6641580432725039,0.46794871794871795
0.614217252395185,0.2671683913447466,0.5470512820512821
0.3130990415330462,0.6519285042320754,0.46794871794871795
0.6365814696475454,0.30667920978305424,0.5448717948717948
0.6357827476028183,0.3057384760107136,0.5205128205128204
0.6509584664526342,0.35559736594476843,0.6153846153846154
0.6437699680500898,0.34713076199370246,0.5384615384615384
0.6605431309893601,0.359360301034131,0.7051282051282052
0.6621405750788145,0.36124176857881235,0.7029487179487179
0.6589456868999058,0.365004703668175,0.6679487179487179
0.6613418530340873,0.3603010348064717,0.7051282051282052
0.6581469648551787,0.36406396989583434,0.6871794871794871
0.6573482428104516,0.3631232361234937,0.7307692307692307
0.6453674121395442,0.3490122295383838,0.5897435897435898
0.6166134185293665,0.36782690498519693,0.4358974358974359
0.6493610223631799,0.34619002822136186,0.5993589743589743
0.659744408944633,0.35841956726179036,0.6556410256410257
0.644568690094817,0.3480714957660431,0.4807692307692308
0.6533546325868157,0.3508936970830651,0.5897435897435898
0.6477635782737257,0.34430856067668053,0.5641025641025641
0.6565495207657244,0.362182502351153,0.6624358974358975
0.6549520766762701,0.35277516462774644,0.6282051282051282
0.3338658146959523,0.7337723424257125,0.5769230769230769
0.3378594249195881,0.7365945437427346,0.47435897435897434
0.34904153354576833,0.7460018814661411,0.6564102564102564
0.32507987220395357,0.721542803385284,0.5769230769230769
0.3290734824275893,0.724365004702306,0.6185897435897436
0.3226837060697721,0.7168391345235807,0.6111538461538462
0.3514376996799498,0.7507055503278444,0.5801282051282052
0.3282747603828622,0.7253057384746466,0.5641025641025641
0.32108626198031776,0.718720602068262,0.5128205128205128
0.33067092651704366,0.73000940733635,0.5662820512820513
0.3298722044723165,0.7234242709299653,0.4897435897435898
0.3242811501592264,0.7224835371576247,0.5820512820512821
0.34664536741158686,0.7488240827831631,0.5820512820512821
0.33306709265122514,0.727187206019328,0.5064102564102564
0.347444089456314,0.7478833490108224,0.7051282051282052
0.3258785942486807,0.7206020696129434,0.5128205128205128
0.332268370606498,0.7281279397916687,0.5
0.3314696485617708,0.7290686735640093,0.4573076923076923
0.34584664536685966,0.7422389463767785,0.5256410256410257
0.32747603833813504,0.7262464722469874,0.5743589743589743
0.34824281150104114,0.7469426152384818,0.6282051282051282
0.35223642172467695,0.7497648165555038,0.5865384615384616
0.3506389776352226,0.7516462841001851,0.625
0.33626198083013376,0.7309501411086906,0.6089743589743589
0.3346645367406795,0.7328316086533719,0.5256410256410257
0.6621405750788145,0.40733772342350455,0.559871794871795
0.6613418530340873,0.4082784571958452,0.5751282051282052
0.6573482428104516,0.4054562558788232,0.5961538461538461
0.36421725239558433,0.7507055503278444,0.47435897435897434
0.6549520766762701,0.40075258701711997,0.5897435897435898
0.36261980830613,0.7525870178725257,0.5705128205128205
0.3650159744403115,0.7497648165555038,0.4410256410256411
0.36182108626140286,0.7460018814661411,0.32051282051282054
0.659744408944633,0.41015992474052654,0.5256410256410257
0.6605431309893601,0.4092191909681859,0.5480769230769231
0.3418530351432239,0.7328316086533719,0.5384615384615384
0.3514376996799498,0.7441204139214598,0.44871794871794873
0.34664536741158686,0.7535277516448664,0.5666666666666667
0.3434504792326782,0.7497648165555038,0.5538461538461539
0.3218849840250449,0.724365004702306,0.6132051282051282
0.3450479233221325,0.7516462841001851,0.4857692307692308
0.3354632587854066,0.7403574788320971,0.5564102564102564
0.3194888178908634,0.721542803385284,0.5961538461538461
0.32108626198031776,0.7234242709299653,0.6730769230769231
0.3346645367406795,0.7394167450597565,0.5384615384615384
0.33626198083013376,0.7412982126044378,0.5291025641025641
0.33067092651704366,0.7347130761980533,0.6346153846153846
0.3226837060697721,0.7253057384746466,0.6282051282051282
0.32348242811449923,0.7262464722469874,0.6506410256410257
0.3506389776352226,0.7431796801491192,0.4641025641025641
0.3202875399355906,0.7224835371576247,0.5448717948717948
0.33306709265122514,0.7375352775150752,0.617948717948718
0.3442492012774054,0.7507055503278444,0.5833333333333334
0.3314696485617708,0.7356538099703939,0.5524358974358975
0.332268370606498,0.7365945437427346,0.6482051282051282
0.3338658146959523,0.7384760112874159,0.5838461538461539
0.31549520766722766,0.6895578551257017,0.5384615384615384
0.3107028753988647,0.6839134524916578,0.42948717948717946
0.6629392971235416,0.33207902163625197,0.5726923076923077
0.6158146964846393,0.26904985888942795,0.4573076923076923
0.6174121405740935,0.2709313264341093,0.45294871794871794
0.664536741212996,0.3339604891809333,0.523076923076923
0.6637380191682688,0.33301975540859263,0.5512820512820513
0.6653354632577231,0.33490122295327396,0.5923076923076923
0.6150159744399121,0.2681091251170873,0.46153846153846156
0.6126198083057306,0.27281279397879055,0.5256410256410257
0.8522364217238783,0.4722483537150099,0.391025641025641
0.6549520766762701,0.3537158984000871,0.6128205128205128
0.6469648562289985,0.34430856067668053,0.6858974358974359
0.659744408944633,0.359360301034131,0.6987179487179487
0.6485623003184527,0.34619002822136186,0.5737179487179487
0.6493610223631799,0.3452492944490212,0.6025641025641025
0.6565495207657244,0.3631232361234937,0.626025641025641
0.6437699680500898,0.3480714957660431,0.5384615384615384
0.6589456868999058,0.36406396989583434,0.6602564102564102
0.6613418530340873,0.36124176857881235,0.6632051282051282
0.6573482428104516,0.362182502351153,0.7467948717948718
0.6581469648551787,0.365004703668175,0.6196153846153846
0.6605431309893601,0.35841956726179036,0.6314102564102564
0.6621405750788145,0.3603010348064717,0.6923076923076923
0.644568690094817,0.34713076199370246,0.5683333333333334
0.6325878594239096,0.3490122295383838,0.5512820512820513
0.6565495207657244,0.3772342427086035,0.4893589743589744
0.6509584664526342,0.3706491063022189,0.4551282051282051
0.6333865814686368,0.34995296331072445,0.4139743589743591
0.6525559105420886,0.37253057384690025,0.5256410256410257
0.6581469648551787,0.37911571025328483,0.5512820512820513
0.6317891373791824,0.3480714957660431,0.46794871794871795
0.6238019169319109,0.36124176857881235,0.4752564102564102
0.619808306708275,0.36406396989583434,0.4641025641025641
0.6557507987209972,0.3687676387575376,0.5897435897435898
0.659744408944633,0.3734713076192409,0.6256410256410256
0.6230031948871837,0.3603010348064717,0.4610256410256409
0.6206070287530022,0.365004703668175,0.47858974358974354
0.6222044728424565,0.359360301034131,0.5117948717948718
0.6214057507977294,0.35841956726179036,0.5157692307692309
0.6589456868999058,0.3800564440256255,0.5870512820512821
0.6182108626188207,0.362182502351153,0.4923076923076924
0.6613418530340873,0.3753527751639222,0.6388461538461538
0.6605431309893601,0.3744120413915816,0.6516666666666666
0.6621405750788145,0.37629350893626284,0.6556410256410257
0.6573482428104516,0.37817497648094417,0.6410256410256411
0.6389776357817268,0.3866415804320101,0.6602564102564102
0.6533546325868157,0.3659454374405156,0.6282051282051282
0.6501597444079071,0.36970837252987826,0.5833333333333334
0.6166134185293665,0.2709313264341093,0.47435897435897434
0.6150159744399121,0.26904985888942795,0.5
0.664536741212996,0.33490122295327396,0.5470512820512821
0.6629392971235416,0.33301975540859263,0.5421794871794873
0.6637380191682688,0.33207902163625197,0.5298717948717948
0.6653354632577231,0.3339604891809333,0.5833333333333334
0.6677316293919046,0.3311382878639113,0.6496153846153846
0.6964856230020823,0.4035747883341419,0.5769230769230769
0.7020766773151724,0.41392285982988913,0.47012820512820513
0.6940894568679008,0.40075258701711997,0.5480769230769231
0.6908945686889922,0.3969896519277573,0.532051282051282
0.6932907348231737,0.3998118532447793,0.5576923076923077
0.6988817891362638,0.41015992474052654,0.5608974358974359
0.694888178912628,0.4054562558788232,0.5160256410256411
0.7004792332257181,0.4082784571958452,0.6153846153846154
0.7076677316282626,0.4205079962362738,0.5448717948717948
0.690095846644265,0.39604891815541665,0.5983333333333334
0.6892971245995378,0.39887111947243864,0.5442307692307693
0.6924920127784465,0.40263405456180124,0.5541025641025641
0.7052715654940811,0.4176857949192518,0.48717948717948717
0.6956869009573552,0.4063969896511639,0.5352564102564102
0.7012779552704452,0.41298212605754847,0.45897435897435895
0.7028753993598996,0.4111006585128672,0.532051282051282
0.6916932907337193,0.40169332078946063,0.5470512820512821
0.6884984025548108,0.397930385700098,0.5443589743589743
0.6980830670915367,0.4092191909681859,0.5820512820512821
0.6972843450468095,0.40451552210648256,0.5192307692307693
0.9289137380176855,0.6726246472235698,0.41448717948717945
0.9305111821071398,0.6707431796788885,0.5448717948717948
0.9384984025544114,0.6839134524916578,0.4230769230769231
0.9536741214042274,0.6434619002810095,0.48717948717948717
0.9257188498387768,0.6688617121342072,0.47435897435897434
0.9592651757173175,0.6594543744108007,0.4935897435897436
0.9345047923307755,0.6961429915320863,0.4401282051282051
0.9656549520751347,0.6519285042320754,0.4282051282051283
0.9472843450464101,0.6509877704597348,0.6007692307692307
0.9664536741198619,0.65851364063846,0.4401282051282051
0.9488817891358644,0.6491063029150534,0.5503846153846155
0.967252396164589,0.6575729068661194,0.4283333333333333
0.9297124600624126,0.6716839134512292,0.5410256410256411
0.9688498402540434,0.655691439321438,0.4241025641025641
0.9640575079856805,0.6538099717767567,0.4516666666666667
0.9496805111805916,0.6481655691427127,0.5583333333333333
0.9680511182093162,0.6566321730937786,0.4374358974358975
0.9480830670911372,0.650047036687394,0.5579487179487179
0.9464856230016829,0.6444026340533502,0.5426923076923077
0.9648562300304075,0.6528692380044161,0.39615384615384625
0.9632587859409533,0.6547507055490974,0.4491025641025641
0.9440894568675015,0.6472248353703721,0.585
0.9281150159729583,0.6735653809959106,0.41025641025641024
0.9456869009569557,0.6453433678256908,0.623076923076923
0.9448881789122286,0.6462841015980315,0.6101282051282052
0.926517571883504,0.6679209783618666,0.5555128205128205
0.6621405750788145,0.4092191909681859,0.5
0.6613418530340873,0.41015992474052654,0.5298717948717948
0.36261980830613,0.7507055503278444,0.3974358974358974
0.6605431309893601,0.40733772342350455,0.5406410256410257
0.3650159744403115,0.7516462841001851,0.32051282051282054
0.36341853035085714,0.7497648165555038,0.4534615384615385
0.36421725239558433,0.7525870178725257,0.5384615384615384
0.659744408944633,0.4082784571958452,0.517051282051282
0.6485623003184527,0.33207902163625197,0.6410256410256411
0.6477635782737257,0.33490122295327396,0.5623076923076923
0.6413738019159083,0.3273753527745487,0.507948717948718
0.6373801916922726,0.3226716839128454,0.5426923076923077
0.6453674121395442,0.3283160865468893,0.6025641025641025
0.6461661341842713,0.32925682031923,0.47435897435897434
0.639776357826454,0.32173095014050473,0.5256410256410257
0.6381789137369998,0.32361241768518606,0.5174358974358975
0.6469648562289985,0.3339604891809333,0.5342307692307693
0.6405750798711812,0.32643461900220805,0.48294871794871796
0.6493610223631799,0.33301975540859263,0.5911538461538461
0.644568690094817,0.3311382878639113,0.5705128205128205
0.6389776357817268,0.32079021636816407,0.4967948717948718
0.6421725239606355,0.3245531514575267,0.5692307692307693
0.6429712460053627,0.3254938852298674,0.6025641025641025
0.6437699680500898,0.33019755409157064,0.5256410256410257
0.931309904151867,0.65851364063846,0.5256410256410257
0.9361022364202299,0.6528692380044161,0.5897435897435898
0.9305111821071398,0.6444026340533502,0.5897435897435898
0.9376996805096842,0.6660395108171853,0.5430769230769231
0.9384984025544114,0.6650987770448447,0.4976923076923076
0.936900958464957,0.6519285042320754,0.6396153846153846
0.9257188498387768,0.650047036687394,0.5608974358974359
0.9337060702860485,0.655691439321438,0.5705128205128205
0.9345047923307755,0.6547507055490974,0.5192307692307693
0.9400958466438657,0.6632173095001633,0.5865384615384616
0.9353035143755027,0.6538099717767567,0.586923076923077
0.9392971245991385,0.6641580432725039,0.5769230769230769
0.32108626198031776,0.78739416744913,0.42948717948717946
0.34824281150104114,0.7591721542789103,0.491025641025641
0.33306709265122514,0.7789275634980641,0.6025641025641025
0.3498402555904955,0.7685794920023169,0.5256410256410257
0.3506389776352226,0.7695202257746575,0.4935897435897436
0.3530351437694041,0.7648165569129542,0.5417948717948718
0.3354632587854066,0.7742238946363609,0.5448717948717948
0.35463258785885843,0.7666980244576356,0.4593589743589743
0.3346645367406795,0.7732831608640202,0.4551282051282051
0.3434504792326782,0.7610536218235916,0.5243589743589744
0.3450479233221325,0.7629350893682729,0.5175641025641026
0.34904153354576833,0.760112888051251,0.46346153846153854
0.3538338658141313,0.765757290685295,0.5160256410256411
0.34584664536685966,0.7638758231406136,0.5047435897435898
0.3442492012774054,0.7619943555959323,0.5014102564102564
0.347444089456314,0.7582314205065697,0.5128205128205128
0.3314696485617708,0.7770460959533828,0.5
0.34664536741158686,0.7572906867342291,0.38884615384615384
0.33626198083013376,0.7751646284087015,0.5326923076923077
0.3410543130984967,0.7808090310427455,0.5448717948717948
0.332268370606498,0.7779868297257234,0.5726923076923077
0.3338658146959523,0.7723424270916796,0.46705128205128216
0.33067092651704366,0.7761053621810422,0.5705128205128205
0.6541533546315429,0.3452492944490212,0.6128205128205128
0.6549520766762701,0.34430856067668053,0.6016666666666668
0.6525559105420886,0.34713076199370246,0.5833333333333334
0.6573482428104516,0.34148635935965854,0.6373076923076922
0.6517571884973614,0.3480714957660431,0.5897435897435898
0.6605431309893601,0.3377234242702959,0.6162820512820512
0.659744408944633,0.33866415804263655,0.612948717948718
0.6581469648551787,0.3405456255873179,0.6294871794871794
0.6533546325868157,0.34619002822136186,0.6025641025641025
0.6621405750788145,0.3358419567256146,0.658076923076923
0.6565495207657244,0.3424270931319992,0.6073076923076923
0.6613418530340873,0.3367826904979553,0.5944871794871796
0.6589456868999058,0.3396048918149772,0.6411538461538462
0.6509584664526342,0.3490122295383838,0.5860256410256409
0.6557507987209972,0.34336782690433987,0.6164102564102564
0.6453674121395442,0.35559736594476843,0.3525641025641026
0.6349840255580911,0.36782690498519693,0.4807692307692308
0.6365814696475454,0.3659454374405156,0.42948717948717946
0.6357827476028183,0.36688617121285627,0.5683333333333334
0.674920127794449,0.40263405456180124,0.5064102564102564
0.6653354632577231,0.4063969896511639,0.5705128205128205
0.6813099041522663,0.42521166509797703,0.5641025641025641
0.664536741212996,0.4054562558788232,0.4935897435897436
0.6685303514366318,0.41015992474052654,0.5726923076923077
0.6733226837049947,0.40075258701711997,0.5779487179487179
0.6821086261969934,0.4111006585128672,0.5683333333333334
0.6837060702864478,0.41298212605754847,0.5274358974358975
0.6725239616602675,0.3998118532447793,0.5897435897435898
0.6861022364206293,0.41580432737457046,0.5266666666666666
0.6876996805100836,0.4176857949192518,0.496025641025641
0.6924920127784465,0.43838193791074626,0.4519230769230769
0.6805111821075391,0.42427093132563637,0.5576923076923077
0.6956869009573552,0.42709313264265836,0.5615384615384615
0.6980830670915367,0.42991533395968035,0.5769230769230769
0.6829073482417206,0.4120413922852078,0.5641025641025641
0.694888178912628,0.4261523988703177,0.604871794871795
0.6908945686889922,0.43650047036606493,0.4807692307692308
0.35623003194831276,0.7648165569129542,0.4435897435897435
0.6637380191682688,0.40451552210648256,0.5833333333333334
0.6869009584653564,0.4167450611469111,0.5470512820512821
0.7004792332257181,0.4327375352767023,0.48717948717948717
0.6932907348231737,0.43932267168308686,0.4551282051282051
0.6972843450468095,0.4289746001873397,0.6333333333333334
0.6845047923311749,0.41392285982988913,0.5214102564102564
0.7084664536729897,0.44214487300010885,0.6282051282051282
0.6789137380180849,0.42238946378095504,0.4935897435897436
0.6853035143759021,0.4148635936022298,0.5310256410256411
0.6988817891362638,0.43085606773202095,0.5448717948717948
0.7108626198071711,0.44496707431713084,0.5897435897435898
0.6781150159733577,0.4214487300086144,0.5256410256410257
0.699680511180991,0.4317968015043616,0.46666666666666673
0.6964856230020823,0.428033866414999,0.5376923076923077
0.6741214057497219,0.40169332078946063,0.6153846153846154
0.6709265175708132,0.397930385700098,0.6410256410256411
0.6629392971235416,0.4035747883341419,0.6762820512820513
0.6717252396155404,0.39887111947243864,0.5855128205128205
0.669329073481359,0.39604891815541665,0.46153846153846156
0.6677316293919046,0.4092191909681859,0.5555128205128205
0.7036741214046267,0.38099717779796616,0.5769230769230769
0.6773162939286305,0.3518344308554058,0.7051282051282052
0.6956869009573552,0.3753527751639222,0.5833333333333334
0.6757188498391762,0.3537158984000871,0.6846153846153847
0.6813099041522663,0.35465663217242777,0.6516666666666666
0.6924920127784465,0.3715898400745596,0.6225641025641026
0.6861022364206293,0.36406396989583434,0.67
0.6932907348231737,0.3706491063022189,0.621025641025641
0.6829073482417206,0.3603010348064717,0.6517948717948718
0.6908945686889922,0.3659454374405156,0.6666666666666666
0.690095846644265,0.36688617121285627,0.6623076923076923
0.669329073481359,0.34619002822136186,0.6512820512820513
0.6805111821075391,0.35559736594476843,0.6351282051282052
0.6884984025548108,0.3687676387575376,0.6767948717948719
0.6637380191682688,0.3377234242702959,0.5384615384615384
0.6629392971235416,0.33866415804263655,0.5956410256410256
0.6733226837049947,0.3490122295383838,0.6965384615384616
0.6892971245995378,0.36782690498519693,0.6252564102564102
0.6653354632577231,0.3358419567256146,0.5915384615384616
0.664536741212996,0.3367826904979553,0.5897435897435898
0.6014376996795504,0.26058325493836204,0.5448717948717948
0.6669329073471775,0.34148635935965854,0.6496153846153846
0.6940894568679008,0.36970837252987826,0.5887179487179487
0.7068690095835354,0.38476011288732875,0.5128205128205128
0.6853035143759021,0.365004703668175,0.6928205128205129
0.6869009584653564,0.3631232361234937,0.6787179487179487
0.6837060702864478,0.359360301034131,0.6658974358974359
0.6845047923311749,0.35841956726179036,0.6617948717948718
0.6916932907337193,0.37253057384690025,0.6098717948717948
0.6789137380180849,0.3574788334894497,0.6394871794871795
0.6821086261969934,0.36124176857881235,0.6282051282051282
0.6876996805100836,0.362182502351153,0.6885897435897436
0.699680511180991,0.37817497648094417,0.5961538461538461
0.7076677316282626,0.3913452492937134,0.5512820512820513
0.7004792332257181,0.3772342427086035,0.5769230769230769
0.6685303514366318,0.3396048918149772,0.47435897435897434
0.7060702875388082,0.3857008466596694,0.5
0.7044728434493539,0.38758231420435074,0.5384615384615384
0.6972843450468095,0.3734713076192409,0.6730769230769231
0.6765175718839034,0.35277516462774644,0.6978205128205129
0.6709265175708132,0.34430856067668053,0.6346153846153846
0.6661341853024503,0.3424270931319992,0.5641025641025641
0.6797124600628119,0.35653809971710904,0.6571794871794873
0.7012779552704452,0.3838193791149881,0.5641025641025641
0.6365814696475454,0.3254938852298674,0.5064102564102564
0.08067092651744302,0.0197554092191538,0.5160256410256411
0.08386581469635165,0.031044214487241685,0.5628205128205129
0.08466453674107881,0.03010348071490103,0.5833333333333334
0.08706070287526028,0.027281279397879058,0.5067948717948718
0.08626198083053313,0.028222013170219714,0.5837179487179487
0.08546325878580598,0.029162746942560373,0.5806410256410257
0.09424920127780471,0.01881467544681314,0.4935897435897436
0.6533546325868157,0.41392285982988913,0.5705128205128205
0.6829073482417206,0.3480714957660431,0.6217948717948718
0.6837060702864478,0.3490122295383838,0.6185897435897436
0.6685303514366318,0.3537158984000871,0.6891025641025641
0.6741214057497219,0.3603010348064717,0.6910256410256411
0.6908945686889922,0.38758231420435074,0.7211538461538461
0.710063897762444,0.3800564440256255,0.4935897435897436
0.669329073481359,0.362182502351153,0.7228205128205127
0.6709265175708132,0.36406396989583434,0.7067948717948718
0.7124600638966255,0.3753527751639222,0.4935897435897436
0.6725239616602675,0.35841956726179036,0.6674358974358975
0.674920127794449,0.36124176857881235,0.6969230769230769
0.6733226837049947,0.359360301034131,0.7201282051282052
0.670127795526086,0.3631232361234937,0.6993589743589743
0.6821086261969934,0.34713076199370246,0.7628205128205128
0.6717252396155404,0.365004703668175,0.6871794871794871
0.664536741212996,0.35653809971710904,0.6837179487179487
0.6669329073471775,0.3518344308554058,0.6730769230769231
0.6629392971235416,0.35465663217242777,0.6589743589743591
0.6653354632577231,0.3574788334894497,0.6538461538461539
0.6637380191682688,0.35559736594476843,0.6833333333333333
0.609424920126822,0.25399811853197746,0.5384615384615384
0.7036741214046267,0.37253057384690025,0.6217948717948718
0.6916932907337193,0.38099717779796616,0.6820512820512821
0.690095846644265,0.3866415804320101,0.7083333333333334
0.7052715654940811,0.36688617121285627,0.5961538461538461
0.6884984025548108,0.38476011288732875,0.658076923076923
0.6892971245995378,0.3857008466596694,0.6410256410256411
0.6661341853024503,0.3508936970830651,0.6465384615384616
0.6677316293919046,0.35277516462774644,0.6611538461538461
0.7012779552704452,0.36970837252987826,0.6324358974358975
0.6845047923311749,0.34995296331072445,0.6282051282051282
0.6940894568679008,0.3838193791149881,0.6721794871794873
0.6932907348231737,0.3828786453426475,0.6538461538461539
0.6789137380180849,0.3358419567256146,0.6602564102564102
0.6924920127784465,0.3819379115703068,0.6282051282051282
0.31789137380140914,0.7883349012214707,0.42948717948717946
0.3338658146959523,0.7770460959533828,0.559871794871795
0.3186900958461363,0.78739416744913,0.3525641025641026
0.3346645367406795,0.7761053621810422,0.5769230769230769
0.3354632587854066,0.7789275634980641,0.47012820512820513
0.34664536741158686,0.7619943555959323,0.49884615384615383
0.3514376996799498,0.7676387582299762,0.5569230769230769
0.33067092651704366,0.7732831608640202,0.4423076923076923
0.34904153354576833,0.7629350893682729,0.49192307692307696
0.34824281150104114,0.7638758231406136,0.4875641025641026
0.3498402555904955,0.765757290685295,0.525
0.34584664536685966,0.7591721542789103,0.51
0.35223642172467695,0.7666980244576356,0.5491025641025641
0.347444089456314,0.7610536218235916,0.4683333333333333
0.3506389776352226,0.7648165569129542,0.5153846153846154
0.3450479233221325,0.760112888051251,0.45641025641025634
0.33306709265122514,0.7742238946363609,0.5
0.332268370606498,0.7751646284087015,0.5384615384615384
0.3314696485617708,0.7723424270916796,0.45294871794871794
0.3442492012774054,0.7572906867342291,0.5555128205128205
0.33626198083013376,0.7779868297257234,0.5128205128205128
0.07987220447271585,0.017873941674472486,0.5128205128205128
0.08067092651744302,0.01881467544681314,0.5256410256410257
0.09025559105416892,0.03010348071490103,0.4948717948717948
0.08785942491998745,0.027281279397879058,0.5647435897435897
0.08945686900944176,0.029162746942560373,0.517051282051282
0.09664536741198619,0.022577610536175772,0.5128205128205128
0.08865814696471461,0.028222013170219714,0.5838461538461539
0.09504792332253187,0.020696142991494457,0.5076923076923077
0.09584664536725904,0.021636876763835116,0.4935897435897436
0.09185303514362324,0.03198494825958234,0.5576923076923077
0.09424920127780471,0.0197554092191538,0.4807692307692308
0.09105431309889608,0.031044214487241685,0.4423076923076923
0.3378594249195881,0.7431796801491192,0.5576923076923077
0.33706070287486095,0.7422389463767785,0.46153846153846156
0.3354632587854066,0.7554092191895477,0.5646153846153847
0.33626198083013376,0.7563499529618883,0.5801282051282052
0.33306709265122514,0.7525870178725257,0.6071794871794872
0.3338658146959523,0.7535277516448664,0.6212820512820512
0.3202875399355906,0.7074317968001742,0.5855128205128205
0.34265175718795104,0.7488240827831631,0.4934615384615384
0.332268370606498,0.7516462841001851,0.6396153846153846
0.3346645367406795,0.754468485417207,0.6057692307692307
0.3226837060697721,0.7102539981171961,0.6666666666666666
0.3314696485617708,0.7507055503278444,0.657051282051282
0.33067092651704366,0.7497648165555038,0.6871794871794871
0.33865814696431523,0.7441204139214598,0.5128205128205128
0.33945686900904243,0.7450611476938005,0.5961538461538461
0.3418530351432239,0.7478833490108224,0.5426923076923077
0.3410543130984967,0.7469426152384818,0.5076923076923077
0.34025559105376957,0.7460018814661411,0.5096153846153846
0.10303514376980347,0.0856067732829998,0.3167948717948717
0.10143769968034914,0.08372530573831849,0.3375641025641025
0.11661341853016516,0.06585136406384601,0.3269230769230769
0.1062300319487121,0.08184383819363718,0.3333333333333333
0.11821086261961947,0.06773283160852732,0.3743589743589744
0.11741214057489231,0.06491063029150534,0.26282051282051283
0.1022364217250763,0.08654750705534046,0.3615384615384616
0.11900958466434663,0.06679209783618666,0.391025641025641
0.10383386581453062,0.08090310442129652,0.3141025641025641
0.10463258785925778,0.07996237064895585,0.34935897435897434
0.10543130990398493,0.08278457196597783,0.38461538461538464
0.11421725239598368,0.06867356538086797,0.3094871794871795
0.12619808306689106,0.057384760112780084,0.3717948717948718
0.11341853035125653,0.0724365004702306,0.3632051282051282
0.11102236421707505,0.08466603951065914,0.33653846153846156
0.11661341853016516,0.07619943555959323,0.38910256410256405
0.12300319488798242,0.06867356538086797,0.3333333333333333
0.10063897763562199,0.08748824082768111,0.3717948717948718
0.10143769968034914,0.08842897460002178,0.28679487179487184
0.1078274760381664,0.08090310442129652,0.33051282051282055
0.10942492012762073,0.08278457196597783,0.358974358974359
0.10702875399343925,0.07996237064895585,0.358974358974359
0.11022364217234788,0.08372530573831849,0.36217948717948717
0.12220447284325527,0.06773283160852732,0.3301282051282051
0.115814696485438,0.07525870178725257,0.355
0.11821086261961947,0.07808090310427454,0.391025641025641
0.11741214057489231,0.07714016933193389,0.3269230769230769
0.11421725239598368,0.07337723424257125,0.38461538461538464
0.6126198083057306,0.2530573847596368,0.46153846153846156
0.6980830670915367,0.40263405456180124,0.4807692307692308
0.694888178912628,0.39887111947243864,0.6602564102564102
0.6988817891362638,0.40169332078946063,0.5897435897435898
0.6924920127784465,0.4092191909681859,0.5455128205128205
0.6908945686889922,0.4035747883341419,0.5503846153846155
0.6972843450468095,0.39604891815541665,0.4358974358974359
0.6892971245995378,0.4054562558788232,0.5525641025641025
0.690095846644265,0.40451552210648256,0.5384615384615384
0.6940894568679008,0.40733772342350455,0.5310256410256411
0.6884984025548108,0.4063969896511639,0.5543589743589743
0.6956869009573552,0.397930385700098,0.6111538461538462
0.7020766773151724,0.4205079962362738,0.4935897435897436
0.7012779552704452,0.4214487300086144,0.5528205128205129
0.6916932907337193,0.41015992474052654,0.5317948717948718
0.7028753993598996,0.4195672624639331,0.5416666666666666
0.6932907348231737,0.4082784571958452,0.5047435897435898
0.6964856230020823,0.3969896519277573,0.6858974358974359
0.6932907348231737,0.39887111947243864,0.6666666666666666
0.6940894568679008,0.397930385700098,0.6121794871794872
0.6924920127784465,0.39604891815541665,0.5421794871794873
0.7044728434493539,0.4120413922852078,0.48717948717948717
0.694888178912628,0.4082784571958452,0.5412820512820513
0.6892971245995378,0.3998118532447793,0.5365384615384615
0.699680511180991,0.4063969896511639,0.5256410256410257
0.7012779552704452,0.41580432737457046,0.5192307692307693
0.7020766773151724,0.4148635936022298,0.5491025641025641
0.7004792332257181,0.4054562558788232,0.5128205128205128
0.6916932907337193,0.3969896519277573,0.6205128205128206
0.6908945686889922,0.40169332078946063,0.5453846153846155
0.6964856230020823,0.41015992474052654,0.5076923076923077
0.6956869009573552,0.40733772342350455,0.5256410256410257
0.690095846644265,0.40263405456180124,0.5580769230769231
0.6884984025548108,0.40075258701711997,0.5237179487179486
0.6972843450468095,0.4092191909681859,0.5357692307692309
0.6980830670915367,0.40451552210648256,0.5576923076923077
0.6988817891362638,0.4035747883341419,0.5214102564102564
0.31789137380140914,0.7629350893682729,0.46153846153846156
0.3226837060697721,0.7572906867342291,0.38461538461538464
0.3138977635777733,0.7845719661321081,0.4358974358974359
0.3202875399355906,0.7619943555959323,0.5487179487179487
0.32108626198031776,0.7591721542789103,0.4230769230769231
0.6869009584653564,0.4261523988703177,0.47435897435897434
0.7052715654940811,0.4063969896511639,0.5
0.6853035143759021,0.428033866414999,0.5064102564102564
0.6964856230020823,0.4148635936022298,0.5528205128205129
0.6980830670915367,0.41298212605754847,0.4834615384615384
0.7012779552704452,0.4092191909681859,0.6346153846153846
0.6892971245995378,0.42521166509797703,0.5961538461538461
0.6972843450468095,0.41580432737457046,0.5246153846153846
0.6932907348231737,0.41862652869159245,0.5265384615384614
0.7020766773151724,0.41015992474052654,0.5102564102564102
0.6916932907337193,0.4205079962362738,0.5196153846153846
0.694888178912628,0.4167450611469111,0.5143589743589744
0.6940894568679008,0.4195672624639331,0.5147435897435898
0.6988817891362638,0.41392285982988913,0.5205128205128204
0.6924920127784465,0.4214487300086144,0.5182051282051282
0.7004792332257181,0.4120413922852078,0.5457692307692307
0.699680511180991,0.4111006585128672,0.5256410256410257
0.7036741214046267,0.4082784571958452,0.5192307692307693
0.6861022364206293,0.4289746001873397,0.5512820512820513
0.6908945686889922,0.4233301975532957,0.5555128205128205
0.690095846644265,0.42238946378095504,0.5128205128205128
0.6956869009573552,0.4176857949192518,0.5037179487179488
0.5878594249191887,0.4233301975532957,0.6794871794871795
0.6988817891362638,0.3772342427086035,0.6708974358974359
0.6972843450468095,0.3753527751639222,0.623076923076923
0.6781150159733577,0.35277516462774644,0.6564102564102564
0.6932907348231737,0.37253057384690025,0.6233333333333334
0.7052715654940811,0.38476011288732875,0.5192307692307693
0.6829073482417206,0.35841956726179036,0.645128205128205
0.6741214057497219,0.34995296331072445,0.7243589743589743
0.6876996805100836,0.36406396989583434,0.6821794871794871
0.6869009584653564,0.365004703668175,0.6611538461538461
0.6908945686889922,0.36782690498519693,0.6382051282051282
0.6797124600628119,0.35465663217242777,0.565128205128205
0.6837060702864478,0.36124176857881235,0.6606410256410257
0.6861022364206293,0.362182502351153,0.6752564102564103
0.690095846644265,0.3687676387575376,0.6110256410256409
0.6845047923311749,0.3603010348064717,0.6639743589743591
0.6940894568679008,0.3715898400745596,0.5256410256410257
0.669329073481359,0.34430856067668053,0.5384615384615384
0.6773162939286305,0.3537158984000871,0.6794871794871795
0.6892971245995378,0.3659454374405156,0.66
0.6956869009573552,0.3734713076192409,0.6442307692307693
0.6853035143759021,0.3631232361234937,0.6497435897435898
0.6661341853024503,0.3405456255873179,0.5641025641025641
0.6677316293919046,0.3424270931319992,0.6153846153846154
0.6629392971235416,0.3367826904979553,0.5392307692307693
0.6884984025548108,0.36688617121285627,0.6626923076923077
0.6637380191682688,0.3358419567256146,0.5705128205128205
0.6653354632577231,0.3377234242702959,0.569871794871795
0.664536741212996,0.33866415804263655,0.5820512820512821
0.6805111821075391,0.3574788334894497,0.639102564102564
0.6916932907337193,0.3706491063022189,0.6296153846153846
0.6789137380180849,0.35559736594476843,0.6688461538461539
0.6924920127784465,0.36970837252987826,0.5996153846153846
0.6821086261969934,0.359360301034131,0.6726923076923077
0.6813099041522663,0.35653809971710904,0.6403846153846154
0.6725239616602675,0.3480714957660431,0.7008974358974359
0.7004792332257181,0.37911571025328483,0.5897435897435898
0.6980830670915367,0.37817497648094417,0.6196153846153846
0.674920127794449,0.3490122295383838,0.6624358974358975
0.6757188498391762,0.3518344308554058,0.6666666666666666
0.6765175718839034,0.3508936970830651,0.7051282051282052
0.6964856230020823,0.37629350893626284,0.7153846153846154
0.7004792332257181,0.4195672624639331,0.517948717948718
0.699680511180991,0.41862652869159245,0.5384615384615384
0.6932907348231737,0.4111006585128672,0.5394871794871795
0.6884984025548108,0.4167450611469111,0.5314102564102564
0.694888178912628,0.42427093132563637,0.5458974358974359
0.6964856230020823,0.42238946378095504,0.559871794871795
0.6988817891362638,0.4214487300086144,0.5692307692307693
0.6956869009573552,0.42521166509797703,0.5997435897435898
0.690095846644265,0.4148635936022298,0.5037179487179488
0.6813099041522663,0.42709313264265836,0.5298717948717948
0.6924920127784465,0.41392285982988913,0.5056410256410256
0.6916932907337193,0.41298212605754847,0.5143589743589744
0.6980830670915367,0.4205079962362738,0.565128205128205
0.6972843450468095,0.4233301975532957,0.5758974358974359
0.6940894568679008,0.4120413922852078,0.5355128205128205
0.6829073482417206,0.4402634054554275,0.5576923076923077
0.6892971245995378,0.4176857949192518,0.5137179487179486
0.6908945686889922,0.41580432737457046,0.5169230769230768
0.33626198083013376,0.7356538099703939,0.5683333333333334
0.3498402555904955,0.7478833490108224,0.6111538461538462
0.3506389776352226,0.7488240827831631,0.6858974358974359
0.3378594249195881,0.7337723424257125,0.5897435897435898
0.3538338658141313,0.7450611476938005,0.6538461538461539
0.347444089456314,0.7525870178725257,0.6410256410256411
0.32108626198031776,0.721542803385284,0.532051282051282
0.3450479233221325,0.7535277516448664,0.5234615384615384
0.3226837060697721,0.7196613358406028,0.5448717948717948
0.32348242811449923,0.7206020696129434,0.5737179487179487
0.32507987220395357,0.718720602068262,0.6153846153846154
0.33306709265122514,0.7394167450597565,0.5985897435897436
0.3314696485617708,0.7412982126044378,0.616923076923077
0.3346645367406795,0.7375352775150752,0.5470512820512821
0.33067092651704366,0.7403574788320971,0.6105128205128205
0.34584664536685966,0.754468485417207,0.4725641025641026
0.3218849840250449,0.7224835371576247,0.5939743589743589
0.3434504792326782,0.7554092191895477,0.5480769230769231
0.332268370606498,0.7384760112874159,0.5594871794871795
0.3442492012774054,0.7563499529618883,0.6666666666666666
0.34664536741158686,0.7516462841001851,0.5993589743589743
0.3338658146959523,0.7365945437427346,0.5714102564102563
0.3354632587854066,0.7347130761980533,0.5846153846153845
0.10702875399343925,0.0028222013170219715,0.5128205128205128
0.13019169329052685,0.022577610536175772,0.17307692307692307
0.6709265175708132,0.33019755409157064,0.6025641025641025
0.31789137380140914,0.6698024459065479,0.41884615384615387
0.861022364215877,0.6434619002810095,0.41884615384615387
0.7028753993598996,0.41298212605754847,0.5384615384615384
0.6964856230020823,0.4054562558788232,0.5384615384615384
0.6892971245995378,0.3969896519277573,0.5534615384615384
0.6972843450468095,0.4063969896511639,0.4983333333333334
0.6932907348231737,0.40169332078946063,0.515
0.694888178912628,0.4035747883341419,0.5576923076923077
0.6924920127784465,0.40075258701711997,0.5192307692307693
0.6916932907337193,0.3998118532447793,0.5791025641025641
0.7004792332257181,0.41015992474052654,0.5274358974358975
0.6884984025548108,0.39604891815541665,0.5630769230769231
0.7036741214046267,0.41392285982988913,0.5426923076923077
0.6940894568679008,0.40263405456180124,0.5464102564102564
0.6908945686889922,0.39887111947243864,0.5496153846153847
0.690095846644265,0.397930385700098,0.5697435897435897
0.6956869009573552,0.40451552210648256,0.5641025641025641
0.7020766773151724,0.4120413922852078,0.4957692307692308
0.699680511180991,0.4092191909681859,0.5426923076923077
0.6980830670915367,0.40733772342350455,0.5214102564102564
0.11741214057489231,0.0724365004702306,0.3897435897435898
0.11022364217234788,0.08090310442129652,0.33974358974358976
0.1078274760381664,0.08372530573831849,0.4051282051282051
0.11102236421707505,0.07996237064895585,0.3351282051282051
0.11821086261961947,0.07525870178725257,0.3448717948717949
0.10942492012762073,0.0856067732829998,0.28205128205128205
0.11341853035125653,0.07714016933193389,0.391025641025641
0.10702875399343925,0.08466603951065914,0.35717948717948717
0.11501597444071084,0.0790216368766152,0.3774358974358974
0.12140575079852811,0.07149576669788994,0.33051282051282055
0.12060702875380094,0.06867356538086797,0.358974358974359
0.11261980830652936,0.08184383819363718,0.3507692307692308
0.1022364217250763,0.09407337723406571,0.3162820512820513
0.11421725239598368,0.07619943555959323,0.39487179487179486
0.11900958466434663,0.07431796801491192,0.34448717948717955
0.115814696485438,0.07808090310427454,0.368974358974359
0.10862619808289357,0.08654750705534046,0.3557692307692308
0.11980830670907379,0.06961429915320863,0.32371794871794873
0.1118210862618022,0.08278457196597783,0.34615384615384615
0.12220447284325527,0.07055503292554928,0.34615384615384615
0.11661341853016516,0.07337723424257125,0.35641025641025637
0.006389776357817269,0.9934148635917339,0.625
0.003993610223635793,0.9887111947300307,0.391025641025641
0.7068690095835354,0.35653809971710904,0.6346153846153846
0.7060702875388082,0.3574788334894497,0.6708974358974359
0.699680511180991,0.34995296331072445,0.6346153846153846
0.7044728434493539,0.35559736594476843,0.5769230769230769
0.7012779552704452,0.3518344308554058,0.6457692307692309
0.6861022364206293,0.39228598306605406,0.6001282051282052
0.674920127794449,0.37911571025328483,0.6726923076923077
0.7052715654940811,0.35465663217242777,0.6410256410256411
0.6845047923311749,0.39040451552137273,0.6030769230769232
0.670127795526086,0.3734713076192409,0.6724358974358975
0.669329073481359,0.3744120413915816,0.6614102564102564
0.6757188498391762,0.3819379115703068,0.6703846153846155
0.6876996805100836,0.3941674506107353,0.5464102564102564
0.6685303514366318,0.3715898400745596,0.6803846153846153
0.6821086261969934,0.38946378174903207,0.6148717948717948
0.6717252396155404,0.3753527751639222,0.6870512820512821
0.6669329073471775,0.36970837252987826,0.6846153846153847
0.6829073482417206,0.3885230479766914,0.655
0.6661341853024503,0.3706491063022189,0.7011538461538461
0.6741214057497219,0.3800564440256255,0.6612820512820513
0.6637380191682688,0.3659454374405156,0.6892307692307693
0.664536741212996,0.3687676387575376,0.6891025641025641
0.6629392971235416,0.36688617121285627,0.6634615384615384
0.6837060702864478,0.3913452492937134,0.6073076923076923
0.6709265175708132,0.37629350893626284,0.6737179487179487
0.6813099041522663,0.3866415804320101,0.6452564102564102
0.6805111821075391,0.38758231420435074,0.6315384615384616
0.6773162939286305,0.3838193791149881,0.6766666666666666
0.6789137380180849,0.3857008466596694,0.6525641025641027
0.6677316293919046,0.37253057384690025,0.6824358974358975
0.6765175718839034,0.38099717779796616,0.6770512820512821
0.6653354632577231,0.36782690498519693,0.6733333333333332
0.6733226837049947,0.3772342427086035,0.6853846153846153
0.6781150159733577,0.3828786453426475,0.6807692307692307
0.6869009584653564,0.395108184383076,0.5653846153846153
0.6853035143759021,0.39322671683839466,0.5892307692307691
0.6725239616602675,0.37817497648094417,0.6721794871794873
0.6797124600628119,0.38476011288732875,0.6521794871794873
0.7020766773151724,0.3508936970830651,0.5769230769230769
0.7036741214046267,0.35277516462774644,0.6794871794871795
0.7028753993598996,0.3537158984000871,0.5846153846153845
0.3338658146959523,0.7460018814661411,0.6014102564102564
0.33706070287486095,0.7497648165555038,0.6153846153846154
0.33865814696431523,0.7516462841001851,0.6008974358974359
0.3410543130984967,0.754468485417207,0.5256410256410257
0.3314696485617708,0.7431796801491192,0.5719230769230769
0.3346645367406795,0.7469426152384818,0.6143589743589744
0.332268370606498,0.7441204139214598,0.6039743589743589
0.33306709265122514,0.7450611476938005,0.6117948717948718
0.33067092651704366,0.7422389463767785,0.6217948717948718
0.33945686900904243,0.7525870178725257,0.5912820512820514
0.3378594249195881,0.7507055503278444,0.587948717948718
0.3354632587854066,0.7478833490108224,0.6617948717948718
0.33626198083013376,0.7488240827831631,0.5705128205128205
0.34025559105376957,0.7535277516448664,0.5692307692307693
0.34265175718795104,0.7563499529618883,0.5
0.6341853035133639,0.3142050799617795,0.44448717948717953
0.6357827476028183,0.3160865475064608,0.5448717948717948
0.6269968051108195,0.3508936970830651,0.5
0.6613418530340873,0.39322671683839466,0.4401282051282051
0.6373801916922726,0.3687676387575376,0.5448717948717948
0.6349840255580911,0.36406396989583434,0.4519230769230769
0.624600638976638,0.3537158984000871,0.41025641025641024
0.6605431309893601,0.3941674506107353,0.47435897435897434
0.6589456868999058,0.3885230479766914,0.5188461538461538
0.6261980830660924,0.3518344308554058,0.49538461538461537
0.6565495207657244,0.3913452492937134,0.5224358974358975
0.6309904153344553,0.36124176857881235,0.49692307692307697
0.659744408944633,0.395108184383076,0.559871794871795
0.6573482428104516,0.39040451552137273,0.5528205128205129
0.6277955271555467,0.3574788334894497,0.47371794871794876
0.6549520766762701,0.3857008466596694,0.6080769230769232
0.6285942492002738,0.35653809971710904,0.47166666666666673
0.6493610223631799,0.3772342427086035,0.4230769230769231
0.6557507987209972,0.38476011288732875,0.6538461538461539
0.6293929712450009,0.35559736594476843,0.4530769230769231
0.6477635782737257,0.37911571025328483,0.4957692307692308
0.6301916932897281,0.35465663217242777,0.4598717948717949
0.6325878594239096,0.359360301034131,0.47435897435897434
0.6317891373791824,0.3603010348064717,0.4551282051282051
0.6333865814686368,0.35841956726179036,0.4948717948717948
0.6581469648551787,0.38946378174903207,0.5426923076923077
0.6621405750788145,0.39228598306605406,0.5239743589743591
0.6541533546315429,0.3866415804320101,0.5961538461538461
0.6253993610213652,0.35277516462774644,0.44974358974358974
0.6341853035133639,0.365004703668175,0.44871794871794873
0.3194888178908634,0.7676387582299762,0.5705128205128205
0.312300319488319,0.7723424270916796,0.46153846153846156
0.32507987220395357,0.7572906867342291,0.49038461538461536
0.3242811501592264,0.7582314205065697,0.4551282051282051
0.3290734824275893,0.7638758231406136,0.38461538461538464
0.32747603833813504,0.7619943555959323,0.38884615384615384
0.2180511182105143,0.6462841015980315,0.3717948717948718
0.6533546325868157,0.362182502351153,0.7051282051282052
0.6517571884973614,0.3603010348064717,0.6282051282051282
0.6549520766762701,0.36406396989583434,0.6410256410256411
0.6589456868999058,0.3537158984000871,0.7051282051282052
0.6421725239606355,0.3490122295383838,0.5897435897435898
0.6190095846635479,0.36688617121285627,0.5461538461538461
0.6565495207657244,0.3508936970830651,0.6452564102564102
0.6613418530340873,0.35653809971710904,0.6853846153846153
0.6621405750788145,0.3574788334894497,0.6961538461538461
0.659744408944633,0.35465663217242777,0.6776923076923077
0.6461661341842713,0.33866415804263655,0.4807692307692308
0.6429712460053627,0.34995296331072445,0.5673076923076923
0.6206070287530022,0.3687676387575376,0.4935897435897436
0.6182108626188207,0.3659454374405156,0.5064102564102564
0.6581469648551787,0.35277516462774644,0.5961538461538461
0.6541533546315429,0.3631232361234937,0.6025641025641025
0.644568690094817,0.3367826904979553,0.5256410256410257
0.6453674121395442,0.3377234242702959,0.6089743589743589
0.6437699680500898,0.3358419567256146,0.5641025641025641
0.6573482428104516,0.3518344308554058,0.6064102564102564
0.6605431309893601,0.35559736594476843,0.6846153846153847
0.6557507987209972,0.365004703668175,0.5512820512820513
0.6525559105420886,0.36124176857881235,0.6282051282051282
0.3138977635777733,0.7525870178725257,0.41884615384615387
0.31709265175668194,0.7563499529618883,0.3675641025641026
0.3194888178908634,0.7290686735640093,0.5085897435897436
0.3202875399355906,0.73000940733635,0.5666666666666667
0.3226837060697721,0.7328316086533719,0.6015384615384616
0.3218849840250449,0.7318908748810312,0.5983333333333334
0.3282747603828622,0.7394167450597565,0.5762820512820513
0.3298722044723165,0.7412982126044378,0.5802564102564103
0.3162939297119548,0.7554092191895477,0.3333333333333333
0.32747603833813504,0.7384760112874159,0.6144871794871796
0.2547923322679636,0.6829727187193171,0.4974358974358974
0.3258785942486807,0.7365945437427346,0.6307692307692309
0.3290734824275893,0.7403574788320971,0.5587179487179487
0.2539936102232364,0.6820319849469765,0.33974358974358976
0.3242811501592264,0.7347130761980533,0.6538461538461539
0.32667731629340785,0.7375352775150752,0.6038461538461538
0.32108626198031776,0.7309501411086906,0.5987179487179487
0.32507987220395357,0.7356538099703939,0.6025641025641025
0.31469648562250047,0.7535277516448664,0.4423076923076923
0.32348242811449923,0.7337723424257125,0.6080769230769232
0.31549520766722766,0.754468485417207,0.42948717948717946
0.013578274760361697,0.9981185324534373,0.38461538461538464
0.312300319488319,0.6462841015980315,0.4358974358974359
0.09584664536725904,0.04045155221064826,0.34192307692307694
0.09664536741198619,0.04139228598298891,0.25
0.09984025559089482,0.03762935089362628,0.3782051282051282
0.11022364217234788,0.010348071495747228,0.5138461538461538
0.11102236421707505,0.011288805268087886,0.4470512820512821
0.10862619808289357,0.004703668861703285,0.47012820512820513
0.1078274760381664,0.007525870178725257,0.4752564102564102
0.10543130990398493,0.01599247412979117,0.49038461538461536
0.10143769968034914,0.015051740357450515,0.47987179487179493
0.1022364217250763,0.012229539040428544,0.39512820512820507
0.10383386581453062,0.017873941674472486,0.46474358974358976
0.10063897763562199,0.014111006585109857,0.46474358974358976
0.10942492012762073,0.005644402634043943,0.4401282051282051
0.10702875399343925,0.0065851364063846,0.4675641025641025
0.10463258785925778,0.01881467544681314,0.49089743589743595
0.11421725239598368,0.03010348071490103,0.34833333333333333
0.10303514376980347,0.0131702728127692,0.4206410256410257
0.11821086261961947,0.031044214487241685,0.41884615384615387
0.1118210862618022,0.008466603951065915,0.5
0.11261980830652936,0.00940733772340657,0.5219230769230768
0.11661341853016516,0.032925682031923004,0.4551282051282051
0.115814696485438,0.028222013170219714,0.3717948717948718
0.1062300319487121,0.01693320790213183,0.48717948717948717
0.30750798721995604,0.7704609595469982,0.3974358974358974
0.3067092651752289,0.7714016933193388,0.3076923076923077
0.3258785942486807,0.7789275634980641,0.5
0.3290734824275893,0.7751646284087015,0.3119230769230769
0.2507987220443278,0.6829727187193171,0.48717948717948717
0.32667731629340785,0.7779868297257234,0.5
0.3282747603828622,0.7723424270916796,0.4935897435897436
0.25159744408905493,0.6820319849469765,0.44871794871794873
0.3298722044723165,0.7742238946363609,0.44871794871794873
0.3226837060697721,0.7826904985874268,0.5128205128205128
0.9353035143755027,0.65851364063846,0.5794871794871795
0.9432907348227743,0.6641580432725039,0.40384615384615385
0.9337060702860485,0.6528692380044161,0.6196153846153846
0.9257188498387768,0.6472248353703721,0.6196153846153846
0.9392971245991385,0.6594543744108007,0.5741025641025641
0.9376996805096842,0.661335841955482,0.5647435897435897
0.9400958466438657,0.6603951081831413,0.5669230769230769
0.9384984025544114,0.6622765757278226,0.5634615384615385
0.936900958464957,0.6566321730937786,0.6232051282051282
0.9361022364202299,0.655691439321438,0.6153846153846154
0.926517571883504,0.6444026340533502,0.5448717948717948
0.3314696485617708,0.7337723424257125,0.7307692307692307
0.3530351437694041,0.7516462841001851,0.46794871794871795
0.34584664536685966,0.7469426152384818,0.6346153846153846
0.3498402555904955,0.7554092191895477,0.517051282051282
0.347444089456314,0.7450611476938005,0.6730769230769231
0.3434504792326782,0.7478833490108224,0.6221794871794872
0.3242811501592264,0.7253057384746466,0.5880769230769232
0.3506389776352226,0.7563499529618883,0.44448717948717953
0.32507987220395357,0.7262464722469874,0.6282051282051282
0.3418530351432239,0.7347130761980533,0.5512820512820513
0.33706070287486095,0.7403574788320971,0.5021794871794872
0.35543130990358557,0.7507055503278444,0.5576923076923077
0.3450479233221325,0.7460018814661411,0.5
0.3258785942486807,0.7234242709299653,0.5641025641025641
0.32667731629340785,0.724365004702306,0.5683333333333334
0.33067092651704366,0.7328316086533719,0.625
0.34904153354576833,0.7431796801491192,0.5224358974358975
0.3354632587854066,0.727187206019328,0.48717948717948717
0.3442492012774054,0.7488240827831631,0.587948717948718
0.34824281150104114,0.7422389463767785,0.4358974358974359
0.34664536741158686,0.7441204139214598,0.6684615384615384
0.3282747603828622,0.7224835371576247,0.623974358974359
0.6892971245995378,0.34713076199370246,0.6346153846153846
0.6837060702864478,0.38758231420435074,0.6253846153846154
0.6829073482417206,0.38476011288732875,0.6448717948717948
0.6845047923311749,0.3866415804320101,0.6205128205128206
0.6765175718839034,0.39228598306605406,0.6538461538461539
0.6629392971235416,0.37817497648094417,0.650128205128205
0.6717252396155404,0.3715898400745596,0.6805128205128205
0.6805111821075391,0.3913452492937134,0.6246153846153846
0.6853035143759021,0.3819379115703068,0.6778205128205129
0.6773162939286305,0.395108184383076,0.6135897435897436
0.6821086261969934,0.3857008466596694,0.6506410256410257
0.6757188498391762,0.39322671683839466,0.6365384615384616
0.6661341853024503,0.3744120413915816,0.6596153846153846
0.670127795526086,0.36970837252987826,0.6841025641025641
0.6741214057497219,0.3687676387575376,0.6923076923076923
0.664536741212996,0.3800564440256255,0.6041025641025641
0.7052715654940811,0.35841956726179036,0.6089743589743589
0.6861022364206293,0.38099717779796616,0.6585897435897436
0.6677316293919046,0.37629350893626284,0.6515384615384614
0.6733226837049947,0.3659454374405156,0.6923076923076923
0.6669329073471775,0.3734713076192409,0.6834615384615385
0.6685303514366318,0.3753527751639222,0.6712820512820513
0.6813099041522663,0.39040451552137273,0.6171794871794872
0.6725239616602675,0.36688617121285627,0.69
0.674920127794449,0.36782690498519693,0.6866666666666666
0.669329073481359,0.3706491063022189,0.6870512820512821
0.6789137380180849,0.38946378174903207,0.6285897435897436
0.6781150159733577,0.3941674506107353,0.6087179487179488
0.6709265175708132,0.37253057384690025,0.6869230769230769
0.6797124600628119,0.3885230479766914,0.637948717948718
0.6653354632577231,0.37911571025328483,0.63
0.7012779552704452,0.3631232361234937,0.6474358974358975
0.6876996805100836,0.3828786453426475,0.621025641025641
0.6637380191682688,0.3772342427086035,0.665128205128205
0.6869009584653564,0.3838193791149881,0.7008974358974359
0.7020766773151724,0.362182502351153,0.6538461538461539
0.11501597444071084,0.00940733772340657,0.3974358974358974
0.1062300319487121,0.0197554092191538,0.3974358974358974
0.10383386581453062,0.022577610536175772,0.34192307692307694
0.10303514376980347,0.023518344308516428,0.4230769230769231
0.11341853035125653,0.011288805268087886,0.42948717948717946
0.08706070287526028,0.03386641580426366,0.5961538461538461
0.0830670926516245,0.029162746942560373,0.592948717948718
0.09984025559089482,0.01881467544681314,0.44961538461538453
0.08386581469635165,0.03010348071490103,0.5256410256410257
0.08546325878580598,0.03198494825958234,0.5051282051282052
0.09824281150144051,0.01693320790213183,0.44448717948717953
0.09904153354616767,0.017873941674472486,0.5365384615384615
0.08226837060689733,0.028222013170219714,0.6067948717948718
0.08466453674107881,0.031044214487241685,0.6410256410256411
0.3130990415330462,0.661335841955482,0.4807692307692308
0.31709265175668194,0.6660395108171853,0.2564102564102564
0.11022364217234788,0.05644402634043943,0.3298717948717949
0.11102236421707505,0.05550329256809877,0.3092307692307693
0.1118210862618022,0.054562558795758116,0.32051282051282054
0.1078274760381664,0.05174035747873614,0.24358974358974358
0.12140575079852811,0.03574788334894497,0.4717948717948718
0.10702875399343925,0.0526810912510768,0.1837179487179487
0.11261980830652936,0.05362182502341746,0.3173076923076923
0.699680511180991,0.42238946378095504,0.5606410256410257
0.6813099041522663,0.43085606773202095,0.5555128205128205
0.6988817891362638,0.42521166509797703,0.5801282051282052
0.6980830670915367,0.42427093132563637,0.5502564102564103
0.6940894568679008,0.41580432737457046,0.522948717948718
0.6892971245995378,0.41392285982988913,0.5441025641025641
0.6884984025548108,0.41298212605754847,0.5426923076923077
0.6924920127784465,0.4176857949192518,0.5112820512820512
0.7004792332257181,0.4233301975532957,0.5448717948717948
0.6956869009573552,0.4214487300086144,0.5424358974358975
0.6964856230020823,0.41862652869159245,0.5182051282051282
0.6916932907337193,0.4167450611469111,0.5133333333333334
0.6908945686889922,0.4120413922852078,0.5411538461538461
0.694888178912628,0.4205079962362738,0.5256410256410257
0.6932907348231737,0.4148635936022298,0.5157692307692309
0.690095846644265,0.4111006585128672,0.5282051282051282
0.6972843450468095,0.4195672624639331,0.532051282051282
0.7052715654940811,0.40263405456180124,0.623974358974359
0.6573482428104516,0.41392285982988913,0.5384615384615384
0.6581469648551787,0.4111006585128672,0.5282051282051282
0.6589456868999058,0.4120413922852078,0.5538461538461539
0.9520766773147731,0.6566321730937786,0.5342307692307693
0.9257188498387768,0.6876763875810203,0.4166666666666667
0.9440894568675015,0.6660395108171853,0.47435897435897434
0.9512779552700459,0.6575729068661194,0.47435897435897434
0.9528753993595002,0.655691439321438,0.517051282051282
0.9608626198067718,0.6462841015980315,0.5192307692307693
0.9624600638962261,0.6444026340533502,0.483974358974359
0.9353035143755027,0.6763875823129325,0.5
0.9345047923307755,0.6773283160852731,0.44871794871794873
0.9576677316278631,0.650047036687394,0.5165384615384616
0.9337060702860485,0.6782690498576138,0.47435897435897434
0.9584664536725903,0.6491063029150534,0.47217948717948716
0.9560702875384088,0.6519285042320754,0.5023076923076923
0.956869009583136,0.6509877704597348,0.5064102564102564
0.9552715654936816,0.6528692380044161,0.47692307692307695
0.9329073482413213,0.6792097836299544,0.4675641025641025
0.9544728434489546,0.6538099717767567,0.518076923076923
0.9536741214042274,0.6547507055490974,0.5184615384615384
0.9305111821071398,0.6820319849469765,0.35384615384615375
0.9289137380176855,0.6839134524916578,0.4501282051282051
0.9297124600624126,0.6829727187193171,0.4435897435897435
0.9321086261965941,0.6801505174022952,0.41794871794871785
0.9273162939282311,0.685794920036339,0.3932051282051282
0.9281150159729583,0.6848541862639984,0.4384615384615385
0.931309904151867,0.6810912511746358,0.4667948717948717
0.9600638977620446,0.6472248353703721,0.4935897435897436
0.9744408945671335,0.6641580432725039,0.47435897435897434
0.972044728432952,0.6594543744108007,0.4230769230769231
0.7212460063886242,0.35277516462774644,0.4573076923076923
0.720447284343897,0.3537158984000871,0.3525641025641026
0.9712460063882249,0.6603951081831413,0.4256410256410257
0.9464856230016829,0.6293508936958996,0.3947435897435898
0.9456869009569557,0.6302916274682403,0.4385897435897435
0.9488817891358644,0.634054562557603,0.5384615384615384
0.7220447284333513,0.3518344308554058,0.5
0.9440894568675015,0.6321730950129216,0.44551282051282054
0.9448881789122286,0.6312323612405809,0.41628205128205126
0.9800319488802236,0.6575729068661194,0.44871794871794873
0.9752396166118606,0.6632173095001633,0.4775641025641026
0.9792332268354964,0.65851364063846,0.4
0.9760383386565878,0.6547507055490974,0.3974358974358974
0.9704472843434977,0.661335841955482,0.4423076923076923
0.9480830670911372,0.6349952963299436,0.46153846153846156
0.6733226837049947,0.3508936970830651,0.7371794871794872
0.6837060702864478,0.3424270931319992,0.6410256410256411
0.6924920127784465,0.3885230479766914,0.5726923076923077
0.699680511180991,0.3838193791149881,0.6217948717948718
0.674920127794449,0.35277516462774644,0.7717948717948718
0.694888178912628,0.3857008466596694,0.5641025641025641
0.690095846644265,0.395108184383076,0.5205128205128204
0.6765175718839034,0.34713076199370246,0.5939743589743589
0.710063897762444,0.3715898400745596,0.5128205128205128
0.6940894568679008,0.39040451552137273,0.6506410256410257
0.6741214057497219,0.3537158984000871,0.7076923076923077
0.6709265175708132,0.3574788334894497,0.6717948717948719
0.7036741214046267,0.37911571025328483,0.6025641025641025
0.669329073481359,0.35559736594476843,0.6508974358974359
0.670127795526086,0.35465663217242777,0.7025641025641025
0.6669329073471775,0.35841956726179036,0.6880769230769231
0.6685303514366318,0.3603010348064717,0.6919230769230769
0.6661341853024503,0.359360301034131,0.6798717948717948
0.6932907348231737,0.3913452492937134,0.6474358974358975
0.7092651757177169,0.37253057384690025,0.6452564102564102
0.664536741212996,0.365004703668175,0.6947435897435897
0.6884984025548108,0.39322671683839466,0.6034615384615384
0.6629392971235416,0.3631232361234937,0.6737179487179487
0.6813099041522663,0.3452492944490212,0.75
0.6916932907337193,0.38946378174903207,0.658076923076923
0.6637380191682688,0.362182502351153,0.6930769230769231
0.6653354632577231,0.36406396989583434,0.7066666666666668
0.6677316293919046,0.36124176857881235,0.6780769230769231
0.6892971245995378,0.39228598306605406,0.51
0.6717252396155404,0.35653809971710904,0.7002564102564103
0.6908945686889922,0.3941674506107353,0.5769230769230769
0.6789137380180849,0.34430856067668053,0.6987179487179487
0.6956869009573552,0.38476011288732875,0.5801282051282052
0.6757188498391762,0.3480714957660431,0.6965384615384616
0.6725239616602675,0.3518344308554058,0.7230769230769232
0.6781150159733577,0.3490122295383838,0.6602564102564102
0.6773162939286305,0.34995296331072445,0.6538461538461539
0.594249201277006,0.4976481655682076,0.5641025641025641
0.699680511180991,0.39604891815541665,0.6282051282051282
0.694888178912628,0.40169332078946063,0.5416666666666666
0.7004792332257181,0.3969896519277573,0.532051282051282
0.6964856230020823,0.3998118532447793,0.5085897435897436
0.6972843450468095,0.40075258701711997,0.6025641025641025
0.6924920127784465,0.4063969896511639,0.5420512820512821
0.7132587859413526,0.4120413922852078,0.6794871794871795
0.6908945686889922,0.4082784571958452,0.5379487179487179
0.6884984025548108,0.4092191909681859,0.5430769230769231
0.6940894568679008,0.40451552210648256,0.5160256410256411
0.6916932907337193,0.4054562558788232,0.5576923076923077
0.7012779552704452,0.42427093132563637,0.5603846153846153
0.7052715654940811,0.4214487300086144,0.5576923076923077
0.7076677316282626,0.4167450611469111,0.532051282051282
0.7020766773151724,0.42521166509797703,0.5538461538461539
0.710063897762444,0.41580432737457046,0.7371794871794872
0.7036741214046267,0.4233301975532957,0.5384615384615384
0.6956869009573552,0.40263405456180124,0.5342307692307693
0.6892971245995378,0.41015992474052654,0.5261538461538462
0.6932907348231737,0.4035747883341419,0.5342307692307693
0.690095846644265,0.40733772342350455,0.5298717948717948
0.6988817891362638,0.39887111947243864,0.5683333333333334
0.9704472843434977,0.6491063029150534,0.375
0.9712460063882249,0.650047036687394,0.3942307692307692
0.9696485622987705,0.6481655691427127,0.44871794871794873
0.972044728432952,0.6509877704597348,0.36538461538461536
0.7244408945675328,0.3367826904979553,0.48717948717948717
0.3338658146959523,0.7789275634980641,0.5
0.3202875399355906,0.78739416744913,0.483974358974359
0.332268370606498,0.7732831608640202,0.4519230769230769
0.3186900958461363,0.7892756349938114,0.46153846153846156
0.3194888178908634,0.7883349012214707,0.4775641025641026
0.3442492012774054,0.7591721542789103,0.48294871794871796
0.33306709265122514,0.7723424270916796,0.5064102564102564
0.34904153354576833,0.7610536218235916,0.5044871794871794
0.35223642172467695,0.7648165569129542,0.5338461538461539
0.3514376996799498,0.765757290685295,0.5047435897435898
0.3498402555904955,0.7676387582299762,0.4962820512820512
0.3506389776352226,0.7666980244576356,0.5121794871794872
0.3434504792326782,0.760112888051251,0.532051282051282
0.34664536741158686,0.7638758231406136,0.5032051282051282
0.34824281150104114,0.7619943555959323,0.5198717948717948
0.347444089456314,0.7629350893682729,0.5025641025641026
0.34584664536685966,0.7572906867342291,0.5544871794871795
0.3346645367406795,0.7779868297257234,0.4935897435897436
0.33626198083013376,0.7761053621810422,0.5128205128205128
0.3450479233221325,0.7582314205065697,0.5416666666666666
0.3354632587854066,0.7770460959533828,0.532051282051282
0.10702875399343925,0.023518344308516428,0.26282051282051283
0.11341853035125653,0.01599247412979117,0.45641025641025634
0.11022364217234788,0.0197554092191538,0.38782051282051283
0.11261980830652936,0.022577610536175772,0.35512820512820514
0.11102236421707505,0.020696142991494457,0.40166666666666667
0.1118210862618022,0.021636876763835116,0.3717948717948718
0.6437699680500898,0.3631232361234937,0.5512820512820513
0.6293929712450009,0.3687676387575376,0.5410256410256411
0.6277955271555467,0.36688617121285627,0.5076923076923077
0.6501597444079071,0.3405456255873179,0.5293589743589744
0.6533546325868157,0.3367826904979553,0.6067948717948718
0.6349840255580911,0.3734713076192409,0.4551282051282051
0.6541533546315429,0.3358419567256146,0.6293589743589744
0.6581469648551787,0.34995296331072445,0.6337179487179488
0.6253993610213652,0.36970837252987826,0.4935897435897436
0.6301916932897281,0.36782690498519693,0.44871794871794873
0.6621405750788145,0.3452492944490212,0.5538461538461539
0.6413738019159083,0.3508936970830651,0.48717948717948717
0.624600638976638,0.3706491063022189,0.4935897435897436
0.6613418530340873,0.34619002822136186,0.5701282051282052
0.659744408944633,0.34430856067668053,0.5944871794871796
0.6405750798711812,0.3518344308554058,0.6196153846153846
0.6589456868999058,0.3490122295383838,0.62
0.6573482428104516,0.34713076199370246,0.6144871794871796
0.6525559105420886,0.34148635935965854,0.5806410256410257
0.6557507987209972,0.3377234242702959,0.6174358974358974
0.6565495207657244,0.3480714957660431,0.611923076923077
0.6517571884973614,0.3424270931319992,0.5448717948717948
0.6373801916922726,0.35559736594476843,0.4401282051282051
0.6509584664526342,0.3396048918149772,0.5632051282051282
0.6549520766762701,0.33866415804263655,0.5930769230769232
0.6605431309893601,0.34336782690433987,0.6311538461538462
0.6285942492002738,0.3659454374405156,0.4935897435897436
0.6389776357817268,0.3574788334894497,0.4423076923076923
0.6853035143759021,0.3452492944490212,0.5384615384615384
0.7060702875388082,0.3659454374405156,0.5855128205128205
0.690095846644265,0.38476011288732875,0.5860256410256409
0.6916932907337193,0.3828786453426475,0.6496153846153846
0.6924920127784465,0.3838193791149881,0.6880769230769231
0.7020766773151724,0.37253057384690025,0.6346153846153846
0.6725239616602675,0.3603010348064717,0.6969230769230769
0.6821086261969934,0.3490122295383838,0.6794871794871795
0.674920127794449,0.359360301034131,0.6933333333333334
0.6653354632577231,0.35559736594476843,0.690128205128205
0.669329073481359,0.36406396989583434,0.7092307692307691
0.6717252396155404,0.3631232361234937,0.6825641025641025
0.6661341853024503,0.35277516462774644,0.6602564102564102
0.6741214057497219,0.35841956726179036,0.6815384615384615
0.6733226837049947,0.36124176857881235,0.6869230769230769
0.6709265175708132,0.362182502351153,0.7001282051282052
0.664536741212996,0.35465663217242777,0.6465384615384616
0.6637380191682688,0.3574788334894497,0.6923076923076923
0.6685303514366318,0.3518344308554058,0.6820512820512821
0.6629392971235416,0.35653809971710904,0.7
0.6014376996795504,0.2502351834426148,0.3717948717948718
0.6038338658137319,0.24553151458091152,0.4358974358974359
0.6884984025548108,0.3866415804320101,0.6905128205128205
0.609424920126822,0.2558795860766587,0.5128205128205128
0.670127795526086,0.365004703668175,0.7014102564102563
0.7052715654940811,0.3687676387575376,0.5897435897435898
0.7036741214046267,0.3706491063022189,0.5833333333333334
0.694888178912628,0.3941674506107353,0.5128205128205128
0.6932907348231737,0.38099717779796616,0.6666666666666666
0.6789137380180849,0.3377234242702959,0.5641025641025641
0.6892971245995378,0.38758231420435074,0.6832051282051282
0.6669329073471775,0.3537158984000871,0.6846153846153847
0.6845047923311749,0.3480714957660431,0.6474358974358975
0.6829073482417206,0.34995296331072445,0.6615384615384615
0.6972843450468095,0.39322671683839466,0.5769230769230769
0.6940894568679008,0.3819379115703068,0.6496153846153846
0.3338658146959523,0.7375352775150752,0.5807692307692307
0.3434504792326782,0.7563499529618883,0.5192307692307693
0.3314696485617708,0.7403574788320971,0.5523076923076923
0.32348242811449923,0.7196613358406028,0.517051282051282
0.3218849840250449,0.721542803385284,0.5303846153846155
0.32108626198031776,0.7224835371576247,0.6121794871794872
0.3226837060697721,0.7206020696129434,0.5791025641025641
0.332268370606498,0.7394167450597565,0.5942307692307691
0.33067092651704366,0.7412982126044378,0.629102564102564
0.33306709265122514,0.7384760112874159,0.564871794871795
0.3354632587854066,0.7356538099703939,0.620897435897436
0.3346645367406795,0.7365945437427346,0.5487179487179487
0.34904153354576833,0.7497648165555038,0.6641025641025641
0.3498402555904955,0.7488240827831631,0.5833333333333334
0.34584664536685966,0.7535277516448664,0.5455128205128205
0.3450479233221325,0.754468485417207,0.5128205128205128
0.347444089456314,0.7516462841001851,0.5
0.6908945686889922,0.3508936970830651,0.6602564102564102
0.7132587859413526,0.34713076199370246,0.5064102564102564
0.7044728434493539,0.3424270931319992,0.46794871794871795
0.6892971245995378,0.35277516462774644,0.6858974358974359
0.690095846644265,0.3518344308554058,0.6634615384615384
0.6972843450468095,0.35841956726179036,0.638076923076923
0.6741214057497219,0.39322671683839466,0.6612820512820513
0.694888178912628,0.36124176857881235,0.6585897435897436
0.6677316293919046,0.3857008466596694,0.5991025641025641
0.674920127794449,0.39228598306605406,0.6708974358974359
0.6789137380180849,0.37253057384690025,0.7116666666666668
0.6876996805100836,0.3772342427086035,0.6765384615384615
0.6733226837049947,0.3941674506107353,0.6428205128205128
0.6629392971235416,0.3838193791149881,0.5474358974358975
0.6956869009573552,0.3603010348064717,0.6297435897435898
0.6653354632577231,0.38099717779796616,0.5934615384615386
0.6725239616602675,0.395108184383076,0.6333333333333334
0.6781150159733577,0.3659454374405156,0.7101282051282052
0.6717252396155404,0.3885230479766914,0.6680769230769231
0.6988817891362638,0.36406396989583434,0.6073076923076923
0.6845047923311749,0.3734713076192409,0.7053846153846154
0.6821086261969934,0.37629350893626284,0.7134615384615385
0.6853035143759021,0.3800564440256255,0.6788461538461539
0.6773162939286305,0.36688617121285627,0.7188461538461538
0.6669329073471775,0.3866415804320101,0.5570512820512821
0.6661341853024503,0.38758231420435074,0.5830769230769232
0.6765175718839034,0.36782690498519693,0.7146153846153845
0.6757188498391762,0.3687676387575376,0.6930769230769231
0.664536741212996,0.3819379115703068,0.5953846153846154
0.6829073482417206,0.3753527751639222,0.6964102564102563
0.6861022364206293,0.37911571025328483,0.6778205128205129
0.6924920127784465,0.35653809971710904,0.6207692307692307
0.6685303514366318,0.38476011288732875,0.6007692307692307
0.6709265175708132,0.38946378174903207,0.6666666666666666
0.6637380191682688,0.3828786453426475,0.5807692307692307
0.6837060702864478,0.3744120413915816,0.7057692307692307
0.6869009584653564,0.37817497648094417,0.6744871794871795
0.6884984025548108,0.3537158984000871,0.6794871794871795
0.6813099041522663,0.36970837252987826,0.684871794871795
0.6805111821075391,0.3706491063022189,0.6855128205128205
0.7004792332257181,0.362182502351153,0.6183333333333334
0.6964856230020823,0.359360301034131,0.6652564102564102
0.6980830670915367,0.365004703668175,0.6089743589743589
0.6797124600628119,0.3715898400745596,0.7001282051282052
0.699680511180991,0.3631232361234937,0.628974358974359
0.670127795526086,0.39040451552137273,0.6762820512820513
0.7124600638966255,0.3480714957660431,0.5512820512820513
0.6940894568679008,0.35465663217242777,0.6
0.669329073481359,0.3913452492937134,0.5801282051282052
0.6916932907337193,0.3574788334894497,0.6579487179487179
0.6932907348231737,0.35559736594476843,0.6538461538461539
0.08546325878580598,0.07337723424257125,0.38461538461538464
0.09265175718835039,0.08184383819363718,0.4914102564102564
0.10463258785925778,0.09595484477874702,0.22435897435897437
0.09904153354616767,0.08936970837236242,0.30038461538461547
0.09824281150144051,0.08842897460002178,0.17307692307692307
0.09984025559089482,0.09031044214470309,0.3230769230769231
0.08067092651744302,0.06773283160852732,0.483974358974359
0.09105431309889608,0.07996237064895585,0.5897435897435898
0.006389776357817269,0.9868297271853493,0.5342307692307693
0.007188498402544427,0.98777046095769,0.4316666666666667
0.6214057507977294,0.3518344308554058,0.46794871794871795
0.6206070287530022,0.35653809971710904,0.5028205128205128
0.6517571884973614,0.3800564440256255,0.6730769230769231
0.6557507987209972,0.3753527751639222,0.5576923076923077
0.659744408944633,0.36688617121285627,0.6566666666666666
0.6589456868999058,0.3715898400745596,0.6617948717948718
0.644568690094817,0.38476011288732875,0.7243589743589743
0.6238019169319109,0.35277516462774644,0.4519230769230769
0.6613418530340873,0.3687676387575376,0.685128205128205
0.6525559105420886,0.37911571025328483,0.5726923076923077
0.6605431309893601,0.3659454374405156,0.6885897435897436
0.6533546325868157,0.3744120413915816,0.3675641025641026
0.6621405750788145,0.36782690498519693,0.7115384615384616
0.6581469648551787,0.37253057384690025,0.6593589743589744
0.6549520766762701,0.37629350893626284,0.5717948717948718
0.6573482428104516,0.36970837252987826,0.690128205128205
0.6565495207657244,0.3706491063022189,0.6923076923076923
0.6541533546315429,0.3734713076192409,0.5743589743589743
0.6230031948871837,0.3537158984000871,0.4765384615384616
0.6261980830660924,0.34995296331072445,0.4166666666666667
0.6333865814686368,0.34148635935965854,0.5512820512820513
0.6357827476028183,0.365004703668175,0.4358974358974359
0.6269968051108195,0.35277516462774644,0.5092307692307693
0.6605431309893601,0.39228598306605406,0.5153846153846154
0.6333865814686368,0.3603010348064717,0.47435897435897434
0.6621405750788145,0.3941674506107353,0.5
0.6293929712450009,0.3574788334894497,0.44871794871794873
0.659744408944633,0.39322671683839466,0.5528205128205129
0.6277955271555467,0.35559736594476843,0.46461538461538454
0.6533546325868157,0.3857008466596694,0.5897435897435898
0.6541533546315429,0.38476011288732875,0.40384615384615385
0.6485623003184527,0.3800564440256255,0.3269230769230769
0.6589456868999058,0.39040451552137273,0.5811538461538461
0.6493610223631799,0.37911571025328483,0.3525641025641026
0.6525559105420886,0.3828786453426475,0.2948717948717949
0.6557507987209972,0.3866415804320101,0.5641025641025641
0.6309904153344553,0.359360301034131,0.502948717948718
0.6285942492002738,0.35465663217242777,0.45294871794871794
0.6613418530340873,0.395108184383076,0.5726923076923077
0.6325878594239096,0.36124176857881235,0.5108974358974359
0.6261980830660924,0.3537158984000871,0.4962820512820512
0.6573482428104516,0.3885230479766914,0.5128205128205128
0.6565495207657244,0.38946378174903207,0.592948717948718
0.6317891373791824,0.35841956726179036,0.4588461538461539
0.6301916932897281,0.35653809971710904,0.4641025641025641
0.6349840255580911,0.362182502351153,0.5512820512820513
0.6253993610213652,0.3508936970830651,0.4957692307692308
0.624600638976638,0.3518344308554058,0.4384615384615385
0.9169329073467781,0.6547507055490974,0.5961538461538461
0.9297124600624126,0.6406396989639875,0.6474358974358975
0.9329073482413213,0.6594543744108007,0.4230769230769231
0.9281150159729583,0.6425211665086689,0.632948717948718
0.9432907348227743,0.6566321730937786,0.40705128205128205
0.936900958464957,0.6641580432725039,0.5502564102564103
0.9384984025544114,0.6547507055490974,0.5878205128205127
0.9337060702860485,0.6603951081831413,0.4935897435897436
0.9345047923307755,0.6650987770448447,0.5596153846153847
0.9400958466438657,0.6528692380044161,0.565128205128205
0.9361022364202299,0.6632173095001633,0.5556410256410257
0.9353035143755027,0.6660395108171853,0.5553846153846153
0.9392971245991385,0.6519285042320754,0.6225641025641026
0.9289137380176855,0.6434619002810095,0.6428205128205128
0.9376996805096842,0.6538099717767567,0.6143589743589744
0.9424920127780472,0.655691439321438,0.6644871794871795
0.9408945686885928,0.6575729068661194,0.5943589743589743
0.9305111821071398,0.6415804327363281,0.6560256410256411
0.94169329073332,0.65851364063846,0.6057692307692307
0.9321086261965941,0.6622765757278226,0.5576923076923077
0.9640575079856805,0.6632173095001633,0.34615384615384615
0.9632587859409533,0.6641580432725039,0.4551282051282051
0.9472843450464101,0.6378174976469656,0.5
0.9480830670911372,0.6368767638746249,0.5192307692307693
0.931309904151867,0.6867356538086797,0.4401282051282051
0.9289137380176855,0.6745061147682512,0.4391025641025641
0.9448881789122286,0.6406396989639875,0.5412820512820513
0.9664536741198619,0.6603951081831413,0.41128205128205125
0.9345047923307755,0.6829727187193171,0.48717948717948717
0.9680511182093162,0.6622765757278226,0.41025641025641024
0.9608626198067718,0.6519285042320754,0.46397435897435896
0.9624600638962261,0.6538099717767567,0.45371794871794874
0.9464856230016829,0.6425211665086689,0.5544871794871795
0.9440894568675015,0.6415804327363281,0.5897435897435898
0.9281150159729583,0.6754468485405918,0.4256410256410257
0.9512779552700459,0.6481655691427127,0.5211538461538462
0.9600638977620446,0.6528692380044161,0.4641025641025641
0.9576677316278631,0.655691439321438,0.46615384615384614
0.961661341851499,0.6547507055490974,0.45538461538461533
0.9504792332253187,0.6491063029150534,0.5435897435897437
0.9520766773147731,0.6509877704597348,0.5364102564102564
0.9305111821071398,0.6763875823129325,0.4499999999999999
0.9528753993595002,0.650047036687394,0.517051282051282
0.956869009583136,0.6566321730937786,0.4967948717948718
0.9552715654936816,0.6472248353703721,0.5298717948717948
0.9297124600624126,0.6773283160852731,0.5032051282051282
0.967252396164589,0.6594543744108007,0.42679487179487186
0.9592651757173175,0.6575729068661194,0.44974358974358974
0.6916932907337193,0.4120413922852078,0.5307692307692309
0.694888178912628,0.4233301975532957,0.5367948717948718
0.6884984025548108,0.41580432737457046,0.5371794871794873
0.6972843450468095,0.42427093132563637,0.5833333333333334
0.6932907348231737,0.41392285982988913,0.517948717948718
0.6980830670915367,0.4195672624639331,0.5741025641025641
0.6964856230020823,0.42521166509797703,0.6153846153846154
0.6956869009573552,0.42238946378095504,0.5811538461538461
0.6892971245995378,0.4148635936022298,0.5267948717948718
0.699680511180991,0.4214487300086144,0.5421794871794873
0.6908945686889922,0.4167450611469111,0.5246153846153846
0.690095846644265,0.4176857949192518,0.5012820512820512
0.7004792332257181,0.4205079962362738,0.5658974358974359
0.6988817891362638,0.41862652869159245,0.5608974358974359
0.6924920127784465,0.4111006585128672,0.5408974358974359
0.6940894568679008,0.41298212605754847,0.5232051282051282
0.3314696485617708,0.7648165569129542,0.3717948717948718
0.3442492012774054,0.7798682972704047,0.46576923076923077
0.3346645367406795,0.7685794920023169,0.5993589743589743
0.3434504792326782,0.7808090310427455,0.5705128205128205
0.3410543130984967,0.7610536218235916,0.6361538461538462
0.34584664536685966,0.7817497648150861,0.5192307692307693
0.33945686900904243,0.7591721542789103,0.585
0.3378594249195881,0.7572906867342291,0.5520512820512821
0.33706070287486095,0.7582314205065697,0.5661538461538461
0.33865814696431523,0.760112888051251,0.5775641025641025
0.34265175718795104,0.7629350893682729,0.5584615384615385
0.34025559105376957,0.7619943555959323,0.579871794871795
0.3418530351432239,0.7638758231406136,0.5335897435897436
0.33626198083013376,0.7704609595469982,0.5023076923076923
0.34664536741158686,0.7845719661321081,0.4358974358974359
0.3354632587854066,0.7714016933193388,0.48461538461538456
0.3506389776352226,0.7723424270916796,0.41025641025641024
0.3450479233221325,0.7826904985874268,0.5448717948717948
0.3338658146959523,0.7695202257746575,0.5032051282051282
0.332268370606498,0.7676387582299762,0.5224358974358975
0.33306709265122514,0.7666980244576356,0.5160256410256411
0.9289137380176855,0.6538099717767567,0.6282051282051282
0.9297124600624126,0.6528692380044161,0.6367948717948718
0.931309904151867,0.6509877704597348,0.6410256410256411
0.9424920127780472,0.6378174976469656,0.5541025641025641
0.9376996805096842,0.6434619002810095,0.6025641025641025
0.9432907348227743,0.6368767638746249,0.5323076923076923
0.9384984025544114,0.6425211665086689,0.5419230769230768
0.9361022364202299,0.6453433678256908,0.6162820512820512
0.94169329073332,0.6387582314193062,0.565128205128205
0.9400958466438657,0.6406396989639875,0.5297435897435897
0.9408945686885928,0.6396989651916468,0.5106410256410256
0.9392971245991385,0.6415804327363281,0.5485897435897437
0.936900958464957,0.6444026340533502,0.5961538461538461
0.12779552715634537,0.03574788334894497,0.34615384615384615
0.11022364217234788,0.0790216368766152,0.39230769230769225
0.10862619808289357,0.07337723424257125,0.33051282051282055
0.13099041533525402,0.0395108184383076,0.30128205128205127
0.10942492012762073,0.0724365004702306,0.3517948717948718
0.11341853035125653,0.08278457196597783,0.3867948717948718
0.11501597444071084,0.08090310442129652,0.41884615384615387
0.11421725239598368,0.08184383819363718,0.41025641025641024
0.1118210862618022,0.07714016933193389,0.40602564102564104
0.115814696485438,0.07996237064895585,0.3765384615384616
0.11261980830652936,0.07619943555959323,0.3932051282051282
0.1078274760381664,0.07431796801491192,0.39961538461538465
0.12859424920107254,0.034807149576604315,0.3743589743589744
0.11102236421707505,0.07808090310427454,0.382051282051282
0.1269968051116182,0.03386641580426366,0.4935897435897436
0.6461661341842713,0.3396048918149772,0.5641025641025641
0.6621405750788145,0.3508936970830651,0.6643589743589743
0.6238019169319109,0.3659454374405156,0.48615384615384616
0.6421725239606355,0.34430856067668053,0.5769230769230769
0.6222044728424565,0.36782690498519693,0.5128205128205128
0.6565495207657244,0.3574788334894497,0.6282051282051282
0.6605431309893601,0.35277516462774644,0.6469230769230768
0.6581469648551787,0.35559736594476843,0.7051282051282052
0.6501597444079071,0.365004703668175,0.5705128205128205
0.6589456868999058,0.35465663217242777,0.6410256410256411
0.6485623003184527,0.3367826904979553,0.6003846153846154
0.6206070287530022,0.36970837252987826,0.5160256410256411
0.6214057507977294,0.3687676387575376,0.5384615384615384
0.6493610223631799,0.3358419567256146,0.5952564102564103
0.6437699680500898,0.3424270931319992,0.625
0.6429712460053627,0.34336782690433987,0.6666666666666666
0.639776357826454,0.34713076199370246,0.5641025641025641
0.6230031948871837,0.36688617121285627,0.5047435897435898
0.6477635782737257,0.3377234242702959,0.5512820512820513
0.6389776357817268,0.3480714957660431,0.5
0.659744408944633,0.3537158984000871,0.6538461538461539
0.6613418530340873,0.3518344308554058,0.634102564102564
0.22523961661305872,0.6237064910618557,0.5384615384615384
0.6413738019159083,0.43085606773202095,0.5641025641025641
0.6869009584653564,0.3245531514575267,0.6217948717948718
0.11341853035125653,0.005644402634043943,0.47858974358974354
0.10303514376980347,0.021636876763835116,0.4166666666666667
0.11261980830652936,0.032925682031923004,0.33974358974358976
0.10143769968034914,0.0197554092191538,0.4935897435897436
0.10063897763562199,0.020696142991494457,0.5384615384615384
0.9297124600624126,0.6698024459065479,0.5641025641025641
0.9600638977620446,0.6603951081831413,0.4358974358974359
0.9337060702860485,0.6952022577597456,0.4423076923076923
0.9520766773147731,0.6434619002810095,0.38461538461538464
0.9273162939282311,0.6726246472235698,0.375
0.9608626198067718,0.6594543744108007,0.4230769230769231
0.9472843450464101,0.6453433678256908,0.6264102564102564
0.9456869009569557,0.6509877704597348,0.6244871794871794
0.9680511182093162,0.6547507055490974,0.4503846153846153
0.9488817891358644,0.6472248353703721,0.5683333333333334
0.9656549520751347,0.6575729068661194,0.4291025641025641
0.967252396164589,0.6519285042320754,0.3301282051282051
0.9640575079856805,0.655691439321438,0.4501282051282051
0.9305111821071398,0.6688617121342072,0.5362820512820513
0.9440894568675015,0.6491063029150534,0.5902564102564103
0.9448881789122286,0.6481655691427127,0.6121794871794872
0.9632587859409533,0.6566321730937786,0.4470512820512821
0.9664536741198619,0.6528692380044161,0.4525641025641025
0.9496805111805916,0.6462841015980315,0.5455128205128205
0.9480830670911372,0.6444026340533502,0.35038461538461535
0.9464856230016829,0.650047036687394,0.5803846153846154
0.9648562300304075,0.65851364063846,0.4374358974358975
0.9688498402540434,0.6538099717767567,0.4174358974358975
0.9624600638962261,0.661335841955482,0.3974358974358974
0.1078274760381664,0.06208842897448337,0.3375641025641025
0.10702875399343925,0.061147695202142714,0.36538461538461536
0.10862619808289357,0.06302916274682403,0.3162820512820513
0.10942492012762073,0.06396989651916468,0.38461538461538464
0.11022364217234788,0.057384760112780084,0.3391025641025641
0.1118210862618022,0.0592662276574614,0.36538461538461536
0.11102236421707505,0.05832549388512075,0.3098717948717949
0.6988817891362638,0.397930385700098,0.6025641025641025
0.6972843450468095,0.3998118532447793,0.6025641025641025
0.6940894568679008,0.4035747883341419,0.5705128205128205
0.6884984025548108,0.41015992474052654,0.5196153846153846
0.6956869009573552,0.40169332078946063,0.5214102564102564
0.6932907348231737,0.40451552210648256,0.5455128205128205
0.690095846644265,0.4082784571958452,0.5403846153846155
0.694888178912628,0.40263405456180124,0.5224358974358975
0.6892971245995378,0.4092191909681859,0.5192307692307693
0.7020766773151724,0.42427093132563637,0.5811538461538461
0.6908945686889922,0.40733772342350455,0.5521794871794871
0.6924920127784465,0.4054562558788232,0.5552564102564103
0.6980830670915367,0.39887111947243864,0.5619230769230769
0.7012779552704452,0.42521166509797703,0.5769230769230769
0.7028753993598996,0.4233301975532957,0.5564102564102564
0.6916932907337193,0.4063969896511639,0.5532051282051282
0.7036741214046267,0.42238946378095504,0.5298717948717948
0.008785942491998745,0.9887111947300307,0.5298717948717948
0.0047923322683629515,0.9858889934130087,0.40064102564102566
0.007987220447271586,0.9896519285023713,0.5692307692307693
0.09424920127780471,0.07808090310427454,0.5
0.10063897763562199,0.08278457196597783,0.3717948717948718
0.12140575079852811,0.07337723424257125,0.35038461538461535
0.10942492012762073,0.08748824082768111,0.38461538461538464
0.10463258785925778,0.0856067732829998,0.3632051282051282
0.10702875399343925,0.09031044214470309,0.3333333333333333
0.10543130990398493,0.08466603951065914,0.27564102564102566
0.11341853035125653,0.06773283160852732,0.3291025641025641
0.10383386581453062,0.08654750705534046,0.38461538461538464
0.115814696485438,0.06491063029150534,0.3291025641025641
0.11900958466434663,0.06867356538086797,0.391025641025641
0.11421725239598368,0.06679209783618666,0.35384615384615375
0.11661341853016516,0.07149576669788994,0.3717948717948718
0.12060702875380094,0.07431796801491192,0.3932051282051282
0.1062300319487121,0.08372530573831849,0.41025641025641024
0.11741214057489231,0.07055503292554928,0.35474358974358977
0.11501597444071084,0.06585136406384601,0.3162820512820513
0.11980830670907379,0.07525870178725257,0.34615384615384615
0.9384984025544114,0.6406396989639875,0.4815384615384616
0.936900958464957,0.6462841015980315,0.6067948717948718
0.9408945686885928,0.6378174976469656,0.5256410256410257
0.9424920127780472,0.6396989651916468,0.5641025641025641
0.9432907348227743,0.6387582314193062,0.5453846153846155
0.9400958466438657,0.6425211665086689,0.5471794871794873
0.9337060702860485,0.650047036687394,0.6089743589743589
0.9392971245991385,0.6434619002810095,0.5662820512820513
0.9353035143755027,0.6444026340533502,0.6730769230769231
0.94169329073332,0.6368767638746249,0.517051282051282
0.9361022364202299,0.6472248353703721,0.6282051282051282
0.9297124600624126,0.6547507055490974,0.6752564102564103
0.9345047923307755,0.6453433678256908,0.6666666666666666
0.9376996805096842,0.6415804327363281,0.5165384615384616
0.31789137380140914,0.7808090310427455,0.41025641025641024
0.32348242811449923,0.7855126999044487,0.5096153846153846
0.3226837060697721,0.7864534336767893,0.4307692307692307
0.3290734824275893,0.7789275634980641,0.3717948717948718
0.32667731629340785,0.7742238946363609,0.44871794871794873
0.32747603833813504,0.7770460959533828,0.5705128205128205
0.33865814696431523,0.754468485417207,0.6167948717948718
0.33706070287486095,0.7563499529618883,0.5726923076923077
0.33945686900904243,0.7535277516448664,0.5806410256410257
0.3418530351432239,0.7507055503278444,0.48538461538461536
0.34265175718795104,0.7497648165555038,0.4944871794871794
0.33306709265122514,0.7460018814661411,0.5939743589743589
0.3354632587854066,0.7431796801491192,0.5544871794871795
0.332268370606498,0.7469426152384818,0.6143589743589744
0.3314696485617708,0.7478833490108224,0.626923076923077
0.33067092651704366,0.7488240827831631,0.685128205128205
0.3378594249195881,0.7554092191895477,0.5778205128205127
0.3346645367406795,0.7441204139214598,0.623974358974359
0.3410543130984967,0.7516462841001851,0.6185897435897436
0.3338658146959523,0.7450611476938005,0.6191025641025641
0.34025559105376957,0.7525870178725257,0.5461538461538461
0.9376996805096842,0.6472248353703721,0.5923076923076923
0.9424920127780472,0.6491063029150534,0.6174358974358974
0.9297124600624126,0.6641580432725039,0.5256410256410257
0.9392971245991385,0.6453433678256908,0.6162820512820512
0.9408945686885928,0.6509877704597348,0.6116666666666666
0.9185303514362324,0.6547507055490974,0.6602564102564102
0.9400958466438657,0.6444026340533502,0.6012820512820514
0.9432907348227743,0.6481655691427127,0.5760256410256411
0.9353035143755027,0.6425211665086689,0.4957692307692308
0.9345047923307755,0.6434619002810095,0.599871794871795
0.94169329073332,0.650047036687394,0.6258974358974358
0.9361022364202299,0.6415804327363281,0.4307692307692307
0.9384984025544114,0.6462841015980315,0.6089743589743589
0.936900958464957,0.6406396989639875,0.4542307692307693
0.6956869009573552,0.3998118532447793,0.6346153846153846
0.694888178912628,0.40075258701711997,0.5717948717948718
0.6916932907337193,0.40451552210648256,0.5224358974358975
0.6924920127784465,0.4035747883341419,0.5356410256410257
0.6908945686889922,0.4092191909681859,0.5173076923076922
0.6988817891362638,0.39604891815541665,0.5256410256410257
0.7012779552704452,0.4233301975532957,0.5782051282051281
0.6932907348231737,0.4063969896511639,0.5448717948717948
0.6892971245995378,0.40733772342350455,0.5115384615384616
0.7052715654940811,0.41862652869159245,0.44871794871794873
0.7044728434493539,0.4195672624639331,0.5384615384615384
0.7020766773151724,0.42238946378095504,0.5801282051282052
0.690095846644265,0.41015992474052654,0.5384615384615384
0.6884984025548108,0.4082784571958452,0.5502564102564103
0.6940894568679008,0.4054562558788232,0.5015384615384616
0.6964856230020823,0.40263405456180124,0.5367948717948718
0.08546325878580598,0.06396989651916468,0.5448717948717948
0.09105431309889608,0.04045155221064826,0.5512820512820513
0.09584664536725904,0.04233301975532957,0.358974358974359
0.08785942491998745,0.03668861712128563,0.5
0.09904153354616767,0.0460959548446922,0.35474358974358977
0.08945686900944176,0.034807149576604315,0.2948717948717949
0.09664536741198619,0.04327375352767023,0.36115384615384616
0.08466453674107881,0.06302916274682403,0.4923076923076924
0.31709265175668194,0.6641580432725039,0.532051282051282
0.31469648562250047,0.6650987770448447,0.3932051282051282
0.31549520766722766,0.6660395108171853,0.5448717948717948
0.699680511180991,0.3772342427086035,0.6410256410256411
0.6924920127784465,0.37253057384690025,0.6467948717948718
0.7028753993598996,0.38099717779796616,0.5192307692307693
0.7012779552704452,0.3828786453426475,0.5426923076923077
0.6964856230020823,0.3734713076192409,0.6923076923076923
0.6733226837049947,0.34995296331072445,0.7371794871794872
0.6773162939286305,0.3508936970830651,0.6324358974358975
0.6725239616602675,0.3490122295383838,0.7884615384615384
0.6956869009573552,0.37629350893626284,0.6410256410256411
0.694888178912628,0.3753527751639222,0.5705128205128205
0.6837060702864478,0.35841956726179036,0.6606410256410257
0.6940894568679008,0.3706491063022189,0.591923076923077
0.6781150159733577,0.3518344308554058,0.6575641025641027
0.6789137380180849,0.35653809971710904,0.637051282051282
0.6805111821075391,0.35465663217242777,0.6435897435897436
0.7060702875388082,0.38476011288732875,0.5658974358974359
0.6821086261969934,0.3603010348064717,0.6891025641025641
0.670127795526086,0.34619002822136186,0.6538461538461539
0.6869009584653564,0.362182502351153,0.6807692307692307
0.6669329073471775,0.3424270931319992,0.5769230769230769
0.6876996805100836,0.3631232361234937,0.7070512820512821
0.6853035143759021,0.36406396989583434,0.6752564102564103
0.690095846644265,0.3659454374405156,0.6560256410256411
0.6884984025548108,0.36782690498519693,0.6348717948717948
0.6845047923311749,0.359360301034131,0.6511538461538462
0.6829073482417206,0.36124176857881235,0.635
0.6653354632577231,0.3367826904979553,0.5512820512820513
0.6908945686889922,0.36688617121285627,0.6438461538461538
0.6637380191682688,0.33866415804263655,0.5298717948717948
0.6892971245995378,0.3687676387575376,0.6521794871794873
0.6797124600628119,0.3574788334894497,0.6482051282051282
0.6629392971235416,0.3377234242702959,0.61
0.664536741212996,0.3358419567256146,0.5961538461538461
0.6916932907337193,0.3715898400745596,0.6294871794871794
0.6717252396155404,0.34430856067668053,0.6282051282051282
0.6741214057497219,0.34713076199370246,0.7025641025641025
0.6932907348231737,0.36970837252987826,0.6073076923076923
0.6765175718839034,0.3537158984000871,0.6794871794871795
0.6757188498391762,0.35277516462774644,0.6987179487179487
0.6813099041522663,0.35559736594476843,0.6653846153846155
0.6861022364206293,0.365004703668175,0.6869230769230769
0.6685303514366318,0.3405456255873179,0.5641025641025641
0.6972843450468095,0.3744120413915816,0.5961538461538461
0.7028753993598996,0.4063969896511639,0.5512820512820513
0.6964856230020823,0.41392285982988913,0.5265384615384614
0.694888178912628,0.4120413922852078,0.5537179487179487
0.6932907348231737,0.42521166509797703,0.5769230769230769
0.690095846644265,0.4214487300086144,0.5184615384615384
0.6956869009573552,0.4111006585128672,0.5184615384615384
0.6892971245995378,0.41862652869159245,0.5384615384615384
0.6988817891362638,0.4148635936022298,0.5224358974358975
0.699680511180991,0.4176857949192518,0.532051282051282
0.6924920127784465,0.42238946378095504,0.512051282051282
0.6916932907337193,0.4233301975532957,0.5239743589743591
0.7068690095835354,0.4092191909681859,0.5
0.6980830670915367,0.41580432737457046,0.5398717948717948
0.6908945686889922,0.4205079962362738,0.5128205128205128
0.6821086261969934,0.42709313264265836,0.46794871794871795
0.6940894568679008,0.42427093132563637,0.5326923076923077
0.6972843450468095,0.41298212605754847,0.5085897435897436
0.6829073482417206,0.4261523988703177,0.5726923076923077
0.6884984025548108,0.4195672624639331,0.532051282051282
0.7036741214046267,0.4054562558788232,0.5512820512820513
0.7004792332257181,0.4167450611469111,0.5064102564102564
0.6845047923311749,0.428033866414999,0.5128205128205128
0.31469648562250047,0.6829727187193171,0.4273076923076923
0.3202875399355906,0.6801505174022952,0.5128205128205128
0.31789137380140914,0.6792097836299544,0.44871794871794873
0.3186900958461363,0.6782690498576138,0.4166666666666667
0.3194888178908634,0.6810912511746358,0.5384615384615384
0.7012779552704452,0.35277516462774644,0.5064102564102564
0.8945686900944176,0.5766698024448228,0.4807692307692308
0.7044728434493539,0.35653809971710904,0.6057692307692307
0.7036741214046267,0.3518344308554058,0.5256410256410257
0.7052715654940811,0.3574788334894497,0.6452564102564102
0.6821086261969934,0.39040451552137273,0.6256410256410256
0.6837060702864478,0.3885230479766914,0.6333333333333334
0.670127795526086,0.37629350893626284,0.6705128205128205
0.6685303514366318,0.3706491063022189,0.6919230769230769
0.6717252396155404,0.3744120413915816,0.6764102564102564
0.7004792332257181,0.3480714957660431,0.5833333333333334
0.6773162939286305,0.38099717779796616,0.6793589743589743
0.6637380191682688,0.3687676387575376,0.704871794871795
0.6805111821075391,0.38476011288732875,0.6435897435897436
0.6853035143759021,0.3941674506107353,0.5934615384615386
0.674920127794449,0.37817497648094417,0.6694871794871795
0.6629392971235416,0.36782690498519693,0.727051282051282
0.669329073481359,0.3753527751639222,0.6635897435897437
0.6709265175708132,0.3734713076192409,0.6816666666666666
0.6829073482417206,0.3913452492937134,0.601923076923077
0.6876996805100836,0.39322671683839466,0.616025641025641
0.6733226837049947,0.3800564440256255,0.6608974358974359
0.6741214057497219,0.3772342427086035,0.6708974358974359
0.6661341853024503,0.3715898400745596,0.6876923076923077
0.6797124600628119,0.38758231420435074,0.6241025641025642
0.664536741212996,0.3659454374405156,0.6815384615384615
0.6653354632577231,0.36688617121285627,0.6770512820512821
0.6845047923311749,0.38946378174903207,0.6188461538461538
0.6789137380180849,0.3866415804320101,0.6507692307692309
0.6781150159733577,0.3819379115703068,0.6879487179487179
0.6757188498391762,0.3828786453426475,0.6766666666666666
0.6669329073471775,0.37253057384690025,0.694871794871795
0.6677316293919046,0.36970837252987826,0.6784615384615384
0.6813099041522663,0.3857008466596694,0.6523076923076923
0.6725239616602675,0.37911571025328483,0.6605128205128205
0.6861022364206293,0.395108184383076,0.5755128205128205
0.6869009584653564,0.39228598306605406,0.6015384615384616
0.6765175718839034,0.3838193791149881,0.6734615384615384
0.7020766773151724,0.3537158984000871,0.6282051282051282
0.7060702875388082,0.35465663217242777,0.6314102564102564
0.6972843450468095,0.34430856067668053,0.6730769230769231
0.7028753993598996,0.3508936970830651,0.5673076923076923
0.6557507987209972,0.3226716839128454,0.44871794871794873
0.6525559105420886,0.32643461900220805,0.6025641025641025
0.6501597444079071,0.3254938852298674,0.6042307692307691
0.6565495207657244,0.33301975540859263,0.636923076923077
0.6573482428104516,0.33207902163625197,0.6346153846153846
0.6517571884973614,0.3273753527745487,0.6032051282051282
0.659744408944633,0.32925682031923,0.5256410256410257
0.6453674121395442,0.3198494825958234,0.5406410256410257
0.6437699680500898,0.31796801505114214,0.5816666666666668
0.6381789137369998,0.30950141110007623,0.5256410256410257
0.6589456868999058,0.3339604891809333,0.6167948717948718
0.6581469648551787,0.33490122295327396,0.6148717948717948
0.6621405750788145,0.33019755409157064,0.5416666666666666
0.6613418530340873,0.3311382878639113,0.5851282051282052
0.6214057507977294,0.28410159924687844,0.4807692307692308
0.6373801916922726,0.31044214487241684,0.4358974358974359
0.6389776357817268,0.31232361241709816,0.4967948717948718
0.644568690094817,0.3170272812788015,0.5538461538461539
0.6605431309893601,0.3283160865468893,0.6314102564102564
0.6238019169319109,0.2850423330192191,0.41538461538461546
0.6541533546315429,0.32079021636816407,0.6506410256410257
0.6461661341842713,0.3189087488234828,0.6185897435897436
0.6509584664526342,0.3245531514575267,0.5608974358974359
0.6549520766762701,0.32361241768518606,0.5192307692307693
0.639776357826454,0.3113828786447575,0.5384615384615384
0.07268370607017144,0.005644402634043943,0.21794871794871795
0.33865814696431523,0.7450611476938005,0.6666666666666666
0.33945686900904243,0.7441204139214598,0.5384615384615384
0.3314696485617708,0.7497648165555038,0.6196153846153846
0.3194888178908634,0.7074317968001742,0.5833333333333334
0.34265175718795104,0.7478833490108224,0.5207692307692309
0.3346645367406795,0.7535277516448664,0.5983333333333334
0.3338658146959523,0.754468485417207,0.6387179487179486
0.3354632587854066,0.7563499529618883,0.5821794871794871
0.3226837060697721,0.7111947318895369,0.6602564102564102
0.33626198083013376,0.7554092191895477,0.5914102564102564
0.33706070287486095,0.7431796801491192,0.5641025641025641
0.3378594249195881,0.7422389463767785,0.5064102564102564
0.33067092651704366,0.7507055503278444,0.6432051282051282
0.33306709265122514,0.7516462841001851,0.569871794871795
0.3418530351432239,0.7488240827831631,0.5434615384615384
0.3218849840250449,0.7083725305725148,0.6730769230769231
0.332268370606498,0.7525870178725257,0.6410256410256411
0.3410543130984967,0.7460018814661411,0.46794871794871795
0.34025559105376957,0.7469426152384818,0.532051282051282
0.7012779552704452,0.37911571025328483,0.5298717948717948
0.7020766773151724,0.3800564440256255,0.532051282051282
0.6940894568679008,0.38946378174903207,0.48717948717948717
0.7060702875388082,0.3734713076192409,0.6025641025641025
0.6741214057497219,0.3508936970830651,0.7243589743589743
0.6916932907337193,0.39040451552137273,0.5641025641025641
0.6765175718839034,0.34995296331072445,0.6832051282051282
0.690095846644265,0.39228598306605406,0.5897435897435898
0.6685303514366318,0.359360301034131,0.6739743589743589
0.6781150159733577,0.3480714957660431,0.6538461538461539
0.6717252396155404,0.35559736594476843,0.6807692307692307
0.6653354632577231,0.3631232361234937,0.6587179487179486
0.6677316293919046,0.35841956726179036,0.6417948717948718
0.669329073481359,0.35653809971710904,0.6435897435897436
0.7132587859413526,0.36688617121285627,0.4358974358974359
0.664536741212996,0.362182502351153,0.6730769230769231
0.6884984025548108,0.3941674506107353,0.5961538461538461
0.670127795526086,0.3574788334894497,0.6707692307692307
0.6637380191682688,0.365004703668175,0.6647435897435897
0.6733226837049947,0.3537158984000871,0.6175641025641025
0.6892971245995378,0.395108184383076,0.6314102564102564
0.6661341853024503,0.3603010348064717,0.6893589743589743
0.6629392971235416,0.36406396989583434,0.6915384615384615
0.6821086261969934,0.34148635935965854,0.6025641025641025
0.6789137380180849,0.3452492944490212,0.5769230769230769
0.6669329073471775,0.36124176857881235,0.6765384615384615
0.6757188498391762,0.3490122295383838,0.7393589743589744
0.6924920127784465,0.3913452492937134,0.6538461538461539
0.674920127794449,0.3518344308554058,0.7282051282051282
0.6980830670915367,0.3828786453426475,0.7115384615384616
0.6725239616602675,0.35277516462774644,0.6624358974358975
0.6908945686889922,0.39322671683839466,0.6923076923076923
0.6972843450468095,0.3857008466596694,0.6153846153846154
0.891373801915509,0.5766698024448228,0.46153846153846156
0.6709265175708132,0.35465663217242777,0.6538461538461539
0.6285942492002738,0.36782690498519693,0.5128205128205128
0.6509584664526342,0.34148635935965854,0.5846153846153845
0.6621405750788145,0.34336782690433987,0.597948717948718
0.6581469648551787,0.3480714957660431,0.6162820512820512
0.6517571884973614,0.3405456255873179,0.591923076923077
0.6501597444079071,0.3424270931319992,0.4967948717948718
0.6525559105420886,0.3396048918149772,0.5685897435897436
0.6253993610213652,0.3715898400745596,0.5448717948717948
0.6565495207657244,0.34995296331072445,0.5794871794871795
0.6605431309893601,0.3452492944490212,0.5964102564102564
0.6613418530340873,0.34430856067668053,0.6003846153846154
0.6557507987209972,0.3358419567256146,0.6166666666666666
0.6589456868999058,0.34713076199370246,0.5996153846153846
0.659744408944633,0.34619002822136186,0.6101282051282052
0.6373801916922726,0.3574788334894497,0.6538461538461539
0.6541533546315429,0.3377234242702959,0.5783333333333334
0.6533546325868157,0.33866415804263655,0.5678205128205129
0.6573482428104516,0.3490122295383838,0.6083333333333334
0.6293929712450009,0.36688617121285627,0.4942307692307692
0.6549520766762701,0.3367826904979553,0.6116666666666666
0.6261980830660924,0.3706491063022189,0.44871794871794873
0.6429712460053627,0.3508936970830651,0.5705128205128205
0.6301916932897281,0.3659454374405156,0.47820512820512817
0.6453674121395442,0.33019755409157064,0.6057692307692307
0.6373801916922726,0.32079021636816407,0.5641025641025641
0.6437699680500898,0.3283160865468893,0.5307692307692309
0.644568690094817,0.32925682031923,0.6602564102564102
0.6381789137369998,0.32173095014050473,0.5406410256410257
0.6429712460053627,0.3273753527745487,0.5085897435897436
0.6461661341842713,0.3311382878639113,0.47435897435897434
0.639776357826454,0.32361241768518606,0.5576923076923077
0.6421725239606355,0.32643461900220805,0.4333333333333333
0.6413738019159083,0.3254938852298674,0.4935897435897436
0.6389776357817268,0.3226716839128454,0.5457692307692307
0.6477635782737257,0.33301975540859263,0.6858974358974359
0.6493610223631799,0.33490122295327396,0.5993589743589743
0.6485623003184527,0.3339604891809333,0.5897435897435898
0.6405750798711812,0.3245531514575267,0.5329487179487179
0.6581469648551787,0.41392285982988913,0.5192307692307693
0.6573482428104516,0.4111006585128672,0.5470512820512821
0.6589456868999058,0.41298212605754847,0.5769230769230769
0.6565495207657244,0.4120413922852078,0.5064102564102564
0.6940894568679008,0.3772342427086035,0.5897435897435898
0.6924920127784465,0.37911571025328483,0.6538461538461539
0.6988817891362638,0.3715898400745596,0.6474358974358975
0.690095846644265,0.3744120413915816,0.6388461538461538
0.6637380191682688,0.3452492944490212,0.6080769230769232
0.664536741212996,0.34430856067668053,0.5673076923076923
0.6956869009573552,0.36782690498519693,0.6191025641025641
0.6797124600628119,0.36406396989583434,0.7066666666666668
0.6805111821075391,0.3631232361234937,0.6965384615384616
0.6773162939286305,0.359360301034131,0.645128205128205
0.7076677316282626,0.3838193791149881,0.5192307692307693
0.6677316293919046,0.3480714957660431,0.6666666666666666
0.6685303514366318,0.34713076199370246,0.6346153846153846
0.6765175718839034,0.3603010348064717,0.6774358974358975
0.6853035143759021,0.3574788334894497,0.6656410256410257
0.6861022364206293,0.35653809971710904,0.6474358974358975
0.6789137380180849,0.365004703668175,0.6992307692307693
0.7092651757177169,0.3819379115703068,0.5214102564102564
0.6757188498391762,0.36124176857881235,0.7060256410256409
0.6964856230020823,0.36688617121285627,0.6153846153846154
0.6908945686889922,0.3734713076192409,0.6096153846153846
0.6813099041522663,0.362182502351153,0.6458974358974359
0.710063897762444,0.38099717779796616,0.5576923076923077
0.6653354632577231,0.34336782690433987,0.5641025641025641
0.6629392971235416,0.34619002822136186,0.5285897435897436
0.6916932907337193,0.3800564440256255,0.6461538461538462
0.6781150159733577,0.35841956726179036,0.6780769230769231
0.7084664536729897,0.3828786453426475,0.6025641025641025
0.6892971245995378,0.3753527751639222,0.6538461538461539
0.6837060702864478,0.3518344308554058,0.6233333333333334
0.6876996805100836,0.35465663217242777,0.6205128205128206
0.6884984025548108,0.37629350893626284,0.6674358974358975
0.6972843450468095,0.3659454374405156,0.6439743589743591
0.6829073482417206,0.35277516462774644,0.6556410256410257
0.694888178912628,0.3687676387575376,0.6448717948717948
0.6869009584653564,0.35559736594476843,0.6602564102564102
0.6661341853024503,0.34995296331072445,0.6282051282051282
0.6821086261969934,0.3537158984000871,0.6652564102564102
0.7036741214046267,0.3885230479766914,0.6666666666666666
0.6980830670915367,0.37253057384690025,0.5461538461538461
0.7004792332257181,0.36970837252987826,0.584871794871795
0.6669329073471775,0.3490122295383838,0.5855128205128205
0.6932907348231737,0.37817497648094417,0.6794871794871795
0.03993610223635793,0.023518344308516428,0.25
0.09824281150144051,0.0921919096893844,0.24358974358974358
0.09744408945671335,0.09125117591704375,0.3333333333333333
0.08146964856217018,0.0724365004702306,0.27564102564102566
0.03913738019163077,0.022577610536175772,0.05128205128205128
0.09824281150144051,0.0395108184383076,0.40384615384615385
0.09984025559089482,0.04139228598298891,0.3632051282051282
0.09584664536725904,0.03668861712128563,0.34358974358974353
0.09504792332253187,0.03574788334894497,0.3525641025641026
0.09664536741198619,0.03762935089362628,0.10897435897435898
0.09744408945671335,0.038570084665966946,0.48717948717948717
0.09904153354616767,0.04045155221064826,0.34128205128205136
0.659744408944633,0.4120413922852078,0.5352564102564102
0.08785942491998745,0.022577610536175772,0.5219230769230768
0.09504792332253187,0.029162746942560373,0.25
0.09105431309889608,0.0263405456255384,0.5419230769230768
0.09345047923307756,0.023518344308516428,0.5357692307692309
0.08865814696471461,0.021636876763835116,0.559871794871795
0.09265175718835039,0.024459078080857087,0.5576923076923077
0.09185303514362324,0.025399811853197743,0.532051282051282
0.08945686900944176,0.020696142991494457,0.5342307692307693
0.09664536741198619,0.027281279397879058,0.38461538461538464
0.09025559105416892,0.0197554092191538,0.46794871794871795
0.347444089456314,0.7431796801491192,0.7307692307692307
0.33945686900904243,0.7412982126044378,0.6025641025641025
0.33706070287486095,0.7384760112874159,0.5214102564102564
0.3530351437694041,0.7497648165555038,0.5256410256410257
0.3218849840250449,0.7130761994342181,0.5939743589743589
0.35223642172467695,0.7563499529618883,0.3974358974358974
0.3442492012774054,0.7469426152384818,0.625
0.3258785942486807,0.7253057384746466,0.6071794871794872
0.32507987220395357,0.724365004702306,0.5961538461538461
0.32667731629340785,0.7262464722469874,0.5692307692307693
0.3242811501592264,0.7234242709299653,0.555128205128205
0.3434504792326782,0.7460018814661411,0.6666666666666666
0.34824281150104114,0.7441204139214598,0.6410256410256411
0.3202875399355906,0.718720602068262,0.5641025641025641
0.3450479233221325,0.7478833490108224,0.6282051282051282
0.34584664536685966,0.7488240827831631,0.623974358974359
0.3514376996799498,0.7554092191895477,0.46153846153846156
0.34904153354576833,0.7450611476938005,0.532051282051282
0.33067092651704366,0.7309501411086906,0.6923076923076923
0.6589456868999058,0.4111006585128672,0.5356410256410257
0.6493610223631799,0.3998118532447793,0.4551282051282051
0.6581469648551787,0.4120413922852078,0.5374358974358975
0.6573482428104516,0.41298212605754847,0.5282051282051282
0.015175718849816014,0.996237064908756,0.4358974358974359
0.01118210862618022,0.9934148635917339,0.5183333333333334
0.659744408944633,0.37253057384690025,0.6392307692307693
0.6293929712450009,0.3480714957660431,0.5128205128205128
0.6277955271555467,0.34995296331072445,0.49038461538461536
0.6493610223631799,0.38476011288732875,0.34615384615384615
0.6525559105420886,0.3734713076192409,0.47435897435897434
0.6613418530340873,0.3706491063022189,0.647948717948718
0.6565495207657244,0.3687676387575376,0.6846153846153847
0.6589456868999058,0.3659454374405156,0.623974358974359
0.6581469648551787,0.36688617121285627,0.6496153846153846
0.6174121405740935,0.362182502351153,0.4358974358974359
0.6549520766762701,0.37817497648094417,0.5897435897435898
0.6461661341842713,0.38099717779796616,0.6025641025641025
0.6501597444079071,0.37629350893626284,0.40064102564102566
0.6214057507977294,0.3574788334894497,0.48192307692307695
0.6222044728424565,0.35653809971710904,0.47692307692307695
0.6230031948871837,0.35559736594476843,0.49192307692307696
0.6238019169319109,0.35465663217242777,0.5024358974358974
0.6517571884973614,0.3744120413915816,0.5160256410256411
0.6621405750788145,0.36970837252987826,0.6752564102564103
0.6573482428104516,0.36782690498519693,0.5961538461538461
0.6605431309893601,0.3715898400745596,0.6738461538461539
0.6557507987209972,0.3772342427086035,0.6111538461538462
0.6285942492002738,0.3490122295383838,0.5096153846153846
0.6533546325868157,0.3800564440256255,0.358974358974359
0.3338658146959523,0.7648165569129542,0.5256410256410257
0.3354632587854066,0.7666980244576356,0.5307692307692309
0.3378594249195881,0.7619943555959323,0.6132051282051282
0.332268370606498,0.7704609595469982,0.5426923076923077
0.3418530351432239,0.7591721542789103,0.5384615384615384
0.34265175718795104,0.760112888051251,0.4935897435897436
0.33865814696431523,0.7629350893682729,0.5993589743589743
0.33945686900904243,0.7638758231406136,0.5897435897435898
0.34025559105376957,0.7572906867342291,0.6301282051282052
0.34824281150104114,0.7817497648150861,0.42948717948717946
0.33706070287486095,0.7610536218235916,0.5939743589743589
0.3346645367406795,0.765757290685295,0.48435897435897435
0.33626198083013376,0.7676387582299762,0.517051282051282
0.34664536741158686,0.7798682972704047,0.47897435897435897
0.33067092651704366,0.7685794920023169,0.5256410256410257
0.347444089456314,0.7808090310427455,0.44871794871794873
0.33306709265122514,0.7714016933193388,0.4780769230769232
0.3410543130984967,0.7582314205065697,0.6057692307692307
0.6621405750788145,0.39322671683839466,0.3932051282051282
0.6269968051108195,0.3518344308554058,0.4987179487179488
0.6341853035133639,0.36406396989583434,0.38461538461538464
0.6493610223631799,0.37817497648094417,0.4923076923076924
0.6549520766762701,0.38476011288732875,0.5256410256410257
0.6613418530340873,0.39228598306605406,0.4807692307692308
0.6581469648551787,0.3885230479766914,0.5512820512820513
0.6333865814686368,0.359360301034131,0.47820512820512817
0.6317891373791824,0.36124176857881235,0.4983333333333334
0.6573482428104516,0.3913452492937134,0.4765384615384616
0.6485623003184527,0.3772342427086035,0.6858974358974359
0.659744408944633,0.3941674506107353,0.5480769230769231
0.6605431309893601,0.395108184383076,0.44448717948717953
0.6285942492002738,0.3574788334894497,0.44871794871794873
0.6557507987209972,0.3857008466596694,0.5153846153846154
0.6301916932897281,0.35559736594476843,0.46461538461538454
0.6501597444079071,0.3828786453426475,0.5192307692307693
0.6277955271555467,0.35653809971710904,0.45717948717948714
0.6589456868999058,0.38946378174903207,0.5225641025641027
0.6309904153344553,0.3603010348064717,0.47769230769230775
0.6477635782737257,0.3800564440256255,0.517051282051282
0.6293929712450009,0.35465663217242777,0.4925641025641026
0.6565495207657244,0.39040451552137273,0.5028205128205128
0.6325878594239096,0.35841956726179036,0.503974358974359
0.6253993610213652,0.3537158984000871,0.517948717948718
0.6533546325868157,0.3866415804320101,0.5
0.624600638976638,0.35277516462774644,0.391025641025641
0.6261980830660924,0.3508936970830651,0.46153846153846156
0.6349840255580911,0.365004703668175,0.44871794871794873
0.7028753993598996,0.3753527751639222,0.5833333333333334
0.6988817891362638,0.3857008466596694,0.5448717948717948
0.694888178912628,0.38099717779796616,0.5833333333333334
0.6805111821075391,0.3490122295383838,0.6955128205128205
0.6773162939286305,0.3452492944490212,0.658076923076923
0.6757188498391762,0.34336782690433987,0.6410256410256411
0.6956869009573552,0.3819379115703068,0.48294871794871796
0.669329073481359,0.3508936970830651,0.6923076923076923
0.6813099041522663,0.34995296331072445,0.6666666666666666
0.690095846644265,0.39040451552137273,0.6102564102564102
0.6725239616602675,0.35465663217242777,0.6734615384615384
0.6916932907337193,0.39228598306605406,0.584871794871795
0.6629392971235416,0.35841956726179036,0.7139743589743589
0.6685303514366318,0.365004703668175,0.6891025641025641
0.6653354632577231,0.36124176857881235,0.6738461538461539
0.6637380191682688,0.359360301034131,0.6891025641025641
0.6677316293919046,0.36406396989583434,0.6965384615384616
0.674920127794449,0.3574788334894497,0.6855128205128205
0.6884984025548108,0.3885230479766914,0.6602564102564102
0.6669329073471775,0.3631232361234937,0.6843589743589743
0.6908945686889922,0.3913452492937134,0.5512820512820513
0.664536741212996,0.3603010348064717,0.6714102564102564
0.6661341853024503,0.362182502351153,0.6866666666666666
0.6940894568679008,0.395108184383076,0.5288461538461539
0.6781150159733577,0.34619002822136186,0.6602564102564102
0.6924920127784465,0.39322671683839466,0.592948717948718
0.6717252396155404,0.3537158984000871,0.7282051282051282
0.6741214057497219,0.35653809971710904,0.6876923076923077
0.699680511180991,0.3866415804320101,0.6602564102564102
0.6709265175708132,0.35277516462774644,0.658076923076923
0.6733226837049947,0.35559736594476843,0.6632051282051282
0.6797124600628119,0.3480714957660431,0.6794871794871795
0.6892971245995378,0.38946378174903207,0.5997435897435898
0.7132587859413526,0.3490122295383838,0.4358974358974359
0.6908945686889922,0.35277516462774644,0.6474358974358975
0.6956869009573552,0.35841956726179036,0.6653846153846155
0.6685303514366318,0.3866415804320101,0.5889743589743589
0.6837060702864478,0.37629350893626284,0.6880769230769231
0.6741214057497219,0.395108184383076,0.5498717948717948
0.6797124600628119,0.36970837252987826,0.7039743589743589
0.6717252396155404,0.39040451552137273,0.642948717948718
0.6637380191682688,0.38099717779796616,0.5656410256410257
0.7004792332257181,0.36406396989583434,0.6217948717948718
0.6876996805100836,0.37911571025328483,0.6466666666666666
0.669329073481359,0.38946378174903207,0.5502564102564103
0.6725239616602675,0.39322671683839466,0.6469230769230768
0.6853035143759021,0.37817497648094417,0.68
0.6773162939286305,0.3687676387575376,0.7051282051282052
0.6980830670915367,0.3631232361234937,0.6282051282051282
0.6916932907337193,0.35559736594476843,0.6196153846153846
0.664536741212996,0.3838193791149881,0.5671794871794871
0.674920127794449,0.3941674506107353,0.6333333333333334
0.6661341853024503,0.3857008466596694,0.5379487179487179
0.6829073482417206,0.3734713076192409,0.6925641025641025
0.6821086261969934,0.3744120413915816,0.7011538461538461
0.6845047923311749,0.3753527751639222,0.6888461538461539
0.6757188498391762,0.36688617121285627,0.7088461538461539
0.6765175718839034,0.3659454374405156,0.7238461538461538
0.6733226837049947,0.39228598306605406,0.6557692307692309
0.670127795526086,0.3885230479766914,0.6089743589743589
0.6781150159733577,0.36782690498519693,0.7084615384615385
0.6869009584653564,0.3800564440256255,0.7124358974358973
0.6669329073471775,0.38476011288732875,0.5744871794871795
0.6861022364206293,0.3772342427086035,0.6789743589743589
0.6629392971235416,0.3819379115703068,0.5688461538461539
0.699680511180991,0.365004703668175,0.5851282051282052
0.6677316293919046,0.38758231420435074,0.5941025641025641
0.6813099041522663,0.3715898400745596,0.6870512820512821
0.6653354632577231,0.3828786453426475,0.5971794871794872
0.6789137380180849,0.3706491063022189,0.6634615384615384
0.6709265175708132,0.3913452492937134,0.62
0.6805111821075391,0.37253057384690025,0.7026923076923077
0.6932907348231737,0.3574788334894497,0.6573076923076923
0.6924920127784465,0.35465663217242777,0.626025641025641
0.6964856230020823,0.36124176857881235,0.6317948717948718
0.6988817891362638,0.362182502351153,0.634102564102564
0.694888178912628,0.359360301034131,0.6897435897435897
0.690095846644265,0.3537158984000871,0.6826923076923077
0.6972843450468095,0.3603010348064717,0.6615384615384615
0.6940894568679008,0.35653809971710904,0.6611538461538461
0.11102236421707505,0.06585136406384601,0.36538461538461536
0.10942492012762073,0.07149576669788994,0.3747435897435898
0.1062300319487121,0.07525870178725257,0.30128205128205127
0.10303514376980347,0.0790216368766152,0.34615384615384615
0.10862619808289357,0.07055503292554928,0.33846153846153854
0.11261980830652936,0.06773283160852732,0.32051282051282054
0.1078274760381664,0.06961429915320863,0.36538461538461536
0.11501597444071084,0.031044214487241685,0.376025641025641
0.11102236421707505,0.007525870178725257,0.5311538461538462
0.1078274760381664,0.011288805268087886,0.511923076923077
0.1022364217250763,0.01599247412979117,0.42025641025641025
0.10463258785925778,0.015051740357450515,0.49807692307692303
0.10543130990398493,0.012229539040428544,0.5152564102564102
0.10702875399343925,0.010348071495747228,0.488974358974359
0.10942492012762073,0.00940733772340657,0.5373076923076923
0.10143769968034914,0.01881467544681314,0.4303846153846153
0.10383386581453062,0.014111006585109857,0.4469230769230769
0.1062300319487121,0.0131702728127692,0.48448717948717956
0.10303514376980347,0.01693320790213183,0.44871794871794873
0.10063897763562199,0.017873941674472486,0.48371794871794876
0.10862619808289357,0.008466603951065915,0.48012820512820514
0.11661341853016516,0.029162746942560373,0.40602564102564104
0.11022364217234788,0.0065851364063846,0.5342307692307693
0.12060702875380094,0.0263405456255384,0.341025641025641
0.3410543130984967,0.7676387582299762,0.5256410256410257
0.34824281150104114,0.7723424270916796,0.5224358974358975
0.33706070287486095,0.7704609595469982,0.45871794871794874
0.34664536741158686,0.7742238946363609,0.5165384615384616
0.33945686900904243,0.7695202257746575,0.4273076923076923
0.3418530351432239,0.7648165569129542,0.5128205128205128
0.3346645367406795,0.760112888051251,0.5512820512820513
0.3378594249195881,0.7714016933193388,0.5192307692307693
0.34025559105376957,0.7666980244576356,0.40384615384615385
0.3434504792326782,0.7779868297257234,0.5480769230769231
0.33865814696431523,0.7685794920023169,0.5494871794871795
0.33626198083013376,0.7582314205065697,0.5888461538461539
0.3314696485617708,0.7638758231406136,0.5307692307692309
0.3354632587854066,0.7572906867342291,0.5817948717948718
0.34265175718795104,0.765757290685295,0.47948717948717956
0.3450479233221325,0.7761053621810422,0.5512820512820513
0.347444089456314,0.7751646284087015,0.46474358974358976
0.34584664536685966,0.7770460959533828,0.45128205128205134
0.3442492012774054,0.7789275634980641,0.5234615384615384
0.33306709265122514,0.7619943555959323,0.532051282051282
0.3338658146959523,0.7591721542789103,0.5820512820512821
0.6797124600628119,0.428033866414999,0.5512820512820513
0.7004792332257181,0.41862652869159245,0.5641025641025641
0.6988817891362638,0.4205079962362738,0.5344871794871795
0.6884984025548108,0.4176857949192518,0.5111538461538462
0.6940894568679008,0.4111006585128672,0.5519230769230768
0.6916932907337193,0.41392285982988913,0.5152564102564102
0.6892971245995378,0.4167450611469111,0.520128205128205
0.6964856230020823,0.4233301975532957,0.5569230769230769
0.6932907348231737,0.4120413922852078,0.5485897435897437
0.6956869009573552,0.42427093132563637,0.5655128205128205
0.694888178912628,0.42521166509797703,0.5884615384615385
0.699680511180991,0.4195672624639331,0.5346153846153846
0.690095846644265,0.41580432737457046,0.5078205128205128
0.6972843450468095,0.42238946378095504,0.5641025641025641
0.6924920127784465,0.41298212605754847,0.5246153846153846
0.6908945686889922,0.4148635936022298,0.5317948717948718
0.6980830670915367,0.4214487300086144,0.5710256410256411
0.6861022364206293,0.43555973659372427,0.4230769230769231
0.7012779552704452,0.40263405456180124,0.5064102564102564
0.6916932907337193,0.40263405456180124,0.5376923076923077
0.6988817891362638,0.4092191909681859,0.5435897435897437
0.7036741214046267,0.4111006585128672,0.4423076923076923
0.7012779552704452,0.41392285982988913,0.5683333333333334
0.6884984025548108,0.39887111947243864,0.5412820512820513
0.6980830670915367,0.41015992474052654,0.5769230769230769
0.694888178912628,0.4063969896511639,0.5576923076923077
0.7028753993598996,0.4120413922852078,0.5106410256410256
0.6908945686889922,0.39604891815541665,0.532051282051282
0.7044728434493539,0.4176857949192518,0.4401282051282051
0.6956869009573552,0.4054562558788232,0.532051282051282
0.6924920127784465,0.40169332078946063,0.5256410256410257
0.6892971245995378,0.397930385700098,0.5275641025641027
0.690095846644265,0.3969896519277573,0.5794871794871795
0.6972843450468095,0.4035747883341419,0.5855128205128205
0.6964856230020823,0.40451552210648256,0.5128205128205128
0.09904153354616767,0.047036688617032855,0.3223076923076923
0.08865814696471461,0.03668861712128563,0.27782051282051284
0.09664536741198619,0.04233301975532957,0.34615384615384615
0.09984025559089482,0.0460959548446922,0.3735897435897436
0.09584664536725904,0.04327375352767023,0.32051282051282054
0.09345047923307756,0.038570084665966946,0.4423076923076923
0.08466453674107881,0.06396989651916468,0.5769230769230769
0.6861022364206293,0.3518344308554058,0.6602564102564102
0.6932907348231737,0.3753527751639222,0.6346153846153846
0.6876996805100836,0.3537158984000871,0.6730769230769231
0.6940894568679008,0.37629350893626284,0.5769230769230769
0.7004792332257181,0.3687676387575376,0.6435897435897436
0.6829073482417206,0.35559736594476843,0.6655128205128205
0.6908945686889922,0.3800564440256255,0.6730769230769231
0.694888178912628,0.36970837252987826,0.6025641025641025
0.6685303514366318,0.34619002822136186,0.4935897435897436
0.6924920127784465,0.3744120413915816,0.5923076923076923
0.6805111821075391,0.3603010348064717,0.6814102564102564
0.6813099041522663,0.36124176857881235,0.6882051282051282
0.664536741212996,0.3490122295383838,0.623076923076923
0.6884984025548108,0.3772342427086035,0.6852564102564103
0.6653354632577231,0.34995296331072445,0.5997435897435898
0.6869009584653564,0.35277516462774644,0.6794871794871795
0.6916932907337193,0.3734713076192409,0.6666666666666666
0.6757188498391762,0.362182502351153,0.7106410256410257
0.6837060702864478,0.35653809971710904,0.6560256410256411
0.6773162939286305,0.36406396989583434,0.6930769230769231
0.6845047923311749,0.3574788334894497,0.6525641025641027
0.6964856230020823,0.3715898400745596,0.6708974358974359
0.6629392971235416,0.34713076199370246,0.517051282051282
0.6765175718839034,0.3631232361234937,0.685
0.6781150159733577,0.365004703668175,0.7115384615384616
0.6637380191682688,0.3480714957660431,0.5875641025641025
0.669329073481359,0.3396048918149772,0.5897435897435898
0.6661341853024503,0.34336782690433987,0.6217948717948718
0.7108626198071711,0.38099717779796616,0.5961538461538461
0.6821086261969934,0.35465663217242777,0.6324358974358975
0.6972843450468095,0.37253057384690025,0.5102564102564102
0.6789137380180849,0.35841956726179036,0.6734615384615384
0.6988817891362638,0.36688617121285627,0.5993589743589743
0.7012779552704452,0.39228598306605406,0.5
0.6797124600628119,0.359360301034131,0.6719230769230768
0.6892971245995378,0.37817497648094417,0.6498717948717948
0.6980830670915367,0.3659454374405156,0.6512820512820513
0.6956869009573552,0.3706491063022189,0.6175641025641025
0.6669329073471775,0.34430856067668053,0.658076923076923
0.690095846644265,0.37911571025328483,0.6007692307692307
0.699680511180991,0.36782690498519693,0.6267948717948718
0.9712460063882249,0.6453433678256908,0.3782051282051282
0.9696485622987705,0.6472248353703721,0.4358974358974359
0.9744408945671335,0.6491063029150534,0.5064102564102564
0.9704472843434977,0.6462841015980315,0.5042307692307693
0.7244408945675328,0.34148635935965854,0.3974358974358974
0.7236421725228057,0.3424270931319992,0.375
0.7260383386569872,0.3396048918149772,0.38884615384615384
0.7228434504780785,0.3358419567256146,0.41025641025641024
0.6629392971235416,0.4120413922852078,0.5641025641025641
0.6757188498391762,0.3969896519277573,0.6094871794871796
0.6805111821075391,0.40263405456180124,0.5488461538461539
0.6837060702864478,0.4063969896511639,0.5746153846153845
0.6853035143759021,0.4082784571958452,0.5453846153846155
0.6813099041522663,0.40169332078946063,0.5567948717948719
0.6869009584653564,0.41015992474052654,0.5297435897435897
0.6829073482417206,0.4035747883341419,0.5543589743589743
0.6773162939286305,0.39887111947243864,0.5816666666666668
0.6861022364206293,0.40733772342350455,0.5464102564102564
0.6876996805100836,0.4092191909681859,0.5138461538461538
0.7012779552704452,0.42709313264265836,0.5406410256410257
0.6821086261969934,0.40451552210648256,0.5637179487179487
0.6797124600628119,0.3998118532447793,0.5734615384615385
0.7020766773151724,0.4261523988703177,0.6089743589743589
0.6765175718839034,0.39604891815541665,0.6167948717948718
0.6781150159733577,0.397930385700098,0.5887179487179487
0.6789137380180849,0.40075258701711997,0.56
0.6845047923311749,0.4054562558788232,0.5539743589743589
0.6669329073471775,0.4148635936022298,0.5256410256410257
0.3043130990410474,0.7742238946363609,0.3269230769230769
0.9464856230016829,0.6594543744108007,0.46153846153846156
0.936900958464957,0.6782690498576138,0.5384615384615384
0.956869009583136,0.6472248353703721,0.47858974358974354
0.961661341851499,0.6491063029150534,0.48717948717948717
0.9608626198067718,0.650047036687394,0.4458974358974359
0.9520766773147731,0.6528692380044161,0.504102564102564
0.9528753993595002,0.6519285042320754,0.5274358974358975
0.9329073482413213,0.6754468485405918,0.5256410256410257
0.9321086261965941,0.6763875823129325,0.503974358974359
0.9337060702860485,0.6745061147682512,0.5024358974358974
0.9281150159729583,0.6886171213533611,0.38782051282051283
0.9289137380176855,0.6876763875810203,0.4342307692307693
0.9600638977620446,0.6509877704597348,0.4625641025641025
0.9544728434489546,0.6575729068661194,0.4230769230769231
0.9560702875384088,0.655691439321438,0.47012820512820513
0.9504792332253187,0.6547507055490974,0.5352564102564102
0.9512779552700459,0.6538099717767567,0.5187179487179486
0.9305111821071398,0.685794920036339,0.4273076923076923
0.9624600638962261,0.6481655691427127,0.48717948717948717
0.931309904151867,0.6773283160852731,0.4476923076923077
0.9552715654936816,0.6566321730937786,0.5
0.9297124600624126,0.6867356538086797,0.38884615384615384
0.9361022364202299,0.6792097836299544,0.48294871794871796
0.3130990415330462,0.7704609595469982,0.4593589743589743
0.312300319488319,0.7695202257746575,0.4957692307692308
0.31709265175668194,0.7676387582299762,0.5
0.3298722044723165,0.7826904985874268,0.5192307692307693
0.3242811501592264,0.7836312323597674,0.5102564102564102
0.3258785942486807,0.7855126999044487,0.5025641025641026
0.3162939297119548,0.7666980244576356,0.5769230769230769
0.3138977635777733,0.7714016933193388,0.5256410256410257
0.9600638977620446,0.6594543744108007,0.4807692307692308
0.9504792332253187,0.6406396989639875,0.3269230769230769
0.9257188498387768,0.6716839134512292,0.5032051282051282
0.9273162939282311,0.6735653809959106,0.40166666666666667
0.9664536741198619,0.6519285042320754,0.4380769230769231
0.9289137380176855,0.6679209783618666,0.5192307692307693
0.9233226837045954,0.6763875823129325,0.5448717948717948
0.9640575079856805,0.6566321730937786,0.4321794871794871
0.9648562300304075,0.6575729068661194,0.44371794871794873
0.9305111821071398,0.6698024459065479,0.5128205128205128
0.9480830670911372,0.6453433678256908,0.45294871794871794
0.9496805111805916,0.6472248353703721,0.5530769230769231
0.9632587859409533,0.655691439321438,0.45397435897435895
0.9440894568675015,0.6481655691427127,0.6064102564102564
0.967252396164589,0.6528692380044161,0.4630769230769231
0.9448881789122286,0.6491063029150534,0.6161538461538462
0.9456869009569557,0.650047036687394,0.6264102564102564
0.9552715654936816,0.6387582314193062,0.3974358974358974
0.9297124600624126,0.6688617121342072,0.5298717948717948
0.9688498402540434,0.6547507055490974,0.4541025641025641
0.9488817891358644,0.6462841015980315,0.5641025641025641
0.9528753993595002,0.6434619002810095,0.46153846153846156
0.9656549520751347,0.65851364063846,0.4276923076923077
0.926517571883504,0.6726246472235698,0.39230769230769225
0.9464856230016829,0.6509877704597348,0.6002564102564102
0.9680511182093162,0.6538099717767567,0.4393589743589743
0.9472843450464101,0.6444026340533502,0.5347435897435897
0.3186900958461363,0.7563499529618883,0.4230769230769231
0.32507987220395357,0.7488240827831631,0.5102564102564102
0.3194888178908634,0.7535277516448664,0.4935897435897436
0.31789137380140914,0.7554092191895477,0.46794871794871795
0.3242811501592264,0.7478833490108224,0.4780769230769232
0.32108626198031776,0.7516462841001851,0.5
0.32348242811449923,0.7507055503278444,0.4593589743589743
0.3258785942486807,0.7460018814661411,0.5939743589743589
0.3298722044723165,0.7431796801491192,0.5778205128205127
0.3282747603828622,0.7450611476938005,0.6384615384615384
0.3290734824275893,0.7422389463767785,0.5528205128205129
0.32747603833813504,0.7441204139214598,0.5742307692307693
0.3218849840250449,0.7525870178725257,0.4935897435897436
0.32667731629340785,0.7469426152384818,0.6282051282051282
0.3226837060697721,0.7497648165555038,0.45897435897435895
0.3202875399355906,0.754468485417207,0.4974358974358974
0.6565495207657244,0.32079021636816407,0.5641025641025641
0.6589456868999058,0.32361241768518606,0.33974358974358976
0.6525559105420886,0.3311382878639113,0.6352564102564102
0.6261980830660924,0.30009407337666966,0.47435897435897434
0.6533546325868157,0.33207902163625197,0.6188461538461538
0.639776357826454,0.3160865475064608,0.532051282051282
0.6501597444079071,0.3283160865468893,0.6528205128205128
0.6405750798711812,0.3170272812788015,0.4948717948717948
0.6549520766762701,0.3339604891809333,0.6376923076923077
0.6541533546315429,0.33301975540859263,0.6374358974358975
0.6373801916922726,0.3132643461894388,0.5160256410256411
0.6509584664526342,0.32925682031923,0.629102564102564
0.6517571884973614,0.33019755409157064,0.6417948717948718
0.6557507987209972,0.33490122295327396,0.6106410256410256
0.6413738019159083,0.31796801505114214,0.5576923076923077
0.6421725239606355,0.3189087488234828,0.5641025641025641
0.6429712460053627,0.3198494825958234,0.6042307692307691
0.6389776357817268,0.31514581373412015,0.48717948717948717
0.6605431309893601,0.3254938852298674,0.6858974358974359
0.6573482428104516,0.32173095014050473,0.6282051282051282
0.6573482428104516,0.38476011288732875,0.5842307692307691
0.6613418530340873,0.3838193791149881,0.5576923076923077
0.6477635782737257,0.3659454374405156,0.6025641025641025
0.6565495207657244,0.3857008466596694,0.5512820512820513
0.6557507987209972,0.39040451552137273,0.5
0.6605431309893601,0.38099717779796616,0.5683333333333334
0.624600638976638,0.3631232361234937,0.46884615384615375
0.6253993610213652,0.362182502351153,0.4914102564102564
0.6277955271555467,0.359360301034131,0.48717948717948717
0.6621405750788145,0.3828786453426475,0.5576923076923077
0.6317891373791824,0.35465663217242777,0.41448717948717945
0.6293929712450009,0.36124176857881235,0.5014102564102564
0.6269968051108195,0.36406396989583434,0.48717948717948717
0.6309904153344553,0.35559736594476843,0.4434615384615385
0.6301916932897281,0.3603010348064717,0.49807692307692303
0.6333865814686368,0.35653809971710904,0.4316666666666667
0.6365814696475454,0.35277516462774644,0.38461538461538464
0.6285942492002738,0.35841956726179036,0.4834615384615384
0.6549520766762701,0.3913452492937134,0.5256410256410257
0.659744408944633,0.3819379115703068,0.5616666666666666
0.6325878594239096,0.3574788334894497,0.47948717948717956
0.6493610223631799,0.36782690498519693,0.532051282051282
0.6261980830660924,0.365004703668175,0.4807692307692308
0.6349840255580911,0.3508936970830651,0.4358974358974359
0.6589456868999058,0.3866415804320101,0.4775641025641026
0.6357827476028183,0.3537158984000871,0.4551282051282051
0.6581469648551787,0.38758231420435074,0.47615384615384615
0.6341853035133639,0.3518344308554058,0.45294871794871794
0.08785942491998745,0.07808090310427454,0.5128205128205128
0.08865814696471461,0.0790216368766152,0.46153846153846156
0.09345047923307756,0.07337723424257125,0.40384615384615385
0.3378594249195881,0.7375352775150752,0.5555128205128205
0.34664536741158686,0.7478833490108224,0.594871794871795
0.34904153354576833,0.7469426152384818,0.6314102564102564
0.33706070287486095,0.7365945437427346,0.5
0.332268370606498,0.727187206019328,0.5470512820512821
0.3282747603828622,0.7262464722469874,0.5742307692307693
0.3242811501592264,0.721542803385284,0.617948717948718
0.32108626198031776,0.7177798682959214,0.5256410256410257
0.3298722044723165,0.724365004702306,0.5426923076923077
0.32747603833813504,0.7253057384746466,0.5603846153846153
0.3218849840250449,0.718720602068262,0.5576923076923077
0.35223642172467695,0.7507055503278444,0.4897435897435898
0.32507987220395357,0.7224835371576247,0.5769230769230769
0.347444089456314,0.7488240827831631,0.6666666666666666
0.3514376996799498,0.7497648165555038,0.5160256410256411
0.3226837060697721,0.7158984007512401,0.6153846153846154
0.34824281150104114,0.7460018814661411,0.6153846153846154
0.3410543130984967,0.7412982126044378,0.5833333333333334
0.34584664536685966,0.7431796801491192,0.4465384615384615
0.3107028753988647,0.6528692380044161,0.5641025641025641
0.312300319488319,0.6660395108171853,0.5342307692307693
0.3242811501592264,0.7375352775150752,0.44448717948717953
0.31709265175668194,0.7535277516448664,0.4807692307692308
0.25958466453632656,0.685794920036339,0.46794871794871795
0.3226837060697721,0.7318908748810312,0.5891025641025641
0.3162939297119548,0.754468485417207,0.47435897435897434
0.32667731629340785,0.7347130761980533,0.631923076923077
0.3218849840250449,0.7328316086533719,0.5678205128205129
0.25559105431269075,0.6829727187193171,0.41025641025641024
0.3298722044723165,0.7384760112874159,0.6243589743589744
0.32348242811449923,0.7309501411086906,0.6434615384615384
0.3290734824275893,0.7394167450597565,0.5724358974358975
0.3282747603828622,0.7403574788320971,0.5375641025641027
0.3258785942486807,0.7356538099703939,0.6153846153846154
0.32108626198031776,0.7337723424257125,0.5158974358974359
0.32747603833813504,0.7412982126044378,0.5606410256410257
0.31789137380140914,0.73000940733635,0.48717948717948717
0.31549520766722766,0.7554092191895477,0.41025641025641024
0.32507987220395357,0.7365945437427346,0.6794871794871795
0.12300319488798242,0.07431796801491192,0.35474358974358977
0.11741214057489231,0.06773283160852732,0.35038461538461535
0.11421725239598368,0.07149576669788994,0.3114102564102565
0.10383386581453062,0.08184383819363718,0.341025641025641
0.10543130990398493,0.07996237064895585,0.382051282051282
0.1062300319487121,0.08090310442129652,0.36448717948717957
0.10303514376980347,0.08466603951065914,0.34448717948717955
0.10063897763562199,0.0856067732829998,0.3141025641025641
0.10143769968034914,0.08654750705534046,0.35717948717948717
0.10463258785925778,0.08278457196597783,0.35384615384615375
0.1022364217250763,0.08372530573831849,0.3717948717948718
0.11341853035125653,0.07055503292554928,0.3141025641025641
0.11661341853016516,0.06679209783618666,0.34615384615384615
0.11501597444071084,0.06867356538086797,0.35038461538461535
0.115814696485438,0.06961429915320863,0.33974358974358976
0.010383386581453062,0.9915333960470526,0.5897435897435898
0.009584664536725903,0.990592662274712,0.5298717948717948
0.008785942491998745,0.9934148635917339,0.5576923076923077
0.003993610223635793,0.9840075258683274,0.391025641025641
0.31150159744359185,0.6698024459065479,0.5342307692307693
0.3130990415330462,0.6679209783618666,0.4401282051282051
0.31549520766722766,0.6726246472235698,0.4307692307692307
0.31469648562250047,0.6735653809959106,0.3974358974358974
0.31709265175668194,0.6707431796788885,0.41794871794871785
0.3162939297119548,0.6716839134512292,0.34615384615384615
0.7044728434493539,0.36970837252987826,0.6153846153846154
0.6837060702864478,0.3452492944490212,0.6923076923076923
0.6765175718839034,0.3367826904979553,0.6474358974358975
0.7020766773151724,0.36688617121285627,0.6153846153846154
0.7012779552704452,0.3659454374405156,0.6435897435897436
0.6932907348231737,0.3866415804320101,0.5897435897435898
0.6908945686889922,0.3838193791149881,0.5576923076923077
0.7068690095835354,0.37253057384690025,0.5641025641025641
0.664536741212996,0.35277516462774644,0.6378205128205128
0.6669329073471775,0.35559736594476843,0.6762820512820513
0.6924920127784465,0.3857008466596694,0.5717948717948718
0.6717252396155404,0.36124176857881235,0.6679487179487179
0.669329073481359,0.35841956726179036,0.7079487179487179
0.6741214057497219,0.36406396989583434,0.7042307692307693
0.6070287539926406,0.25493885230431806,0.48717948717948717
0.6685303514366318,0.3574788334894497,0.6293589743589744
0.609424920126822,0.25776105362134005,0.5811538461538461
0.6629392971235416,0.3508936970830651,0.6171794871794872
0.6637380191682688,0.3518344308554058,0.6597435897435897
0.674920127794449,0.365004703668175,0.6987179487179487
0.6709265175708132,0.3603010348064717,0.6748717948717948
0.6078274760373678,0.2558795860766587,0.5448717948717948
0.6725239616602675,0.362182502351153,0.67
0.6102236421715491,0.2587017873936807,0.5128205128205128
0.670127795526086,0.359360301034131,0.6721794871794873
0.6733226837049947,0.3631232361234937,0.7078205128205127
0.6653354632577231,0.3537158984000871,0.5923076923076923
0.6884984025548108,0.38099717779796616,0.6720512820512821
0.7052715654940811,0.3706491063022189,0.6196153846153846
0.7076677316282626,0.3734713076192409,0.6794871794871795
0.6677316293919046,0.35653809971710904,0.6610256410256411
0.690095846644265,0.3828786453426475,0.6353846153846154
0.7028753993598996,0.36782690498519693,0.6698717948717948
0.6892971245995378,0.3819379115703068,0.6421794871794873
0.7004792332257181,0.395108184383076,0.6282051282051282
0.6916932907337193,0.38476011288732875,0.6496153846153846
0.6661341853024503,0.35465663217242777,0.6324358974358975
0.10063897763562199,0.04797742238937351,0.3333333333333333
0.11341853035125653,0.06302916274682403,0.34615384615384615
0.10143769968034914,0.048918156161714174,0.34615384615384615
0.3282747603828622,0.7516462841001851,0.6496153846153846
0.32108626198031776,0.7450611476938005,0.4358974358974359
0.32507987220395357,0.7554092191895477,0.5416666666666666
0.3138977635777733,0.7384760112874159,0.4807692307692308
0.3202875399355906,0.7460018814661411,0.4358974358974359
0.32667731629340785,0.7535277516448664,0.4538461538461539
0.32747603833813504,0.7525870178725257,0.5512820512820513
0.32348242811449923,0.7422389463767785,0.45294871794871794
0.31709265175668194,0.7347130761980533,0.48717948717948717
0.3242811501592264,0.7563499529618883,0.4962820512820512
0.3258785942486807,0.754468485417207,0.5329487179487179
0.3298722044723165,0.7497648165555038,0.625
0.3290734824275893,0.7507055503278444,0.6730769230769231
0.3226837060697721,0.7431796801491192,0.5416666666666666
0.31549520766722766,0.7365945437427346,0.4551282051282051
0.3218849840250449,0.7441204139214598,0.36961538461538457
0.3186900958461363,0.7478833490108224,0.5042307692307693
0.3194888178908634,0.7469426152384818,0.5282051282051282
0.9281150159729583,0.6707431796788885,0.35474358974358977
0.956869009583136,0.6594543744108007,0.47435897435897434
0.9560702875384088,0.6434619002810095,0.5
0.9289137380176855,0.6716839134512292,0.4519230769230769
0.9632587859409533,0.6519285042320754,0.42448717948717946
0.9488817891358644,0.650047036687394,0.5487179487179487
0.9680511182093162,0.6575729068661194,0.44320512820512814
0.9440894568675015,0.6444026340533502,0.6101282051282052
0.967252396164589,0.6566321730937786,0.4465384615384615
0.9648562300304075,0.6538099717767567,0.4458974358974359
0.9456869009569557,0.6462841015980315,0.6132051282051282
0.9305111821071398,0.6735653809959106,0.46243589743589736
0.9480830670911372,0.6491063029150534,0.5594871794871795
0.9688498402540434,0.65851364063846,0.40807692307692306
0.9472843450464101,0.6481655691427127,0.5955128205128205
0.9664536741198619,0.655691439321438,0.4353846153846153
0.9496805111805916,0.6509877704597348,0.5464102564102564
0.9464856230016829,0.6472248353703721,0.6185897435897436
0.9656549520751347,0.6547507055490974,0.4442307692307693
0.9640575079856805,0.6528692380044161,0.4802564102564102
0.9353035143755027,0.6942615239874049,0.40384615384615385
0.9297124600624126,0.6726246472235698,0.5032051282051282
0.9448881789122286,0.6453433678256908,0.5983333333333334
0.10862619808289357,0.054562558795758116,0.28730769230769226
0.10942492012762073,0.05362182502341746,0.3375641025641025
0.1062300319487121,0.057384760112780084,0.3794871794871794
0.1078274760381664,0.05550329256809877,0.33974358974358976
0.1118210862618022,0.050799623706395486,0.3076923076923077
0.10702875399343925,0.05644402634043943,0.3641025641025642
0.12460063897743674,0.03574788334894497,0.44448717948717953
0.11022364217234788,0.0526810912510768,0.3176923076923077
0.32348242811449923,0.7497648165555038,0.47435897435897434
0.32747603833813504,0.7450611476938005,0.5769230769230769
0.32667731629340785,0.7460018814661411,0.5860256410256409
0.3282747603828622,0.7441204139214598,0.5841025641025641
0.3258785942486807,0.7469426152384818,0.5687179487179487
0.3298722044723165,0.7422389463767785,0.5966666666666668
0.3290734824275893,0.7431796801491192,0.5530769230769231
0.32108626198031776,0.7525870178725257,0.4957692307692308
0.3218849840250449,0.7516462841001851,0.4391025641025641
0.3202875399355906,0.7535277516448664,0.4401282051282051
0.32507987220395357,0.7478833490108224,0.4948717948717948
0.3242811501592264,0.7488240827831631,0.5278205128205128
0.3226837060697721,0.7507055503278444,0.4948717948717948
0.3194888178908634,0.754468485417207,0.5128205128205128
0.11741214057489231,0.010348071495747228,0.4957692307692308
0.11341853035125653,0.007525870178725257,0.5544871794871795
0.11261980830652936,0.031044214487241685,0.35474358974358977
0.10942492012762073,0.027281279397879058,0.2532051282051282
0.10303514376980347,0.0197554092191538,0.48717948717948717
0.6908945686889922,0.3518344308554058,0.6410256410256411
0.6884984025548108,0.35277516462774644,0.6153846153846154
0.7132587859413526,0.3480714957660431,0.6025641025641025
0.7004792332257181,0.3631232361234937,0.6730769230769231
0.6733226837049947,0.395108184383076,0.5897435897435898
0.6861022364206293,0.3800564440256255,0.6828205128205129
0.699680511180991,0.362182502351153,0.6443589743589744
0.6773162939286305,0.3659454374405156,0.6987179487179487
0.6924920127784465,0.3574788334894497,0.6526923076923077
0.6980830670915367,0.36406396989583434,0.6398717948717948
0.6629392971235416,0.3828786453426475,0.5793589743589743
0.6932907348231737,0.35465663217242777,0.6637179487179486
0.6677316293919046,0.38476011288732875,0.6078205128205127
0.6869009584653564,0.3772342427086035,0.6923076923076923
0.6725239616602675,0.3941674506107353,0.6410256410256411
0.6653354632577231,0.3819379115703068,0.5769230769230769
0.6797124600628119,0.37253057384690025,0.6988461538461539
0.6876996805100836,0.37817497648094417,0.6788461538461539
0.6789137380180849,0.3715898400745596,0.7173076923076923
0.6837060702864478,0.3734713076192409,0.6905128205128205
0.6781150159733577,0.36688617121285627,0.7110256410256409
0.6972843450468095,0.359360301034131,0.6521794871794873
0.6741214057497219,0.39228598306605406,0.6305128205128206
0.674920127794449,0.39322671683839466,0.6148717948717948
0.6988817891362638,0.365004703668175,0.652051282051282
0.6853035143759021,0.37911571025328483,0.7164102564102564
0.6821086261969934,0.3753527751639222,0.711923076923077
0.6829073482417206,0.37629350893626284,0.7006410256410257
0.664536741212996,0.38099717779796616,0.5738461538461539
0.6765175718839034,0.3687676387575376,0.7033333333333334
0.6709265175708132,0.3885230479766914,0.6489743589743591
0.6805111821075391,0.36970837252987826,0.6867948717948718
0.6685303514366318,0.3857008466596694,0.5894871794871795
0.6845047923311749,0.3744120413915816,0.6908974358974359
0.6757188498391762,0.36782690498519693,0.7001282051282052
0.669329073481359,0.39040451552137273,0.6253846153846154
0.6637380191682688,0.3838193791149881,0.5376923076923077
0.6661341853024503,0.3866415804320101,0.5624358974358975
0.6717252396155404,0.38946378174903207,0.6591025641025641
0.670127795526086,0.3913452492937134,0.6003846153846154
0.6956869009573552,0.36124176857881235,0.6584615384615384
0.6940894568679008,0.35559736594476843,0.6714102564102564
0.7108626198071711,0.3490122295383838,0.5470512820512821
0.694888178912628,0.3603010348064717,0.6589743589743591
0.6813099041522663,0.3706491063022189,0.6733333333333332
0.6669329073471775,0.38758231420435074,0.5673076923076923
0.6892971245995378,0.3537158984000871,0.6217948717948718
0.6964856230020823,0.35841956726179036,0.6316666666666666
0.690095846644265,0.3508936970830651,0.6602564102564102
0.6916932907337193,0.35653809971710904,0.6957692307692307
0.7124600638966255,0.34713076199370246,0.6089743589743589
0.9345047923307755,0.6378174976469656,0.38461538461538464
0.9273162939282311,0.6650987770448447,0.5256410256410257
0.931309904151867,0.6415804327363281,0.717948717948718
0.936900958464957,0.6387582314193062,0.4358974358974359
0.9408945686885928,0.6453433678256908,0.5985897435897436
0.94169329073332,0.6444026340533502,0.5810256410256409
0.9400958466438657,0.650047036687394,0.6456410256410257
0.9424920127780472,0.6472248353703721,0.6217948717948718
0.9432907348227743,0.6462841015980315,0.618076923076923
0.9392971245991385,0.6509877704597348,0.6328205128205128
0.9329073482413213,0.6434619002810095,0.5878205128205127
0.9384984025544114,0.6481655691427127,0.6143589743589744
0.9337060702860485,0.6425211665086689,0.5567948717948719
0.9376996805096842,0.6491063029150534,0.6217948717948718
0.9361022364202299,0.6396989651916468,0.42128205128205126
0.08146964856217018,0.06961429915320863,0.46153846153846156
0.08226837060689733,0.06867356538086797,0.46474358974358976
0.09584664536725904,0.08654750705534046,0.1987179487179487
0.3091054313094104,0.7714016933193388,0.47858974358974354
0.3298722044723165,0.7770460959533828,0.41025641025641024
0.24920127795487348,0.6820319849469765,0.5042307692307693
0.3194888178908634,0.7798682972704047,0.47858974358974354
0.3258785942486807,0.7723424270916796,0.3525641025641026
0.30830670926468323,0.7704609595469982,0.32051282051282054
0.3282747603828622,0.7789275634980641,0.5641025641025641
0.08226837060689733,0.03198494825958234,0.5512820512820513
0.08546325878580598,0.028222013170219714,0.5174358974358975
0.09664536741198619,0.01881467544681314,0.4935897435897436
0.08466453674107881,0.027281279397879058,0.5769230769230769
0.08706070287526028,0.03010348071490103,0.5384615384615384
0.08626198083053313,0.029162746942560373,0.596923076923077
0.09984025559089482,0.015051740357450515,0.3717948717948718
0.09904153354616767,0.014111006585109857,0.32051282051282054
0.10383386581453062,0.0197554092191538,0.5256410256410257
0.11261980830652936,0.03010348071490103,0.4230769230769231
0.7044728434493539,0.3508936970830651,0.5256410256410257
0.7036741214046267,0.3574788334894497,0.6043589743589743
0.6988817891362638,0.34430856067668053,0.3942307692307692
0.7012779552704452,0.35465663217242777,0.6282051282051282
0.6797124600628119,0.3819379115703068,0.6719230769230768
0.6876996805100836,0.3913452492937134,0.6115384615384616
0.7028753993598996,0.35653809971710904,0.6624358974358975
0.6813099041522663,0.3838193791149881,0.6621794871794873
0.6837060702864478,0.3941674506107353,0.5989743589743589
0.6789137380180849,0.38099717779796616,0.6779487179487179
0.6733226837049947,0.3744120413915816,0.6993589743589743
0.6781150159733577,0.38758231420435074,0.650128205128205
0.6773162939286305,0.3866415804320101,0.6514102564102564
0.664536741212996,0.3715898400745596,0.6561538461538462
0.6757188498391762,0.38476011288732875,0.6761538461538461
0.674920127794449,0.37629350893626284,0.6862820512820513
0.6861022364206293,0.38946378174903207,0.632948717948718
0.6717252396155404,0.3800564440256255,0.647051282051282
0.6821086261969934,0.39228598306605406,0.607948717948718
0.669329073481359,0.3772342427086035,0.6534615384615384
0.6845047923311749,0.395108184383076,0.5684615384615385
0.6637380191682688,0.3706491063022189,0.6882051282051282
0.6869009584653564,0.39040451552137273,0.6107692307692307
0.6853035143759021,0.3885230479766914,0.6194871794871794
0.6661341853024503,0.3659454374405156,0.7012820512820513
0.6765175718839034,0.3857008466596694,0.6566666666666666
0.6805111821075391,0.3828786453426475,0.6471794871794873
0.6829073482417206,0.39322671683839466,0.6
0.6653354632577231,0.37253057384690025,0.6837179487179487
0.6741214057497219,0.3753527751639222,0.7044871794871795
0.6685303514366318,0.3687676387575376,0.6946153846153847
0.6677316293919046,0.36782690498519693,0.6975641025641025
0.6669329073471775,0.36688617121285627,0.7073076923076923
0.6725239616602675,0.3734713076192409,0.6989743589743589
0.6709265175708132,0.37911571025328483,0.6415384615384616
0.670127795526086,0.37817497648094417,0.6642307692307693
0.6629392971235416,0.36970837252987826,0.6894871794871795
0.7060702875388082,0.35277516462774644,0.6076923076923078
0.7020766773151724,0.35559736594476843,0.5683333333333334
0.6956869009573552,0.3480714957660431,0.6410256410256411
0.6134185303504578,0.26434619002772464,0.46153846153846156
0.6669329073471775,0.4111006585128672,0.5064102564102564
0.6773162939286305,0.40263405456180124,0.5384615384615384
0.6821086261969934,0.4082784571958452,0.527948717948718
0.6765175718839034,0.3998118532447793,0.5793589743589743
0.6853035143759021,0.40451552210648256,0.5584615384615385
0.7028753993598996,0.4327375352767023,0.5683333333333334
0.6805111821075391,0.39887111947243864,0.5653846153846153
0.6845047923311749,0.4092191909681859,0.5467948717948719
0.6797124600628119,0.39604891815541665,0.5915384615384616
0.6837060702864478,0.41015992474052654,0.5503846153846155
0.7044728434493539,0.42709313264265836,0.5426923076923077
0.6789137380180849,0.3969896519277573,0.6065384615384616
0.6829073482417206,0.40733772342350455,0.5544871794871795
0.6876996805100836,0.4054562558788232,0.5397435897435897
0.6781150159733577,0.40169332078946063,0.564871794871795
0.7036741214046267,0.4317968015043616,0.5641025641025641
0.6757188498391762,0.40075258701711997,0.5769230769230769
0.6869009584653564,0.4063969896511639,0.5562820512820513
0.6813099041522663,0.397930385700098,0.5791025641025641
0.6861022364206293,0.4035747883341419,0.5484615384615384
0.1078274760381664,0.0197554092191538,0.376025641025641
0.11102236421707505,0.023518344308516428,0.3333333333333333
0.11341853035125653,0.0131702728127692,0.376025641025641
0.11261980830652936,0.025399811853197743,0.33846153846153854
0.11421725239598368,0.012229539040428544,0.38884615384615384
0.6605431309893601,0.41015992474052654,0.5416666666666666
0.6621405750788145,0.4082784571958452,0.5641025641025641
0.6573482428104516,0.4063969896511639,0.47858974358974354
0.36421725239558433,0.7497648165555038,0.4230769230769231
0.36341853035085714,0.7525870178725257,0.40384615384615385
0.6525559105420886,0.3969896519277573,0.6730769230769231
0.3650159744403115,0.7507055503278444,0.5
0.659744408944633,0.4092191909681859,0.5128205128205128
0.6613418530340873,0.40733772342350455,0.44871794871794873
0.6557507987209972,0.40075258701711997,0.6089743589743589
0.7012779552704452,0.35841956726179036,0.5993589743589743
0.7020766773151724,0.359360301034131,0.6041025641025641
0.7084664536729897,0.3518344308554058,0.5897435897435898
0.7028753993598996,0.3603010348064717,0.617948717948718
0.664536741212996,0.3753527751639222,0.6703846153846155
0.6725239616602675,0.36970837252987826,0.6828205128205129
0.6717252396155404,0.3687676387575376,0.6725641025641025
0.6733226837049947,0.3706491063022189,0.6855128205128205
0.6677316293919046,0.37911571025328483,0.6297435897435898
0.6661341853024503,0.3772342427086035,0.6696153846153846
0.6821086261969934,0.38099717779796616,0.6838461538461539
0.690095846644265,0.3452492944490212,0.5426923076923077
0.6789137380180849,0.39228598306605406,0.6103846153846154
0.6685303514366318,0.3800564440256255,0.6262820512820512
0.6845047923311749,0.3838193791149881,0.6657692307692309
0.6653354632577231,0.37629350893626284,0.6544871794871795
0.6805111821075391,0.3941674506107353,0.6037179487179488
0.674920127794449,0.37253057384690025,0.690128205128205
0.6781150159733577,0.3913452492937134,0.6347435897435898
0.6829073482417206,0.3819379115703068,0.6715384615384615
0.6797124600628119,0.39322671683839466,0.625
0.669329073481359,0.3659454374405156,0.7005128205128205
0.6813099041522663,0.395108184383076,0.5915384615384616
0.8322683706056992,0.4524929444958561,0.46794871794871795
0.670127795526086,0.36688617121285627,0.7035897435897436
0.6741214057497219,0.3715898400745596,0.6830769230769231
0.6757188498391762,0.3885230479766914,0.6842307692307693
0.6773162939286305,0.39040451552137273,0.6547435897435897
0.6853035143759021,0.38476011288732875,0.6730769230769231
0.6709265175708132,0.36782690498519693,0.6917948717948718
0.6669329073471775,0.37817497648094417,0.6425641025641026
0.6629392971235416,0.3734713076192409,0.6697435897435897
0.6765175718839034,0.38946378174903207,0.658076923076923
0.6837060702864478,0.3828786453426475,0.658076923076923
0.6924920127784465,0.3480714957660431,0.6378205128205128
0.6876996805100836,0.38758231420435074,0.6484615384615384
0.6637380191682688,0.3744120413915816,0.6773076923076923
0.6869009584653564,0.3866415804320101,0.6452564102564102
0.6861022364206293,0.3857008466596694,0.6524358974358975
0.7052715654940811,0.3631232361234937,0.6666666666666666
0.9321086261965941,0.6538099717767567,0.5384615384615384
0.9257188498387768,0.6462841015980315,0.6282051282051282
0.9337060702860485,0.6519285042320754,0.6538461538461539
0.9392971245991385,0.6603951081831413,0.5671794871794871
0.9376996805096842,0.6622765757278226,0.5903846153846154
0.9353035143755027,0.6575729068661194,0.5555128205128205
0.9249201277940496,0.6472248353703721,0.5897435897435898
0.9400958466438657,0.6594543744108007,0.5843589743589743
0.9361022364202299,0.6566321730937786,0.5817948717948718
0.936900958464957,0.655691439321438,0.6098717948717948
0.9384984025544114,0.661335841955482,0.5791025641025641
0.9345047923307755,0.65851364063846,0.5558974358974359
0.9281150159729583,0.6509877704597348,0.6987179487179487
0.9464856230016829,0.6124176857937678,0.48717948717948717
0.972044728432952,0.6425211665086689,0.391025641025641
0.08386581469635165,0.06679209783618666,0.4692307692307692
0.0830670926516245,0.06773283160852732,0.40025641025641023
0.09824281150144051,0.08372530573831849,0.2948717948717949
0.7020766773151724,0.4054562558788232,0.4807692307692308
0.6956869009573552,0.41298212605754847,0.5183333333333334
0.6980830670915367,0.4176857949192518,0.5242307692307693
0.6869009584653564,0.43085606773202095,0.5256410256410257
0.699680511180991,0.41580432737457046,0.47858974358974354
0.694888178912628,0.41392285982988913,0.5192307692307693
0.6972843450468095,0.4111006585128672,0.5426923076923077
0.6932907348231737,0.4233301975532957,0.5544871794871795
0.6892971245995378,0.4205079962362738,0.5470512820512821
0.690095846644265,0.4195672624639331,0.5207692307692309
0.6908945686889922,0.41862652869159245,0.5169230769230768
0.6924920127784465,0.42427093132563637,0.5202564102564102
0.6916932907337193,0.42521166509797703,0.5224358974358975
0.6988817891362638,0.4167450611469111,0.5435897435897437
0.6940894568679008,0.42238946378095504,0.5534615384615384
0.6884984025548108,0.4214487300086144,0.5293589743589744
0.6964856230020823,0.4120413922852078,0.5311538461538462
0.7004792332257181,0.4148635936022298,0.5326923076923077
0.6813099041522663,0.4374412041384056,0.48717948717948717
0.1118210862618022,0.022577610536175772,0.3717948717948718
0.11261980830652936,0.021636876763835116,0.4175641025641025
0.11022364217234788,0.020696142991494457,0.3794871794871794
0.11102236421707505,0.0197554092191538,0.4307692307692307
0.11341853035125653,0.01693320790213183,0.46794871794871795
0.9384984025544114,0.634054562557603,0.41025641025641024
0.9376996805096842,0.6331138287852622,0.46576923076923077
0.9408945686885928,0.6293508936958996,0.5128205128205128
0.891373801915509,0.5710253998107789,0.46153846153846156
0.9400958466438657,0.6359360301022843,0.4166666666666667
0.94169329073332,0.6302916274682403,0.5192307692307693
0.9424920127780472,0.6312323612405809,0.47064102564102556
0.9432907348227743,0.6321730950129216,0.47974358974358977
0.8905750798707819,0.5700846660384382,0.5512820512820513
0.31789137380140914,0.6810912511746358,0.5214102564102564
0.31709265175668194,0.6820319849469765,0.5555128205128205
0.3226837060697721,0.6754468485405918,0.20512820512820512
0.3186900958461363,0.6801505174022952,0.5833333333333334
0.3162939297119548,0.6829727187193171,0.3525641025641026
0.31469648562250047,0.6848541862639984,0.5726923076923077
0.3138977635777733,0.685794920036339,0.532051282051282
0.6661341853024503,0.41392285982988913,0.5576923076923077
0.6845047923311749,0.40733772342350455,0.5435897435897437
0.6757188498391762,0.40263405456180124,0.5983333333333334
0.6876996805100836,0.4035747883341419,0.5324358974358975
0.7012779552704452,0.4327375352767023,0.6153846153846154
0.7020766773151724,0.4317968015043616,0.5801282051282052
0.6861022364206293,0.4054562558788232,0.5371794871794873
0.6837060702864478,0.4082784571958452,0.5298717948717948
0.6773162939286305,0.40075258701711997,0.5780769230769232
0.6789137380180849,0.39887111947243864,0.574871794871795
0.6805111821075391,0.3969896519277573,0.5871794871794871
0.7028753993598996,0.43085606773202095,0.5705128205128205
0.6781150159733577,0.3998118532447793,0.5964102564102564
0.6821086261969934,0.41015992474052654,0.5714102564102563
0.7036741214046267,0.42991533395968035,0.5214102564102564
0.6813099041522663,0.39604891815541665,0.5946153846153845
0.6765175718839034,0.40169332078946063,0.5825641025641025
0.7044728434493539,0.4289746001873397,0.6442307692307693
0.6797124600628119,0.397930385700098,0.5783333333333334
0.6869009584653564,0.40451552210648256,0.5358974358974359
0.6853035143759021,0.4063969896511639,0.5583333333333333
0.6829073482417206,0.4092191909681859,0.5485897435897437
0.30591054313050176,0.7732831608640202,0.4358974358974359
0.3226837060697721,0.7629350893682729,0.5769230769230769
0.3218849840250449,0.7619943555959323,0.6025641025641025
0.3186900958461363,0.7582314205065697,0.46474358974358976
0.3282747603828622,0.7695202257746575,0.4273076923076923
0.7052715654940811,0.4054562558788232,0.5064102564102564
0.6876996805100836,0.4261523988703177,0.5470512820512821
0.690095846644265,0.4233301975532957,0.6153846153846154
0.7004792332257181,0.4111006585128672,0.5426923076923077
0.6964856230020823,0.41580432737457046,0.555128205128205
0.6932907348231737,0.4195672624639331,0.5403846153846155
0.6956869009573552,0.4167450611469111,0.5608974358974359
0.6988817891362638,0.41298212605754847,0.5293589743589744
0.6892971245995378,0.42427093132563637,0.5192307692307693
0.6908945686889922,0.42238946378095504,0.5096153846153846
0.699680511180991,0.4120413922852078,0.5865384615384616
0.694888178912628,0.4176857949192518,0.5374358974358975
0.6869009584653564,0.42709313264265836,0.5192307692307693
0.6940894568679008,0.41862652869159245,0.5297435897435897
0.6924920127784465,0.4205079962362738,0.52
0.7028753993598996,0.4082784571958452,0.5192307692307693
0.6916932907337193,0.4214487300086144,0.5162820512820512
0.6980830670915367,0.41392285982988913,0.5312820512820513
0.7092651757177169,0.40075258701711997,0.5769230769230769
0.6972843450468095,0.4148635936022298,0.5221794871794873
0.7036741214046267,0.40733772342350455,0.5085897435897436
0.7012779552704452,0.41015992474052654,0.5358974358974359
0.6565495207657244,0.3245531514575267,0.3269230769230769
0.6373801916922726,0.3170272812788015,0.4198717948717949
0.6405750798711812,0.3132643461894388,0.5071794871794872
0.6549520766762701,0.33019755409157064,0.6128205128205128
0.6557507987209972,0.3311382878639113,0.6146153846153846
0.6381789137369998,0.31796801505114214,0.3675641025641026
0.6389776357817268,0.3189087488234828,0.482051282051282
0.6525559105420886,0.33490122295327396,0.6376923076923077
0.6533546325868157,0.3283160865468893,0.6271794871794872
0.6429712460053627,0.3160865475064608,0.5602564102564103
0.6421725239606355,0.31514581373412015,0.555128205128205
0.6413738019159083,0.3142050799617795,0.5576923076923077
0.6517571884973614,0.3339604891809333,0.6233333333333334
0.6509584664526342,0.33301975540859263,0.6205128205128206
0.6501597444079071,0.33207902163625197,0.6105128205128205
0.639776357826454,0.3198494825958234,0.5205128205128204
0.6581469648551787,0.32643461900220805,0.5544871794871795
0.6541533546315429,0.32925682031923,0.5594871794871795
0.6573482428104516,0.3254938852298674,0.4230769230769231
0.9584664536725903,0.6575729068661194,0.4326923076923077
0.931309904151867,0.685794920036339,0.3717948717948718
0.9297124600624126,0.6763875823129325,0.49269230769230776
0.9576677316278631,0.6566321730937786,0.48717948717948717
0.9592651757173175,0.65851364063846,0.41282051282051285
0.9688498402540434,0.6622765757278226,0.44871794871794873
0.9345047923307755,0.6820319849469765,0.46794871794871795
0.9456869009569557,0.6425211665086689,0.5528205128205129
0.9600638977620446,0.6519285042320754,0.46448717948717955
0.9680511182093162,0.661335841955482,0.40602564102564104
0.9440894568675015,0.6406396989639875,0.5715384615384616
0.9472843450464101,0.6368767638746249,0.4957692307692308
0.9504792332253187,0.6481655691427127,0.5329487179487179
0.9624600638962261,0.6547507055490974,0.46807692307692317
0.9520766773147731,0.650047036687394,0.517051282051282
0.9305111821071398,0.6773283160852731,0.4825641025641026
0.9528753993595002,0.6509877704597348,0.5187179487179486
0.9289137380176855,0.6754468485405918,0.4542307692307693
0.961661341851499,0.6538099717767567,0.46564102564102555
0.9664536741198619,0.6594543744108007,0.46576923076923077
0.956869009583136,0.655691439321438,0.49269230769230776
0.9544728434489546,0.6453433678256908,0.4775641025641026
0.9608626198067718,0.6528692380044161,0.46692307692307694
0.9560702875384088,0.6472248353703721,0.5032051282051282
0.9480830670911372,0.6378174976469656,0.376025641025641
0.9321086261965941,0.6867356538086797,0.3782051282051282
0.926517571883504,0.6801505174022952,0.48717948717948717
0.967252396164589,0.6603951081831413,0.4273076923076923
0.9448881789122286,0.6415804327363281,0.5464102564102564
0.9281150159729583,0.6745061147682512,0.45641025641025634
0.9512779552700459,0.6491063029150534,0.5533333333333333
0.9273162939282311,0.6810912511746358,0.46794871794871795
0.9241214057493226,0.6509877704597348,0.5769230769230769
0.9392971245991385,0.6538099717767567,0.6065384615384616
0.9337060702860485,0.6622765757278226,0.5358974358974359
0.94169329073332,0.6566321730937786,0.6007692307692307
0.9361022364202299,0.6650987770448447,0.5555128205128205
0.9400958466438657,0.6547507055490974,0.6115384615384616
0.9384984025544114,0.6528692380044161,0.6084615384615384
0.9297124600624126,0.6425211665086689,0.7307692307692307
0.936900958464957,0.6660395108171853,0.5548717948717948
0.9305111821071398,0.6434619002810095,0.6617948717948718
0.9408945686885928,0.655691439321438,0.625
0.9345047923307755,0.6632173095001633,0.5705128205128205
0.9376996805096842,0.6519285042320754,0.6134615384615384
0.9281150159729583,0.6406396989639875,0.5555128205128205
0.9353035143755027,0.6641580432725039,0.5647435897435897
0.9289137380176855,0.6415804327363281,0.6538461538461539
0.6365814696475454,0.3113828786447575,0.3974358974358974
0.6357827476028183,0.31232361241709816,0.47012820512820513
0.9257188498387768,0.6481655691427127,0.5705128205128205
0.9353035143755027,0.6519285042320754,0.5974358974358973
0.9384984025544114,0.6632173095001633,0.5426923076923077
0.9337060702860485,0.6575729068661194,0.5051282051282052
0.9392971245991385,0.6660395108171853,0.40769230769230763
0.9281150159729583,0.6453433678256908,0.6089743589743589
0.9249201277940496,0.6491063029150534,0.6282051282051282
0.9345047923307755,0.6528692380044161,0.6410256410256411
0.936900958464957,0.6538099717767567,0.6124358974358974
0.926517571883504,0.6509877704597348,0.5811538461538461
0.9408945686885928,0.6603951081831413,0.5705128205128205
0.9432907348227743,0.661335841955482,0.5384615384615384
0.9376996805096842,0.6641580432725039,0.5098717948717948
0.94169329073332,0.6594543744108007,0.5288461538461539
0.9289137380176855,0.6444026340533502,0.6730769230769231
0.9361022364202299,0.6547507055490974,0.592948717948718
0.3162939297119548,0.7347130761980533,0.5726923076923077
0.3138977635777733,0.7394167450597565,0.5085897435897436
0.32747603833813504,0.7516462841001851,0.5683333333333334
0.32667731629340785,0.754468485417207,0.47115384615384615
0.3258785942486807,0.7535277516448664,0.5055128205128206
0.3242811501592264,0.7554092191895477,0.5384615384615384
0.31469648562250047,0.7365945437427346,0.5128205128205128
0.3298722044723165,0.7507055503278444,0.6025641025641025
0.3290734824275893,0.7497648165555038,0.6282051282051282
0.3218849840250449,0.7450611476938005,0.4326923076923077
0.312300319488319,0.7412982126044378,0.5085897435897436
0.3194888178908634,0.7460018814661411,0.4166666666666667
0.3202875399355906,0.7469426152384818,0.5096153846153846
0.3186900958461363,0.7488240827831631,0.5298717948717948
0.10063897763562199,0.050799623706395486,0.3119230769230769
0.10862619808289357,0.06020696142980206,0.3782051282051282
0.1078274760381664,0.057384760112780084,0.358974358974359
0.10702875399343925,0.05832549388512075,0.32474358974358974
0.10543130990398493,0.05644402634043943,0.3675641025641026
0.1062300319487121,0.05550329256809877,0.3348717948717949
0.10463258785925778,0.05362182502341746,0.38884615384615384
0.10942492012762073,0.0592662276574614,0.3141025641025641
0.12220447284325527,0.04421448730001089,0.17525641025641028
0.664536741212996,0.4092191909681859,0.6089743589743589
0.6669329073471775,0.40451552210648256,0.5358974358974359
0.6717252396155404,0.40263405456180124,0.5939743589743589
0.3570287539930399,0.7695202257746575,0.40384615384615385
0.6733226837049947,0.3969896519277573,0.6452564102564102
0.6821086261969934,0.4148635936022298,0.5769230769230769
0.690095846644265,0.43932267168308686,0.47858974358974354
0.6876996805100836,0.41392285982988913,0.5225641025641027
0.699680511180991,0.428033866414999,0.5
0.6861022364206293,0.4120413922852078,0.5460256410256411
0.6916932907337193,0.43367826904904294,0.4967948717948718
0.7004792332257181,0.4289746001873397,0.5470512820512821
0.6741214057497219,0.397930385700098,0.5939743589743589
0.6869009584653564,0.41298212605754847,0.5302564102564102
0.694888178912628,0.42991533395968035,0.48461538461538456
0.6956869009573552,0.43085606773202095,0.5641025641025641
0.6709265175708132,0.40169332078946063,0.5878205128205127
0.6940894568679008,0.43650047036606493,0.5214102564102564
0.6924920127784465,0.4346190028213836,0.45294871794871794
0.6853035143759021,0.4111006585128672,0.5262820512820513
0.6980830670915367,0.4261523988703177,0.6153846153846154
0.6972843450468095,0.4327375352767023,0.7265384615384616
0.6988817891362638,0.42709313264265836,0.5384615384615384
0.6813099041522663,0.4214487300086144,0.5384615384615384
0.6725239616602675,0.39604891815541665,0.5737179487179487
0.6805111821075391,0.4205079962362738,0.5833333333333334
0.6845047923311749,0.4176857949192518,0.5
0.6677316293919046,0.4054562558788232,0.5752564102564103
0.674920127794449,0.39887111947243864,0.6228205128205128
0.6685303514366318,0.4063969896511639,0.6624358974358975
0.6829073482417206,0.41580432737457046,0.5673076923076923
0.6837060702864478,0.4167450611469111,0.5384615384615384
0.6773162939286305,0.42427093132563637,0.5448717948717948
0.669329073481359,0.3998118532447793,0.625
0.6637380191682688,0.4082784571958452,0.6196153846153846
0.36102236421667566,0.7666980244576356,0.4807692307692308
0.670127795526086,0.40075258701711997,0.5855128205128205
0.9297124600624126,0.6679209783618666,0.5683333333333334
0.9289137380176855,0.6688617121342072,0.48294871794871796
0.9321086261965941,0.6952022577597456,0.4401282051282051
0.9496805111805916,0.6444026340533502,0.42948717948717946
0.9520766773147731,0.6415804327363281,0.376025641025641
0.9688498402540434,0.6519285042320754,0.38935897435897443
0.9664536741198619,0.6547507055490974,0.45320512820512815
0.9472843450464101,0.6472248353703721,0.5802564102564103
0.961661341851499,0.6603951081831413,0.3974358974358974
0.9640575079856805,0.6575729068661194,0.43897435897435894
0.9656549520751347,0.655691439321438,0.4316666666666667
0.9456869009569557,0.6491063029150534,0.5858974358974359
0.9448881789122286,0.650047036687394,0.6125641025641025
0.9648562300304075,0.6566321730937786,0.4348717948717949
0.9464856230016829,0.6481655691427127,0.584871794871795
0.9329073482413213,0.6942615239874049,0.4358974358974359
0.9488817891358644,0.6453433678256908,0.5256410256410257
0.967252396164589,0.6538099717767567,0.4358974358974359
0.9632587859409533,0.65851364063846,0.4396153846153847
0.9273162939282311,0.6707431796788885,0.44871794871794873
0.926517571883504,0.6716839134512292,0.4230769230769231
0.9305111821071398,0.6669802445895259,0.5128205128205128
0.9440894568675015,0.6509877704597348,0.6671794871794873
0.9480830670911372,0.6462841015980315,0.5438461538461539
0.9624600638962261,0.6594543744108007,0.4333333333333333
0.9680511182093162,0.6528692380044161,0.4374358974358975
0.9608626198067718,0.661335841955482,0.3974358974358974
0.3418530351432239,0.7412982126044378,0.5
0.34904153354576833,0.7478833490108224,0.6602564102564102
0.34025559105376957,0.7394167450597565,0.5897435897435898
0.34584664536685966,0.7441204139214598,0.3717948717948718
0.3242811501592264,0.7206020696129434,0.5128205128205128
0.3258785942486807,0.7224835371576247,0.5897435897435898
0.33067092651704366,0.7281279397916687,0.5576923076923077
0.3226837060697721,0.718720602068262,0.6025641025641025
0.32667731629340785,0.721542803385284,0.6025641025641025
0.3290734824275893,0.7262464722469874,0.5717948717948718
0.3498402555904955,0.7507055503278444,0.532051282051282
0.34824281150104114,0.7488240827831631,0.6452564102564102
0.3506389776352226,0.7497648165555038,0.5256410256410257
0.3354632587854066,0.7337723424257125,0.6217948717948718
0.32747603833813504,0.724365004702306,0.5608974358974359
0.3514376996799498,0.7525870178725257,0.532051282051282
0.3314696485617708,0.727187206019328,0.5342307692307693
0.3378594249195881,0.7347130761980533,0.6474358974358975
0.34664536741158686,0.7469426152384818,0.7478205128205128
0.33626198083013376,0.7328316086533719,0.5705128205128205
0.3298722044723165,0.7253057384746466,0.5402564102564102
0.347444089456314,0.7460018814661411,0.6538461538461539
0.6605431309893601,0.4054562558788232,0.6217948717948718
0.3682108626192201,0.7497648165555038,0.4538461538461539
0.6557507987209972,0.39604891815541665,0.5064102564102564
0.6565495207657244,0.41015992474052654,0.5256410256410257
0.6581469648551787,0.4082784571958452,0.5288461538461539
0.659744408944633,0.4063969896511639,0.5448717948717948
0.3666134185297658,0.7516462841001851,0.44448717948717953
0.2140575079868785,0.6095954844767458,0.4316666666666667
0.6349840255580911,0.3254938852298674,0.2692307692307692
0.6988817891362638,0.3744120413915816,0.5855128205128205
0.6741214057497219,0.3452492944490212,0.6666666666666666
0.699680511180991,0.3753527751639222,0.5641025641025641
0.6789137380180849,0.3508936970830651,0.6442307692307693
0.6908945686889922,0.37253057384690025,0.6039743589743589
0.6964856230020823,0.37911571025328483,0.5641025641025641
0.6709265175708132,0.3490122295383838,0.6496153846153846
0.6805111821075391,0.35277516462774644,0.6432051282051282
0.6781150159733577,0.3574788334894497,0.6598717948717948
0.6773162939286305,0.35653809971710904,0.6426923076923077
0.6821086261969934,0.362182502351153,0.6844871794871795
0.6813099041522663,0.3537158984000871,0.6769230769230768
0.6765175718839034,0.35559736594476843,0.658076923076923
0.6876996805100836,0.36124176857881235,0.6725641025641025
0.6892971245995378,0.3706491063022189,0.6835897435897434
0.6924920127784465,0.36688617121285627,0.6521794871794873
0.690095846644265,0.3715898400745596,0.6416666666666666
0.6853035143759021,0.35841956726179036,0.6626923076923077
0.6677316293919046,0.3377234242702959,0.6346153846153846
0.664536741212996,0.34148635935965854,0.5384615384615384
0.6629392971235416,0.3396048918149772,0.5803846153846154
0.6637380191682688,0.3405456255873179,0.5952564102564103
0.6669329073471775,0.3367826904979553,0.4273076923076923
0.6829073482417206,0.3631232361234937,0.6839743589743589
0.6884984025548108,0.36970837252987826,0.6538461538461539
0.6653354632577231,0.3424270931319992,0.4807692307692308
0.6916932907337193,0.3659454374405156,0.6493589743589744
0.6837060702864478,0.36406396989583434,0.632948717948718
0.6869009584653564,0.3603010348064717,0.6853846153846153
0.6757188498391762,0.35465663217242777,0.7066666666666668
0.670127795526086,0.3480714957660431,0.6602564102564102
0.7004792332257181,0.37629350893626284,0.5448717948717948
0.6940894568679008,0.3687676387575376,0.6333333333333334
0.6980830670915367,0.3734713076192409,0.6333333333333334
0.6797124600628119,0.3518344308554058,0.6115384615384616
0.6845047923311749,0.365004703668175,0.6267948717948718
0.6861022364206293,0.359360301034131,0.6766666666666666
0.6932907348231737,0.36782690498519693,0.6282051282051282
0.6549520766762701,0.3518344308554058,0.5743589743589743
0.6605431309893601,0.3603010348064717,0.6461538461538462
0.659744408944633,0.36124176857881235,0.6602564102564102
0.6533546325868157,0.3537158984000871,0.5939743589743589
0.6541533546315429,0.35277516462774644,0.5769230769230769
0.644568690094817,0.3490122295383838,0.5256410256410257
0.6565495207657244,0.365004703668175,0.6837179487179487
0.6589456868999058,0.362182502351153,0.6442307692307693
0.6573482428104516,0.36406396989583434,0.6666666666666666
0.6581469648551787,0.3631232361234937,0.6410256410256411
0.6174121405740935,0.3659454374405156,0.5128205128205128
0.6461661341842713,0.34713076199370246,0.532051282051282
0.6150159744399121,0.3687676387575376,0.5705128205128205
0.6453674121395442,0.3480714957660431,0.5641025641025641
0.6621405750788145,0.35841956726179036,0.7221794871794872
0.6525559105420886,0.35465663217242777,0.5448717948717948
0.6613418530340873,0.359360301034131,0.7083333333333334
0.6469648562289985,0.34619002822136186,0.5589743589743589
0.6485623003184527,0.34430856067668053,0.6153846153846154
0.6493610223631799,0.34336782690433987,0.6217948717948718
0.6429712460053627,0.3358419567256146,0.5448717948717948
0.07667731629380722,0.007525870178725257,0.38461538461538464
0.08865814696471461,0.0197554092191538,0.5555128205128205
0.09424920127780471,0.028222013170219714,0.33653846153846156
0.09265175718835039,0.0263405456255384,0.33897435897435896
0.09345047923307756,0.025399811853197743,0.5243589743589744
0.09025559105416892,0.021636876763835116,0.5655128205128205
0.09105431309889608,0.024459078080857087,0.5534615384615384
0.09185303514362324,0.023518344308516428,0.5844871794871795
0.07348242811489859,0.0037629350893626286,0.3269230769230769
0.08945686900944176,0.022577610536175772,0.57
0.08785942491998745,0.020696142991494457,0.4551282051282051
0.09664536741198619,0.0395108184383076,0.3662820512820512
0.09584664536725904,0.038570084665966946,0.3034615384615385
0.09504792332253187,0.04139228598298891,0.38461538461538464
0.332268370606498,0.7629350893682729,0.4935897435897436
0.3314696485617708,0.7619943555959323,0.28205128205128205
0.33306709265122514,0.7638758231406136,0.5555128205128205
0.3338658146959523,0.7572906867342291,0.6007692307692307
0.3410543130984967,0.765757290685295,0.5530769230769231
0.34025559105376957,0.7648165569129542,0.5624358974358975
0.3450479233221325,0.7779868297257234,0.5064102564102564
0.33865814696431523,0.7704609595469982,0.4410256410256411
0.33626198083013376,0.760112888051251,0.5985897435897436
0.3434504792326782,0.7761053621810422,0.507948717948718
0.34584664536685966,0.7789275634980641,0.48717948717948717
0.34664536741158686,0.7723424270916796,0.5569230769230769
0.3418530351432239,0.7666980244576356,0.4384615384615385
0.347444089456314,0.7732831608640202,0.5512820512820513
0.33945686900904243,0.7714016933193388,0.5487179487179487
0.3378594249195881,0.7695202257746575,0.5288461538461539
0.3354632587854066,0.7591721542789103,0.6107692307692307
0.34824281150104114,0.7742238946363609,0.40064102564102566
0.34265175718795104,0.7676387582299762,0.52
0.3498402555904955,0.7836312323597674,0.358974358974359
0.33706070287486095,0.7685794920023169,0.47435897435897434
0.3346645367406795,0.7582314205065697,0.6057692307692307
0.11022364217234788,0.004703668861703285,0.4358974358974359
0.1118210862618022,0.0065851364063846,0.40384615384615385
0.10303514376980347,0.01881467544681314,0.44871794871794873
0.115814696485438,0.03386641580426366,0.2692307692307692
0.10143769968034914,0.01693320790213183,0.48717948717948717
0.10862619808289357,0.010348071495747228,0.5048717948717948
0.10543130990398493,0.014111006585109857,0.488974358974359
0.10702875399343925,0.008466603951065915,0.46666666666666673
0.1022364217250763,0.017873941674472486,0.5114102564102564
0.10942492012762073,0.011288805268087886,0.5098717948717948
0.10463258785925778,0.0131702728127692,0.5038461538461538
0.1078274760381664,0.00940733772340657,0.47974358974358977
0.10063897763562199,0.01599247412979117,0.48141025641025637
0.1062300319487121,0.015051740357450515,0.48538461538461536
0.10383386581453062,0.012229539040428544,0.40884615384615386
0.11341853035125653,0.031044214487241685,0.376025641025641
0.12060702875380094,0.024459078080857087,0.42948717948717946
0.11661341853016516,0.027281279397879058,0.35128205128205137
0.11102236421707505,0.005644402634043943,0.5342307692307693
0.11741214057489231,0.028222013170219714,0.3794871794871794
0.11900958466434663,0.03010348071490103,0.3525641025641026
0.08546325878580598,0.01693320790213183,0.5576923076923077
0.09025559105416892,0.022577610536175772,0.5626923076923077
0.09345047923307756,0.0263405456255384,0.4765384615384616
0.09105431309889608,0.023518344308516428,0.5353846153846155
0.09265175718835039,0.025399811853197743,0.5312820512820513
0.09504792332253187,0.028222013170219714,0.376025641025641
0.09185303514362324,0.024459078080857087,0.5669230769230769
0.08945686900944176,0.021636876763835116,0.511025641025641
0.09824281150144051,0.03198494825958234,0.4166666666666667
0.09424920127780471,0.027281279397879058,0.30128205128205127
0.08386581469635165,0.015051740357450515,0.3974358974358974
0.6134185303504578,0.2681091251170873,0.532051282051282
0.6174121405740935,0.27281279397879055,0.4423076923076923
0.6661341853024503,0.3339604891809333,0.6506410256410257
0.6637380191682688,0.3311382878639113,0.5897435897435898
0.6509584664526342,0.3800564440256255,0.34294871794871795
0.6190095846635479,0.3574788334894497,0.46794871794871795
0.6238019169319109,0.3518344308554058,0.46794871794871795
0.6589456868999058,0.3706491063022189,0.75
0.6549520766762701,0.3734713076192409,0.5730769230769232
0.6581469648551787,0.36970837252987826,0.7088461538461539
0.6214057507977294,0.35277516462774644,0.5214102564102564
0.6517571884973614,0.3772342427086035,0.46794871794871795
0.6493610223631799,0.3819379115703068,0.6602564102564102
0.6613418530340873,0.3659454374405156,0.6553846153846155
0.6605431309893601,0.3687676387575376,0.6769230769230768
0.659744408944633,0.36782690498519693,0.6846153846153847
0.6573482428104516,0.37253057384690025,0.6560256410256411
0.6501597444079071,0.37911571025328483,0.3717948717948718
0.6565495207657244,0.3715898400745596,0.6111538461538462
0.6621405750788145,0.36688617121285627,0.6410256410256411
0.6541533546315429,0.37629350893626284,0.39961538461538465
0.6206070287530022,0.35559736594476843,0.4817948717948718
0.6533546325868157,0.3753527751639222,0.48461538461538456
0.6222044728424565,0.3537158984000871,0.4962820512820512
0.6230031948871837,0.3508936970830651,0.5064102564102564
0.6437699680500898,0.32925682031923,0.48717948717948717
0.6485623003184527,0.33490122295327396,0.5441025641025641
0.6373801916922726,0.32173095014050473,0.5
0.6429712460053627,0.32643461900220805,0.6217948717948718
0.6493610223631799,0.3339604891809333,0.6089743589743589
0.639776357826454,0.3226716839128454,0.5585897435897434
0.6477635782737257,0.33207902163625197,0.5448717948717948
0.6413738019159083,0.3245531514575267,0.5769230769230769
0.6389776357817268,0.32361241768518606,0.523076923076923
0.6421725239606355,0.3273753527745487,0.5673076923076923
0.6461661341842713,0.33019755409157064,0.6217948717948718
0.6405750798711812,0.3254938852298674,0.5587179487179487
0.6469648562289985,0.33301975540859263,0.5897435897435898
0.6381789137369998,0.32079021636816407,0.507948717948718
0.9488817891358644,0.6444026340533502,0.27294871794871806
0.961661341851499,0.6594543744108007,0.36538461538461536
0.9297124600624126,0.6669802445895259,0.4692307692307692
0.9337060702860485,0.6942615239874049,0.44448717948717953
0.926517571883504,0.6707431796788885,0.5128205128205128
0.9656549520751347,0.6566321730937786,0.4321794871794871
0.967252396164589,0.6547507055490974,0.4417948717948717
0.9440894568675015,0.650047036687394,0.6162820512820512
0.9456869009569557,0.6481655691427127,0.6111538461538462
0.9480830670911372,0.6472248353703721,0.5702564102564103
0.9464856230016829,0.6491063029150534,0.5951282051282052
0.9648562300304075,0.655691439321438,0.4438461538461539
0.9688498402540434,0.6528692380044161,0.3525641025641026
0.9560702875384088,0.6378174976469656,0.36538461538461536
0.9640575079856805,0.65851364063846,0.4193589743589743
0.9632587859409533,0.6575729068661194,0.4316666666666667
0.9448881789122286,0.6509877704597348,0.6356410256410256
0.9472843450464101,0.6462841015980315,0.6107692307692307
0.9664536741198619,0.6538099717767567,0.44397435897435894
0.9680511182093162,0.6519285042320754,0.4401282051282051
0.9608626198067718,0.6622765757278226,0.3525641025641026
0.08067092651744302,0.07055503292554928,0.33653846153846156
0.09824281150144051,0.09125117591704375,0.22435897435897437
0.6341853035133639,0.362182502351153,0.5448717948717948
0.6509584664526342,0.3819379115703068,0.6666666666666666
0.6533546325868157,0.38476011288732875,0.42948717948717946
0.6333865814686368,0.36124176857881235,0.4593589743589743
0.6565495207657244,0.3885230479766914,0.5256410256410257
0.6309904153344553,0.35841956726179036,0.492051282051282
0.6549520766762701,0.3866415804320101,0.38884615384615384
0.6325878594239096,0.3603010348064717,0.4807692307692308
0.6613418530340873,0.3941674506107353,0.5801282051282052
0.6493610223631799,0.3800564440256255,0.38884615384615384
0.6253993610213652,0.3518344308554058,0.45641025641025634
0.6261980830660924,0.35277516462774644,0.4985897435897436
0.659744408944633,0.39228598306605406,0.5496153846153847
0.6317891373791824,0.359360301034131,0.5088461538461538
0.6277955271555467,0.35465663217242777,0.4565384615384615
0.6573482428104516,0.38946378174903207,0.5357692307692309
0.6589456868999058,0.3913452492937134,0.4957692307692308
0.6581469648551787,0.39040451552137273,0.5256410256410257
0.6605431309893601,0.39322671683839466,0.4551282051282051
0.6477635782737257,0.37817497648094417,0.42948717948717946
0.6285942492002738,0.35559736594476843,0.4914102564102564
0.6301916932897281,0.3574788334894497,0.47243589743589737
0.6269968051108195,0.3537158984000871,0.4834615384615384
0.6293929712450009,0.35653809971710904,0.4398717948717949
0.624600638976638,0.3508936970830651,0.48717948717948717
0.6357827476028183,0.36406396989583434,0.47858974358974354
0.6349840255580911,0.3631232361234937,0.4551282051282051
0.12300319488798242,0.0592662276574614,0.28205128205128205
0.12060702875380094,0.06396989651916468,0.38461538461538464
0.12220447284325527,0.06208842897448337,0.41025641025641024
0.12460063897743674,0.057384760112780084,0.4358974358974359
0.12380191693270959,0.06020696142980206,0.3685897435897436
0.664536741212996,0.4082784571958452,0.5512820512820513
0.6653354632577231,0.40733772342350455,0.5641025641025641
0.6853035143759021,0.41392285982988913,0.5453846153846155
0.674920127794449,0.39604891815541665,0.623974358974359
0.6741214057497219,0.3969896519277573,0.5705128205128205
0.6837060702864478,0.41580432737457046,0.5743589743589743
0.6717252396155404,0.3998118532447793,0.5732051282051281
0.6845047923311749,0.4148635936022298,0.5737179487179487
0.6869009584653564,0.4120413922852078,0.5415384615384615
0.6813099041522663,0.41862652869159245,0.5384615384615384
0.6677316293919046,0.40451552210648256,0.5576923076923077
0.670127795526086,0.40169332078946063,0.5641025641025641
0.6876996805100836,0.4111006585128672,0.5464102564102564
0.6685303514366318,0.4035747883341419,0.5461538461538461
0.710063897762444,0.44496707431713084,0.5769230769230769
0.6932907348231737,0.4346190028213836,0.47012820512820513
0.6924920127784465,0.43555973659372427,0.48717948717948717
0.694888178912628,0.4327375352767023,0.5256410256410257
0.6964856230020823,0.43085606773202095,0.5993589743589743
0.6972843450468095,0.42991533395968035,0.5842307692307691
0.6980830670915367,0.4289746001873397,0.5544871794871795
0.6861022364206293,0.41298212605754847,0.5407692307692309
0.6805111821075391,0.4195672624639331,0.5641025641025641
0.699680511180991,0.42709313264265836,0.5811538461538461
0.6956869009573552,0.4317968015043616,0.5641025641025641
0.6781150159733577,0.42238946378095504,0.5256410256410257
0.6940894568679008,0.43367826904904294,0.5064102564102564
0.7004792332257181,0.4261523988703177,0.5911538461538461
0.6988817891362638,0.428033866414999,0.6324358974358975
0.6797124600628119,0.4205079962362738,0.5426923076923077
0.6829073482417206,0.4167450611469111,0.5192307692307693
0.6709265175708132,0.40075258701711997,0.6826923076923077
0.6733226837049947,0.397930385700098,0.6333333333333334
0.669329073481359,0.40263405456180124,0.5769230769230769
0.6725239616602675,0.39887111947243864,0.5993589743589743
0.6669329073471775,0.4054562558788232,0.6153846153846154
0.6629392971235416,0.41015992474052654,0.5576923076923077
0.08945686900944176,0.0395108184383076,0.5085897435897436
0.09984025559089482,0.04233301975532957,0.3794871794871794
0.0830670926516245,0.06208842897448337,0.46153846153846156
0.09744408945671335,0.045155221072351544,0.33974358974358976
0.08386581469635165,0.061147695202142714,0.4423076923076923
0.09824281150144051,0.04421448730001089,0.35320512820512817
0.08865814696471461,0.04045155221064826,0.48717948717948717
0.09904153354616767,0.04327375352767023,0.376025641025641
0.6405750798711812,0.397930385700098,0.6602564102564102
0.7004792332257181,0.3574788334894497,0.5939743589743589
0.674920127794449,0.38758231420435074,0.6889743589743589
0.6908945686889922,0.36124176857881235,0.6747435897435897
0.699680511180991,0.35653809971710904,0.637051282051282
0.6653354632577231,0.3913452492937134,0.5242307692307693
0.6988817891362638,0.35559736594476843,0.6264102564102564
0.690095846644265,0.3603010348064717,0.6847435897435897
0.6924920127784465,0.3631232361234937,0.6484615384615384
0.6829073482417206,0.36688617121285627,0.6737179487179487
0.6837060702864478,0.36782690498519693,0.69
0.6773162939286305,0.3753527751639222,0.6808974358974359
0.6741214057497219,0.3866415804320101,0.6887179487179487
0.6669329073471775,0.39322671683839466,0.5769230769230769
0.6733226837049947,0.3857008466596694,0.6828205128205129
0.6805111821075391,0.37911571025328483,0.6858974358974359
0.6940894568679008,0.365004703668175,0.6778205128205129
0.6797124600628119,0.37817497648094417,0.6680769230769231
0.664536741212996,0.39040451552137273,0.507948717948718
0.670127795526086,0.3819379115703068,0.6212820512820512
0.6717252396155404,0.3838193791149881,0.6542307692307693
0.6861022364206293,0.3706491063022189,0.6814102564102564
0.6869009584653564,0.3715898400745596,0.6755128205128205
0.6781150159733577,0.37629350893626284,0.6932051282051281
0.6637380191682688,0.38946378174903207,0.520128205128205
0.6845047923311749,0.3687676387575376,0.6984615384615385
0.669329073481359,0.38099717779796616,0.6212820512820512
0.6789137380180849,0.3772342427086035,0.6884615384615385
0.6765175718839034,0.3744120413915816,0.684871794871795
0.6757188498391762,0.3734713076192409,0.6791025641025641
0.6821086261969934,0.3659454374405156,0.6726923076923077
0.6709265175708132,0.3828786453426475,0.6265384615384616
0.6725239616602675,0.38476011288732875,0.6652564102564102
0.6813099041522663,0.3800564440256255,0.68
0.6853035143759021,0.36970837252987826,0.6880769230769231
0.6629392971235416,0.3885230479766914,0.555128205128205
0.6661341853024503,0.39228598306605406,0.5544871794871795
0.6956869009573552,0.3518344308554058,0.5976923076923077
0.6876996805100836,0.37253057384690025,0.6644871794871795
0.6980830670915367,0.35465663217242777,0.6367948717948718
0.6892971245995378,0.359360301034131,0.6533333333333332
0.6932907348231737,0.36406396989583434,0.637051282051282
0.6884984025548108,0.35841956726179036,0.6666666666666666
0.6677316293919046,0.3941674506107353,0.5897435897435898
0.6916932907337193,0.362182502351153,0.6426923076923077
0.6972843450468095,0.3537158984000871,0.6410256410256411
0.694888178912628,0.3508936970830651,0.623974358974359
0.3130990415330462,0.7695202257746575,0.5939743589743589
0.312300319488319,0.7704609595469982,0.45294871794871794
0.3138977635777733,0.7685794920023169,0.5
0.3290734824275893,0.7808090310427455,0.5641025641025641
0.3242811501592264,0.7864534336767893,0.5064102564102564
0.32507987220395357,0.7855126999044487,0.5128205128205128
0.3282747603828622,0.7817497648150861,0.5160256410256411
0.32667731629340785,0.7836312323597674,0.5064102564102564
0.3298722044723165,0.7798682972704047,0.5470512820512821
0.13578274760361697,0.022577610536175772,0.1762820512820513
0.33706070287486095,0.7723424270916796,0.5128205128205128
0.347444089456314,0.7695202257746575,0.5357692307692309
0.34025559105376957,0.7761053621810422,0.5448717948717948
0.3418530351432239,0.7779868297257234,0.5015384615384616
0.33067092651704366,0.7798682972704047,0.5641025641025641
0.33945686900904243,0.7751646284087015,0.4983333333333334
0.33865814696431523,0.7742238946363609,0.4882051282051282
0.3506389776352226,0.7582314205065697,0.4783333333333334
0.3378594249195881,0.7732831608640202,0.4692307692307692
0.3538338658141313,0.7619943555959323,0.4832051282051282
0.3434504792326782,0.7648165569129542,0.5
0.34824281150104114,0.7704609595469982,0.5294871794871795
0.35543130990358557,0.7638758231406136,0.5294871794871795
0.3514376996799498,0.7591721542789103,0.5007692307692307
0.3450479233221325,0.7666980244576356,0.48717948717948717
0.35223642172467695,0.760112888051251,0.46794871794871795
0.34584664536685966,0.7676387582299762,0.5307692307692309
0.3530351437694041,0.7610536218235916,0.4698717948717949
0.35463258785885843,0.7629350893682729,0.4974358974358974
0.3410543130984967,0.7770460959533828,0.5128205128205128
0.3498402555904955,0.7572906867342291,0.5278205128205128
0.3442492012774054,0.765757290685295,0.5042307692307693
0.34664536741158686,0.7685794920023169,0.5137179487179486
0.3314696485617708,0.7808090310427455,0.3974358974358974
0.32667731629340785,0.790216368766152,0.5641025641025641
0.332268370606498,0.7817497648150861,0.5384615384615384
0.34904153354576833,0.7714016933193388,0.5666666666666667
0.34265175718795104,0.7789275634980641,0.5153846153846154
0.6629392971235416,0.4063969896511639,0.5641025641025641
0.35782747603776704,0.765757290685295,0.4935897435897436
0.6637380191682688,0.4054562558788232,0.6282051282051282
0.6869009584653564,0.41580432737457046,0.511923076923077
0.6956869009573552,0.428033866414999,0.5952564102564103
0.6821086261969934,0.41392285982988913,0.5576923076923077
0.6709265175708132,0.3969896519277573,0.5983333333333334
0.6837060702864478,0.4120413922852078,0.5473076923076923
0.6717252396155404,0.39604891815541665,0.6375641025641026
0.664536741212996,0.40451552210648256,0.5457692307692307
0.6964856230020823,0.42709313264265836,0.5967948717948718
0.6725239616602675,0.40263405456180124,0.594871794871795
0.674920127794449,0.3998118532447793,0.625
0.6741214057497219,0.40075258701711997,0.6153846153846154
0.6829073482417206,0.41298212605754847,0.5439743589743591
0.6876996805100836,0.4148635936022298,0.5420512820512821
0.6924920127784465,0.43932267168308686,0.391025641025641
0.6980830670915367,0.4327375352767023,0.47012820512820513
0.6972843450468095,0.4261523988703177,0.6060256410256409
0.6845047923311749,0.4111006585128672,0.5219230769230768
0.6932907348231737,0.43838193791074626,0.28846153846153844
0.694888178912628,0.4289746001873397,0.6025641025641025
0.6661341853024503,0.41015992474052654,0.6089743589743589
0.6940894568679008,0.4374412041384056,0.5064102564102564
0.6861022364206293,0.4167450611469111,0.5256410256410257
0.6853035143759021,0.4176857949192518,0.5165384615384616
0.6677316293919046,0.4082784571958452,0.4935897435897436
0.6813099041522663,0.42238946378095504,0.5128205128205128
0.669329073481359,0.39887111947243864,0.6367948717948718
0.670127795526086,0.397930385700098,0.5983333333333334
0.6653354632577231,0.4035747883341419,0.5801282051282052
0.6733226837049947,0.40169332078946063,0.6217948717948718
0.6781150159733577,0.41862652869159245,0.5683333333333334
0.7196485622991698,0.4092191909681859,0.5384615384615384
0.659744408944633,0.3800564440256255,0.42538461538461547
0.6549520766762701,0.3706491063022189,0.6080769230769232
0.6341853035133639,0.34995296331072445,0.46525641025641035
0.6541533546315429,0.3715898400745596,0.6089743589743589
0.6222044728424565,0.36406396989583434,0.47705128205128194
0.6565495207657244,0.37629350893626284,0.6025641025641025
0.6533546325868157,0.37253057384690025,0.5384615384615384
0.6214057507977294,0.365004703668175,0.4897435897435898
0.6190095846635479,0.3603010348064717,0.41884615384615387
0.6621405750788145,0.3772342427086035,0.6708974358974359
0.6581469648551787,0.3744120413915816,0.6435897435897436
0.6230031948871837,0.3631232361234937,0.4807692307692308
0.6573482428104516,0.3753527751639222,0.617948717948718
0.6238019169319109,0.362182502351153,0.45217948717948714
0.6589456868999058,0.3734713076192409,0.6624358974358975
0.6605431309893601,0.37911571025328483,0.6111538461538462
0.6206070287530022,0.35841956726179036,0.482051282051282
0.6613418530340873,0.37817497648094417,0.6353846153846154
0.11980830670907379,0.0526810912510768,0.20089743589743592
0.12220447284325527,0.04985888993405483,0.28205128205128205
0.11661341853016516,0.06396989651916468,0.33974358974358976
0.11821086261961947,0.06208842897448337,0.32051282051282054
0.11741214057489231,0.06302916274682403,0.3375641025641025
0.12060702875380094,0.05174035747873614,0.30128205128205127
0.10143769968034914,0.04421448730001089,0.358974358974359
0.11341853035125653,0.06020696142980206,0.33974358974358976
0.6781150159733577,0.38476011288732875,0.6784615384615384
0.7012779552704452,0.3574788334894497,0.6410256410256411
0.7036741214046267,0.35465663217242777,0.6121794871794872
0.6869009584653564,0.38946378174903207,0.6035897435897436
0.6757188498391762,0.38758231420435074,0.6767948717948719
0.664536741212996,0.3706491063022189,0.7026923076923077
0.6741214057497219,0.3744120413915816,0.7087179487179487
0.6845047923311749,0.39228598306605406,0.5894871794871795
0.674920127794449,0.3734713076192409,0.6717948717948719
0.7028753993598996,0.35559736594476843,0.5885897435897436
0.669329073481359,0.3800564440256255,0.6257692307692307
0.6637380191682688,0.3715898400745596,0.7058974358974359
0.6629392971235416,0.37253057384690025,0.6880769230769231
0.6876996805100836,0.3885230479766914,0.5944871794871796
0.6733226837049947,0.3753527751639222,0.7038461538461539
0.6765175718839034,0.3866415804320101,0.6706410256410257
0.670127795526086,0.37911571025328483,0.6346153846153846
0.6653354632577231,0.36970837252987826,0.6946153846153847
0.6685303514366318,0.3659454374405156,0.6970512820512821
0.6725239616602675,0.37629350893626284,0.6844871794871795
0.6661341853024503,0.3687676387575376,0.6876923076923077
0.6709265175708132,0.37817497648094417,0.6617948717948718
0.6853035143759021,0.3913452492937134,0.6066666666666666
0.6837060702864478,0.39322671683839466,0.6023076923076923
0.6829073482417206,0.3941674506107353,0.5861538461538461
0.6821086261969934,0.395108184383076,0.587948717948718
0.6813099041522663,0.38099717779796616,0.6787179487179487
0.6805111821075391,0.3819379115703068,0.6761538461538461
0.6789137380180849,0.3838193791149881,0.6679487179487179
0.6677316293919046,0.36688617121285627,0.7014102564102563
0.6669329073471775,0.36782690498519693,0.6973076923076923
0.6797124600628119,0.3828786453426475,0.6558974358974359
0.6773162939286305,0.3857008466596694,0.6532051282051282
0.7020766773151724,0.35653809971710904,0.6324358974358975
0.6717252396155404,0.3772342427086035,0.6824358974358975
0.6861022364206293,0.39040451552137273,0.6082051282051282
0.7004792332257181,0.34336782690433987,0.6538461538461539
0.6956869009573552,0.3490122295383838,0.6410256410256411
0.7052715654940811,0.35277516462774644,0.5897435897435898
0.6773162939286305,0.3490122295383838,0.6217948717948718
0.7036741214046267,0.3800564440256255,0.5576923076923077
0.6781150159733577,0.34995296331072445,0.5769230769230769
0.6916932907337193,0.3885230479766914,0.6987179487179487
0.6956869009573552,0.3857008466596694,0.5769230769230769
0.6940894568679008,0.3913452492937134,0.5801282051282052
0.6924920127784465,0.38946378174903207,0.5897435897435898
0.670127795526086,0.35559736594476843,0.6121794871794872
0.7012779552704452,0.3772342427086035,0.5641025641025641
0.690095846644265,0.3941674506107353,0.5612820512820513
0.6717252396155404,0.3574788334894497,0.6788461538461539
0.6709265175708132,0.35653809971710904,0.6592307692307693
0.6908945686889922,0.395108184383076,0.523076923076923
0.6653354632577231,0.365004703668175,0.6878205128205129
0.664536741212996,0.36406396989583434,0.6976923076923077
0.6741214057497219,0.35277516462774644,0.6989743589743589
0.6884984025548108,0.39228598306605406,0.5883333333333334
0.6725239616602675,0.3508936970830651,0.7435897435897436
0.6629392971235416,0.362182502351153,0.6737179487179487
0.7052715654940811,0.3744120413915816,0.523076923076923
0.6677316293919046,0.3603010348064717,0.6984615384615385
0.6661341853024503,0.35841956726179036,0.6960256410256411
0.6637380191682688,0.3631232361234937,0.6764102564102564
0.6669329073471775,0.359360301034131,0.6867948717948718
0.6685303514366318,0.36124176857881235,0.6979487179487179
0.669329073481359,0.35465663217242777,0.6965384615384616
0.6892971245995378,0.39322671683839466,0.5897435897435898
0.6733226837049947,0.3518344308554058,0.7756410256410257
0.6932907348231737,0.39040451552137273,0.6410256410256411
0.7028753993598996,0.37911571025328483,0.5641025641025641
0.674920127794449,0.3537158984000871,0.6226923076923077
0.7140575079860798,0.37817497648094417,0.5512820512820513
0.8889776357813275,0.5672624647214163,0.49038461538461536
0.936900958464957,0.6312323612405809,0.3782051282051282
0.6517571884973614,0.3170272812788015,0.4358974358974359
0.6493610223631799,0.32173095014050473,0.5632051282051282
0.6429712460053627,0.32925682031923,0.5811538461538461
0.6485623003184527,0.32079021636816407,0.39525641025641023
0.6437699680500898,0.32643461900220805,0.47435897435897434
0.6421725239606355,0.3283160865468893,0.5589743589743589
0.6413738019159083,0.3311382878639113,0.5897435897435898
0.6477635782737257,0.32361241768518606,0.605
0.6509584664526342,0.3198494825958234,0.3647435897435898
0.6253993610213652,0.2897460018809224,0.4358974358974359
0.6461661341842713,0.3254938852298674,0.5951282051282052
0.644568690094817,0.3273753527745487,0.5641025641025641
0.6525559105420886,0.31796801505114214,0.3269230769230769
0.6469648562289985,0.3226716839128454,0.6194871794871794
0.6453674121395442,0.3245531514575267,0.5943589743589743
0.6501597444079071,0.3189087488234828,0.4166666666666667
0.7020766773151724,0.4063969896511639,0.5160256410256411
0.6964856230020823,0.4111006585128672,0.5653846153846153
0.7012779552704452,0.4054562558788232,0.6025641025641025
0.7036741214046267,0.40451552210648256,0.47435897435897434
0.7004792332257181,0.41580432737457046,0.3974358974358974
0.6884984025548108,0.4205079962362738,0.5042307692307693
0.7052715654940811,0.41015992474052654,0.5085897435897436
0.6980830670915367,0.4167450611469111,0.5256410256410257
0.6916932907337193,0.42427093132563637,0.5256410256410257
0.6892971245995378,0.4214487300086144,0.5311538461538462
0.6972843450468095,0.4120413922852078,0.5484615384615384
0.6988817891362638,0.4176857949192518,0.5151282051282052
0.6940894568679008,0.4233301975532957,0.5192307692307693
0.6924920127784465,0.42521166509797703,0.5335897435897436
0.690095846644265,0.41862652869159245,0.532051282051282
0.6932907348231737,0.42238946378095504,0.5470512820512821
0.6869009584653564,0.42991533395968035,0.47435897435897434
0.6908945686889922,0.4195672624639331,0.5357692307692309
0.6956869009573552,0.41392285982988913,0.532051282051282
0.699680511180991,0.4148635936022298,0.5073076923076922
0.694888178912628,0.41298212605754847,0.522051282051282
0.7028753993598996,0.4035747883341419,0.4935897435897436
0.6605431309893601,0.32925682031923,0.5751282051282052
0.6501597444079071,0.3245531514575267,0.5328205128205129
0.6509584664526342,0.3254938852298674,0.6314102564102564
0.6325878594239096,0.30385700846603225,0.4166666666666667
0.6222044728424565,0.28410159924687844,0.4166666666666667
0.6533546325868157,0.32079021636816407,0.47858974358974354
0.644568690094817,0.31796801505114214,0.5875641025641025
0.6581469648551787,0.3339604891809333,0.6415384615384616
0.6573482428104516,0.33301975540859263,0.638076923076923
0.6381789137369998,0.31044214487241684,0.5021794871794872
0.6214057507977294,0.2831608654745378,0.44448717948717953
0.6525559105420886,0.3273753527745487,0.6282051282051282
0.6373801916922726,0.30950141110007623,0.5576923076923077
0.6238019169319109,0.28598306679155977,0.4166666666666667
0.6565495207657244,0.33207902163625197,0.6103846153846154
0.6613418530340873,0.33019755409157064,0.6025641025641025
0.6621405750788145,0.3311382878639113,0.5756410256410257
0.6589456868999058,0.33490122295327396,0.6307692307692309
0.6461661341842713,0.3198494825958234,0.5507692307692307
0.659744408944633,0.3283160865468893,0.5021794871794872
0.639776357826454,0.31232361241709816,0.5128205128205128
0.6453674121395442,0.3189087488234828,0.5761538461538461
0.6437699680500898,0.3170272812788015,0.6041025641025641
0.6517571884973614,0.32643461900220805,0.586923076923077
0.6389776357817268,0.3113828786447575,0.45974358974358975
0.6557507987209972,0.32361241768518606,0.4951282051282052
0.6549520766762701,0.3226716839128454,0.5939743589743589
0.09584664536725904,0.04139228598298891,0.34294871794871795
0.09984025559089482,0.03668861712128563,0.2948717948717949
0.09664536741198619,0.04045155221064826,0.34615384615384615
0.6357827476028183,0.30667920978305424,0.4935897435897436
0.6349840255580911,0.3076199435553949,0.48717948717948717
0.6365814696475454,0.3057384760107136,0.532051282051282
0.6317891373791824,0.3113828786447575,0.5
0.6253993610213652,0.3706491063022189,0.47435897435897434
0.6293929712450009,0.36782690498519693,0.48461538461538456
0.6277955271555467,0.3659454374405156,0.4983333333333334
0.624600638976638,0.36970837252987826,0.47435897435897434
0.6613418530340873,0.3452492944490212,0.6035897435897436
0.6549520766762701,0.3377234242702959,0.6061538461538462
0.6285942492002738,0.36688617121285627,0.4987179487179488
0.6533546325868157,0.3358419567256146,0.6037179487179488
0.6589456868999058,0.34995296331072445,0.6111538461538462
0.6509584664526342,0.3405456255873179,0.5787179487179487
0.6573482428104516,0.3480714957660431,0.6282051282051282
0.6525559105420886,0.3424270931319992,0.5923076923076923
0.6261980830660924,0.3715898400745596,0.48717948717948717
0.6565495207657244,0.34713076199370246,0.6207692307692307
0.6581469648551787,0.3490122295383838,0.6067948717948718
0.6557507987209972,0.33866415804263655,0.6137179487179488
0.6517571884973614,0.34148635935965854,0.5897435897435898
0.6373801916922726,0.35465663217242777,0.4519230769230769
0.6501597444079071,0.3396048918149772,0.5976923076923077
0.6541533546315429,0.3367826904979553,0.5870512820512821
0.6605431309893601,0.34430856067668053,0.6212820512820512
0.6621405750788145,0.34619002822136186,0.5
0.659744408944633,0.34336782690433987,0.6137179487179488
0.6301916932897281,0.3687676387575376,0.4524358974358975
0.6677316293919046,0.40733772342350455,0.6282051282051282
0.6661341853024503,0.4092191909681859,0.5512820512820513
0.6653354632577231,0.40451552210648256,0.5855128205128205
0.674920127794449,0.40075258701711997,0.5752564102564103
0.6733226837049947,0.40263405456180124,0.5953846153846154
0.699680511180991,0.42991533395968035,0.34615384615384615
0.6853035143759021,0.4167450611469111,0.5165384615384616
0.6861022364206293,0.4176857949192518,0.5448717948717948
0.6685303514366318,0.4082784571958452,0.5641025641025641
0.6629392971235416,0.4054562558788232,0.5576923076923077
0.6956869009573552,0.4289746001873397,0.5567948717948719
0.6869009584653564,0.4148635936022298,0.5207692307692309
0.6876996805100836,0.41580432737457046,0.5166666666666666
0.694888178912628,0.428033866414999,0.6153846153846154
0.6821086261969934,0.41298212605754847,0.5228205128205128
0.6908945686889922,0.4346190028213836,0.5
0.6741214057497219,0.3998118532447793,0.5708974358974359
0.6972843450468095,0.42709313264265836,0.5943589743589743
0.690095846644265,0.43367826904904294,0.6089743589743589
0.6964856230020823,0.4261523988703177,0.5782051282051281
0.6837060702864478,0.4111006585128672,0.5571794871794871
0.6940894568679008,0.43838193791074626,0.5833333333333334
0.6709265175708132,0.39604891815541665,0.5705128205128205
0.35862619808249424,0.765757290685295,0.47435897435897434
0.6637380191682688,0.4063969896511639,0.5752564102564103
0.6845047923311749,0.4120413922852078,0.5473076923076923
0.6988817891362638,0.4327375352767023,0.5298717948717948
0.6980830670915367,0.4317968015043616,0.6025641025641025
0.6916932907337193,0.43932267168308686,0.358974358974359
0.6932907348231737,0.4374412041384056,0.5939743589743589
0.7004792332257181,0.43085606773202095,0.5833333333333334
0.6829073482417206,0.41392285982988913,0.5487179487179487
0.670127795526086,0.39887111947243864,0.6196153846153846
0.35782747603776704,0.7648165569129542,0.5342307692307693
0.6717252396155404,0.3969896519277573,0.6132051282051282
0.3570287539930399,0.7676387582299762,0.4551282051282051
0.664536741212996,0.4035747883341419,0.5160256410256411
0.6773162939286305,0.41862652869159245,0.5769230769230769
0.6725239616602675,0.40169332078946063,0.6356410256410256
0.669329073481359,0.397930385700098,0.6333333333333334
0.01118210862618022,0.9924741298193933,0.5128205128205128
0.659744408944633,0.4148635936022298,0.5256410256410257
0.3690095846639473,0.7497648165555038,0.4166666666666667
0.6565495207657244,0.4111006585128672,0.592948717948718
0.6573482428104516,0.4120413922852078,0.5608974358974359
0.6581469648551787,0.41298212605754847,0.5398717948717948
0.6333865814686368,0.4054562558788232,0.5897435897435898
0.6956869009573552,0.35277516462774644,0.6837179487179487
0.7004792332257181,0.35465663217242777,0.6128205128205128
0.6685303514366318,0.39228598306605406,0.6185897435897436
0.6637380191682688,0.39040451552137273,0.5128205128205128
0.6829073482417206,0.36782690498519693,0.6934615384615385
0.6789137380180849,0.3800564440256255,0.6774358974358975
0.6916932907337193,0.365004703668175,0.6188461538461538
0.690095846644265,0.359360301034131,0.6523076923076923
0.6940894568679008,0.362182502351153,0.6435897435897436
0.6869009584653564,0.3706491063022189,0.6692307692307693
0.6884984025548108,0.36124176857881235,0.6930769230769231
0.6908945686889922,0.35841956726179036,0.6553846153846155
0.6876996805100836,0.36970837252987826,0.6571794871794873
0.6821086261969934,0.3687676387575376,0.6841025641025641
0.694888178912628,0.3537158984000871,0.6025641025641025
0.7044728434493539,0.34995296331072445,0.5961538461538461
0.6924920127784465,0.36406396989583434,0.6456410256410257
0.6773162939286305,0.3744120413915816,0.6847435897435897
0.6845047923311749,0.3659454374405156,0.6916666666666667
0.6853035143759021,0.37253057384690025,0.6815384615384615
0.6629392971235416,0.3913452492937134,0.4842307692307692
0.6805111821075391,0.37817497648094417,0.6837179487179487
0.6813099041522663,0.3772342427086035,0.7
0.6861022364206293,0.3715898400745596,0.6930769230769231
0.6837060702864478,0.36688617121285627,0.645
0.6725239616602675,0.38758231420435074,0.7161538461538461
0.6717252396155404,0.38099717779796616,0.6484615384615384
0.6765175718839034,0.3753527751639222,0.6855128205128205
0.6797124600628119,0.37911571025328483,0.6762820512820513
0.6653354632577231,0.3885230479766914,0.5464102564102564
0.6741214057497219,0.3857008466596694,0.6860256410256411
0.674920127794449,0.38476011288732875,0.6726923076923077
0.670127795526086,0.3828786453426475,0.6192307692307691
0.6932907348231737,0.3631232361234937,0.6324358974358975
0.6709265175708132,0.3819379115703068,0.6325641025641026
0.669329073481359,0.3838193791149881,0.6196153846153846
0.6733226837049947,0.3866415804320101,0.7078205128205127
0.6781150159733577,0.3734713076192409,0.6960256410256411
0.664536741212996,0.38946378174903207,0.5567948717948719
0.6757188498391762,0.37629350893626284,0.6885897435897436
0.699680511180991,0.35559736594476843,0.6337179487179488
0.6964856230020823,0.3518344308554058,0.6057692307692307
0.7036741214046267,0.34336782690433987,0.5
0.6980830670915367,0.3574788334894497,0.594871794871795
0.6892971245995378,0.3603010348064717,0.6707692307692307
0.6988817891362638,0.35653809971710904,0.5726923076923077
0.6677316293919046,0.39322671683839466,0.5833333333333334
0.007188498402544427,0.9896519285023713,0.5256410256410257
0.006389776357817269,0.9887111947300307,0.4775641025641026
0.00559105431309011,0.98777046095769,0.46153846153846156
0.32667731629340785,0.7986829727172179,0.3974358974358974
0.33306709265122514,0.7761053621810422,0.44448717948717953
0.33945686900904243,0.7836312323597674,0.5
0.332268370606498,0.7770460959533828,0.5224358974358975
0.34664536741158686,0.760112888051251,0.45641025641025634
0.3538338658141313,0.7666980244576356,0.4765384615384616
0.3450479233221325,0.7619943555959323,0.5461538461538461
0.3442492012774054,0.7629350893682729,0.5298717948717948
0.3434504792326782,0.7638758231406136,0.49089743589743595
0.34265175718795104,0.7798682972704047,0.4358974358974359
0.35543130990358557,0.7648165569129542,0.5544871794871795
0.34584664536685966,0.7610536218235916,0.4935897435897436
0.347444089456314,0.7591721542789103,0.5214102564102564
0.34824281150104114,0.7582314205065697,0.507948717948718
0.35463258785885843,0.765757290685295,0.523076923076923
0.32348242811449923,0.78739416744913,0.5128205128205128
0.3498402555904955,0.7714016933193388,0.5512820512820513
0.3530351437694041,0.7676387582299762,0.5512820512820513
0.33626198083013376,0.7723424270916796,0.5192307692307693
0.3338658146959523,0.7751646284087015,0.47435897435897434
0.3354632587854066,0.7732831608640202,0.511025641025641
0.35223642172467695,0.7685794920023169,0.5480769230769231
0.3314696485617708,0.7779868297257234,0.523076923076923
0.3506389776352226,0.7704609595469982,0.48717948717948717
0.3218849840250449,0.7892756349938114,0.4316666666666667
0.3514376996799498,0.7695202257746575,0.49089743589743595
0.33067092651704366,0.7789275634980641,0.5576923076923077
0.34904153354576833,0.7572906867342291,0.5342307692307693
0.9504792332253187,0.6387582314193062,0.3974358974358974
0.9273162939282311,0.6679209783618666,0.4358974358974359
0.9592651757173175,0.6603951081831413,0.44871794871794873
0.9305111821071398,0.6716839134512292,0.5128205128205128
0.9249201277940496,0.6688617121342072,0.4423076923076923
0.967252396164589,0.65851364063846,0.4347435897435897
0.9688498402540434,0.6566321730937786,0.4258974358974359
0.9448881789122286,0.6472248353703721,0.6258974358974358
0.9656549520751347,0.6528692380044161,0.47243589743589737
0.9640575079856805,0.6547507055490974,0.44871794871794873
0.9496805111805916,0.6491063029150534,0.5602564102564103
0.9456869009569557,0.6444026340533502,0.6410256410256411
0.9440894568675015,0.6462841015980315,0.6188461538461538
0.9488817891358644,0.6481655691427127,0.5829487179487179
0.9664536741198619,0.6575729068661194,0.4412820512820513
0.9632587859409533,0.6538099717767567,0.44525641025641033
0.9680511182093162,0.655691439321438,0.4401282051282051
0.956869009583136,0.661335841955482,0.4914102564102564
0.9472843450464101,0.650047036687394,0.6043589743589743
0.9281150159729583,0.6726246472235698,0.48717948717948717
0.9648562300304075,0.6519285042320754,0.4533333333333333
0.936900958464957,0.6942615239874049,0.42948717948717946
0.9464856230016829,0.6453433678256908,0.6425641025641026
0.9289137380176855,0.6735653809959106,0.4807692307692308
0.9480830670911372,0.6509877704597348,0.6025641025641025
0.9536741214042274,0.6425211665086689,0.40602564102564104
0.6725239616602675,0.41392285982988913,0.5897435897435898
0.669329073481359,0.4176857949192518,0.6282051282051282
0.6869009584653564,0.3969896519277573,0.5608974358974359
0.6876996805100836,0.39604891815541665,0.5374358974358975
0.6813099041522663,0.4035747883341419,0.5615384615384615
0.6853035143759021,0.39887111947243864,0.5814102564102563
0.6837060702864478,0.40075258701711997,0.5547435897435897
0.6861022364206293,0.397930385700098,0.5523076923076923
0.6845047923311749,0.3998118532447793,0.5585897435897434
0.6797124600628119,0.4054562558788232,0.5730769230769232
0.6821086261969934,0.40263405456180124,0.5238461538461539
0.7028753993598996,0.43838193791074626,0.5897435897435898
0.6765175718839034,0.4092191909681859,0.4641025641025641
0.6789137380180849,0.4063969896511639,0.5384615384615384
0.6805111821075391,0.40451552210648256,0.5361538461538461
0.6829073482417206,0.40169332078946063,0.5592307692307693
0.6773162939286305,0.4082784571958452,0.5961538461538461
0.7116613418518983,0.428033866414999,0.532051282051282
0.7084664536729897,0.4317968015043616,0.5705128205128205
0.6757188498391762,0.41015992474052654,0.5961538461538461
0.6741214057497219,0.4120413922852078,0.5384615384615384
0.6781150159733577,0.40733772342350455,0.5983333333333334
0.6733226837049947,0.41298212605754847,0.6282051282051282
0.3194888178908634,0.6782690498576138,0.47858974358974354
0.3162939297119548,0.6820319849469765,0.46794871794871795
0.32108626198031776,0.6763875823129325,0.4423076923076923
0.3186900958461363,0.7704609595469982,0.47435897435897434
0.32507987220395357,0.7629350893682729,0.38461538461538464
0.3258785942486807,0.7619943555959323,0.5064102564102564
0.32667731629340785,0.7610536218235916,0.4423076923076923
0.10862619808289357,0.06773283160852732,0.3076923076923077
0.10942492012762073,0.06679209783618666,0.34615384615384615
0.1118210862618022,0.07149576669788994,0.3717948717948718
0.11102236421707505,0.06867356538086797,0.34358974358974353
0.10543130990398493,0.0790216368766152,0.30448717948717946
0.1062300319487121,0.07808090310427454,0.35128205128205137
0.11261980830652936,0.07055503292554928,0.35128205128205137
0.11022364217234788,0.06961429915320863,0.3897435897435898
0.11341853035125653,0.08842897460002178,0.32051282051282054
0.1118210862618022,0.08842897460002178,0.3525641025641026
0.10463258785925778,0.08184383819363718,0.3375641025641025
0.11341853035125653,0.07149576669788994,0.30448717948717946
0.1269968051116182,0.05550329256809877,0.3675641025641026
0.10143769968034914,0.0856067732829998,0.35038461538461535
0.11501597444071084,0.06961429915320863,0.3132051282051283
0.1022364217250763,0.08466603951065914,0.34615384615384615
0.11741214057489231,0.06679209783618666,0.41025641025641024
0.10063897763562199,0.08654750705534046,0.30448717948717946
0.10303514376980347,0.08372530573831849,0.32371794871794873
0.11421725239598368,0.07055503292554928,0.33115384615384613
0.10383386581453062,0.08278457196597783,0.3534615384615384
0.1062300319487121,0.07996237064895585,0.34435897435897433
0.10543130990398493,0.08090310442129652,0.33974358974358976
0.11821086261961947,0.06585136406384601,0.3932051282051282
0.115814696485438,0.06867356538086797,0.34192307692307694
0.12619808306689106,0.05644402634043943,0.40602564102564104
0.11661341853016516,0.06773283160852732,0.34615384615384615
0.11900958466434663,0.06491063029150534,0.34615384615384615
0.1022364217250763,0.03762935089362628,0.3717948717948718
0.10063897763562199,0.03574788334894497,0.2692307692307692
0.12380191693270959,0.061147695202142714,0.4230769230769231
0.10543130990398493,0.04139228598298891,0.3333333333333333
0.1118210862618022,0.048918156161714174,0.19230769230769232
0.12300319488798242,0.06208842897448337,0.40384615384615385
0.9257188498387768,0.6848541862639984,0.4230769230769231
0.9345047923307755,0.6801505174022952,0.5192307692307693
0.9544728434489546,0.65851364063846,0.4935897435897436
0.956869009583136,0.6462841015980315,0.5576923076923077
0.9560702875384088,0.6566321730937786,0.5384615384615384
0.9600638977620446,0.650047036687394,0.42948717948717946
0.9376996805096842,0.6688617121342072,0.5496153846153847
0.9608626198067718,0.6509877704597348,0.4533333333333333
0.9321086261965941,0.6773283160852731,0.47948717948717956
0.931309904151867,0.6763875823129325,0.5006410256410256
0.9520766773147731,0.6519285042320754,0.5347435897435897
0.9528753993595002,0.6528692380044161,0.5244871794871795
0.9329073482413213,0.6745061147682512,0.5
0.9512779552700459,0.6547507055490974,0.5457692307692307
0.9552715654936816,0.655691439321438,0.4775641025641026
0.9281150159729583,0.6876763875810203,0.4358974358974359
0.9337060702860485,0.6754468485405918,0.5011538461538462
0.9289137380176855,0.6886171213533611,0.45871794871794874
0.9504792332253187,0.6538099717767567,0.5503846153846155
0.9624600638962261,0.6491063029150534,0.4391025641025641
0.9297124600624126,0.685794920036339,0.33974358974358976
0.9305111821071398,0.6867356538086797,0.4273076923076923
0.9576677316278631,0.6472248353703721,0.5705128205128205
0.9305111821071398,0.6528692380044161,0.6487179487179486
0.9361022364202299,0.6444026340533502,0.5833333333333334
0.9321086261965941,0.6509877704597348,0.6153846153846154
0.9424920127780472,0.6368767638746249,0.517948717948718
0.9353035143755027,0.6472248353703721,0.6692307692307693
0.9432907348227743,0.6378174976469656,0.5426923076923077
0.94169329073332,0.6396989651916468,0.5566666666666666
0.9392971245991385,0.6406396989639875,0.5217948717948718
0.9408945686885928,0.6387582314193062,0.5474358974358975
0.9400958466438657,0.6415804327363281,0.5467948717948719
0.9384984025544114,0.6434619002810095,0.5680769230769231
0.936900958464957,0.6453433678256908,0.6033333333333334
0.9345047923307755,0.6462841015980315,0.6496153846153846
0.9297124600624126,0.6519285042320754,0.6634615384615384
0.9376996805096842,0.6425211665086689,0.4921794871794872
0.012779552715634537,0.996237064908756,0.38461538461538464
0.01118210862618022,0.9943555973640746,0.5769230769230769
0.22843450479196736,0.6349952963299436,0.5128205128205128
0.6797124600628119,0.3424270931319992,0.5833333333333334
0.6821086261969934,0.3452492944490212,0.6858974358974359
0.7004792332257181,0.39322671683839466,0.6067948717948718
0.6932907348231737,0.38476011288732875,0.5705128205128205
0.7044728434493539,0.3715898400745596,0.47435897435897434
0.7012779552704452,0.36782690498519693,0.5576923076923077
0.7036741214046267,0.36688617121285627,0.5589743589743589
0.6717252396155404,0.359360301034131,0.7017948717948718
0.6677316293919046,0.35465663217242777,0.7289743589743589
0.6685303514366318,0.35559736594476843,0.6762820512820513
0.6733226837049947,0.365004703668175,0.6828205128205129
0.6709265175708132,0.35841956726179036,0.6634615384615384
0.6669329073471775,0.3574788334894497,0.6328205128205128
0.669329073481359,0.3603010348064717,0.6712820512820513
0.6725239616602675,0.36406396989583434,0.6857692307692307
0.674920127794449,0.3631232361234937,0.7030769230769232
0.6661341853024503,0.35653809971710904,0.7153846153846154
0.6741214057497219,0.362182502351153,0.7164102564102564
0.6653354632577231,0.3518344308554058,0.6217948717948718
0.6916932907337193,0.3866415804320101,0.6410256410256411
0.6078274760373678,0.25399811853197746,0.5
0.7020766773151724,0.3687676387575376,0.6602564102564102
0.664536741212996,0.3508936970830651,0.584871794871795
0.6070287539926406,0.2530573847596368,0.5256410256410257
0.6629392971235416,0.35277516462774644,0.6361538461538462
0.670127795526086,0.36124176857881235,0.685128205128205
0.6637380191682688,0.3537158984000871,0.6810256410256411
0.6908945686889922,0.3819379115703068,0.6708974358974359
0.694888178912628,0.39040451552137273,0.5983333333333334
0.6892971245995378,0.3838193791149881,0.6538461538461539
0.7028753993598996,0.3659454374405156,0.6858974358974359
0.7084664536729897,0.37629350893626284,0.6153846153846154
0.7052715654940811,0.37253057384690025,0.5448717948717948
0.6924920127784465,0.38758231420435074,0.6666666666666666
0.690095846644265,0.38099717779796616,0.6410256410256411
0.6884984025548108,0.3828786453426475,0.6589743589743591
0.6972843450468095,0.38946378174903207,0.6538461538461539
0.7060702875388082,0.36970837252987826,0.5961538461538461
0.6853035143759021,0.3490122295383838,0.6624358974358975
0.33306709265122514,0.7572906867342291,0.46153846153846156
0.34584664536685966,0.7723424270916796,0.5184615384615384
0.332268370606498,0.7582314205065697,0.5470512820512821
0.3314696485617708,0.7591721542789103,0.5288461538461539
0.3418530351432239,0.7695202257746575,0.5512820512820513
0.3450479233221325,0.7732831608640202,0.5057692307692309
0.33706070287486095,0.7676387582299762,0.5671794871794871
0.3434504792326782,0.7751646284087015,0.5256410256410257
0.33865814696431523,0.765757290685295,0.6060256410256409
0.3354632587854066,0.7619943555959323,0.532051282051282
0.3378594249195881,0.7666980244576356,0.5688461538461539
0.3506389776352226,0.7817497648150861,0.48717948717948717
0.34664536741158686,0.7789275634980641,0.46371794871794875
0.3410543130984967,0.7704609595469982,0.5538461538461539
0.34265175718795104,0.7685794920023169,0.4948717948717948
0.33626198083013376,0.7610536218235916,0.6102564102564102
0.34025559105376957,0.7714016933193388,0.5064102564102564
0.34824281150104114,0.7770460959533828,0.46153846153846156
0.3442492012774054,0.7742238946363609,0.5165384615384616
0.33945686900904243,0.7648165569129542,0.5617948717948718
0.347444089456314,0.7779868297257234,0.5416666666666666
0.3338658146959523,0.7638758231406136,0.5871794871794871
0.3346645367406795,0.7629350893682729,0.555
0.0790734824279887,0.01599247412979117,0.5
0.09185303514362324,0.031044214487241685,0.47435897435897434
0.09424920127780471,0.020696142991494457,0.5298717948717948
0.08945686900944176,0.03010348071490103,0.5256410256410257
0.09584664536725904,0.022577610536175772,0.47948717948717956
0.08865814696471461,0.027281279397879058,0.5596153846153847
0.08785942491998745,0.028222013170219714,0.5965384615384616
0.09664536741198619,0.021636876763835116,0.4230769230769231
0.09025559105416892,0.029162746942560373,0.4330769230769231
0.09504792332253187,0.0197554092191538,0.515
0.07987220447271585,0.01881467544681314,0.3974358974358974
0.09105431309889608,0.03198494825958234,0.5160256410256411
0.07587859424908007,0.012229539040428544,0.3974358974358974
0.6381789137369998,0.3377234242702959,0.5128205128205128
0.6605431309893601,0.36406396989583434,0.7115384615384616
0.6437699680500898,0.34619002822136186,0.5833333333333334
0.6581469648551787,0.359360301034131,0.6880769230769231
0.644568690094817,0.3452492944490212,0.6153846153846154
0.6517571884973614,0.3518344308554058,0.6367948717948718
0.659744408944633,0.365004703668175,0.7115384615384616
0.6541533546315429,0.35653809971710904,0.6324358974358975
0.6621405750788145,0.362182502351153,0.6910256410256411
0.6493610223631799,0.34713076199370246,0.5641025641025641
0.6166134185293665,0.3706491063022189,0.5641025641025641
0.6613418530340873,0.3631232361234937,0.6911538461538461
0.6485623003184527,0.3480714957660431,0.6153846153846154
0.6461661341842713,0.34336782690433987,0.5769230769230769
0.6589456868999058,0.35841956726179036,0.6564102564102564
0.6405750798711812,0.3424270931319992,0.6153846153846154
0.6453674121395442,0.34430856067668053,0.6217948717948718
0.6429712460053627,0.3396048918149772,0.5256410256410257
0.6557507987209972,0.35465663217242777,0.6314102564102564
0.6565495207657244,0.36124176857881235,0.6410256410256411
0.6389776357817268,0.3367826904979553,0.5384615384615384
0.6573482428104516,0.3603010348064717,0.6282051282051282
0.6549520766762701,0.35559736594476843,0.6217948717948718
0.6533546325868157,0.3574788334894497,0.6730769230769231
0.312300319488319,0.6491063029150534,0.40384615384615385
0.6525559105420886,0.3358419567256146,0.6165384615384616
0.6261980830660924,0.36688617121285627,0.4957692307692308
0.6541533546315429,0.34148635935965854,0.5833333333333334
0.659744408944633,0.34995296331072445,0.6002564102564102
0.6581469648551787,0.34430856067668053,0.6123076923076923
0.6517571884973614,0.3367826904979553,0.5856410256410257
0.6621405750788145,0.34713076199370246,0.6025641025641025
0.6373801916922726,0.3537158984000871,0.44871794871794873
0.6557507987209972,0.3396048918149772,0.613974358974359
0.6565495207657244,0.34619002822136186,0.6296153846153846
0.6613418530340873,0.3480714957660431,0.587948717948718
0.6573482428104516,0.3452492944490212,0.6394871794871795
0.6533546325868157,0.3424270931319992,0.6025641025641025
0.6253993610213652,0.36782690498519693,0.47589743589743594
0.6269968051108195,0.3659454374405156,0.5
0.624600638976638,0.3687676387575376,0.4967948717948718
0.6589456868999058,0.34336782690433987,0.6206410256410256
0.6605431309893601,0.3490122295383838,0.6003846153846154
0.6509584664526342,0.3377234242702959,0.623974358974359
0.6549520766762701,0.3405456255873179,0.5987179487179487
0.6285942492002738,0.3715898400745596,0.46153846153846156
0.6485623003184527,0.3631232361234937,0.5576923076923077
0.6501597444079071,0.33866415804263655,0.591923076923077
0.6581469648551787,0.41580432737457046,0.5128205128205128
0.6605431309893601,0.41298212605754847,0.5608974358974359
0.6613418530340873,0.4120413922852078,0.5256410256410257
0.6621405750788145,0.4111006585128672,0.5256410256410257
0.6573482428104516,0.4167450611469111,0.5897435897435898
0.08067092651744302,0.01693320790213183,0.5
0.08865814696471461,0.03010348071490103,0.6217948717948718
0.07667731629380722,0.012229539040428544,0.41025641025641024
0.07747603833853438,0.0131702728127692,0.5512820512820513
0.08785942491998745,0.029162746942560373,0.5935897435897436
0.09025559105416892,0.028222013170219714,0.48115384615384615
0.08945686900944176,0.027281279397879058,0.5816666666666668
0.09424920127780471,0.021636876763835116,0.5384615384615384
0.09504792332253187,0.022577610536175772,0.4551282051282051
0.09105431309889608,0.032925682031923004,0.4583333333333333
0.09584664536725904,0.0197554092191538,0.5737179487179487
0.09664536741198619,0.020696142991494457,0.4551282051282051
0.09265175718835039,0.031044214487241685,0.2564102564102564
0.0790734824279887,0.01881467544681314,0.5470512820512821
0.07987220447271585,0.01599247412979117,0.39487179487179486
0.33865814696431523,0.7460018814661411,0.5833333333333334
0.3418530351432239,0.7422389463767785,0.5
0.34265175718795104,0.7431796801491192,0.7243589743589743
0.3314696485617708,0.7563499529618883,0.5192307692307693
0.33626198083013376,0.7507055503278444,0.6089743589743589
0.3378594249195881,0.7488240827831631,0.5801282051282052
0.33706070287486095,0.7478833490108224,0.6185897435897436
0.3218849840250449,0.7074317968001742,0.623974358974359
0.32108626198031776,0.7064910630278335,0.6538461538461539
0.33306709265122514,0.754468485417207,0.597948717948718
0.3346645367406795,0.7525870178725257,0.6007692307692307
0.3354632587854066,0.7497648165555038,0.6025641025641025
0.3338658146959523,0.7516462841001851,0.6124358974358974
0.332268370606498,0.7535277516448664,0.6142307692307691
0.33067092651704366,0.7554092191895477,0.6153846153846154
0.3442492012774054,0.7412982126044378,0.5939743589743589
0.34025559105376957,0.7441204139214598,0.5335897435897436
0.9472843450464101,0.6406396989639875,0.5769230769230769
0.9504792332253187,0.6444026340533502,0.30128205128205127
0.9640575079856805,0.6603951081831413,0.47435897435897434
0.9592651757173175,0.6547507055490974,0.46935897435897433
0.9512779552700459,0.6453433678256908,0.2980769230769231
0.9305111821071398,0.6810912511746358,0.483974358974359
0.9584664536725903,0.6538099717767567,0.4707692307692308
0.9552715654936816,0.650047036687394,0.5021794871794872
0.9289137380176855,0.6792097836299544,0.4465384615384615
0.9464856230016829,0.6396989651916468,0.47858974358974354
0.9321086261965941,0.6829727187193171,0.28628205128205125
0.9600638977620446,0.655691439321438,0.4574358974358975
0.9608626198067718,0.6566321730937786,0.45051282051282054
0.9281150159729583,0.6782690498576138,0.5128205128205128
0.9448881789122286,0.6378174976469656,0.53
0.9440894568675015,0.6368767638746249,0.5028205128205128
0.9576677316278631,0.6528692380044161,0.47
0.956869009583136,0.6519285042320754,0.481025641025641
0.9456869009569557,0.6387582314193062,0.5641025641025641
0.961661341851499,0.6575729068661194,0.4403846153846153
0.9520766773147731,0.6462841015980315,0.39525641025641023
0.9536741214042274,0.6481655691427127,0.5256410256410257
0.9560702875384088,0.6509877704597348,0.493974358974359
0.9632587859409533,0.6594543744108007,0.43025641025641026
0.9528753993595002,0.6472248353703721,0.3685897435897436
0.9624600638962261,0.65851364063846,0.391025641025641
0.9297124600624126,0.6801505174022952,0.45294871794871794
0.9544728434489546,0.6491063029150534,0.5
0.931309904151867,0.6820319849469765,0.46153846153846156
0.9488817891358644,0.6425211665086689,0.5897435897435898
0.3138977635777733,0.6810912511746358,0.5470512820512821
0.3130990415330462,0.6801505174022952,0.4914102564102564
0.31469648562250047,0.6745061147682512,0.5139743589743591
0.31549520766722766,0.6754468485405918,0.5064102564102564
0.3162939297119548,0.6763875823129325,0.5128205128205128
0.31709265175668194,0.6773283160852731,0.5128205128205128
0.6629392971235416,0.4092191909681859,0.4807692307692308
0.664536741212996,0.40733772342350455,0.5256410256410257
0.669329073481359,0.40169332078946063,0.47435897435897434
0.6861022364206293,0.41392285982988913,0.5416666666666666
0.6773162939286305,0.42238946378095504,0.6217948717948718
0.6869009584653564,0.4111006585128672,0.5589743589743589
0.6717252396155404,0.40075258701711997,0.6089743589743589
0.6837060702864478,0.4148635936022298,0.5576923076923077
0.6805111821075391,0.41862652869159245,0.5384615384615384
0.6980830670915367,0.428033866414999,0.5696153846153847
0.6813099041522663,0.4195672624639331,0.5192307692307693
0.7004792332257181,0.42709313264265836,0.5705128205128205
0.6972843450468095,0.43085606773202095,0.6007692307692307
0.6964856230020823,0.42991533395968035,0.48294871794871796
0.6741214057497219,0.39604891815541665,0.5528205128205129
0.6876996805100836,0.4120413922852078,0.5317948717948718
0.6733226837049947,0.39887111947243864,0.6292307692307693
0.6725239616602675,0.397930385700098,0.6201282051282052
0.694888178912628,0.4317968015043616,0.5512820512820513
0.699680511180991,0.4261523988703177,0.5256410256410257
0.6940894568679008,0.4346190028213836,0.5470512820512821
0.6932907348231737,0.43367826904904294,0.5726923076923077
0.6988817891362638,0.4289746001873397,0.6666666666666666
0.6853035143759021,0.41298212605754847,0.5353846153846155
0.6709265175708132,0.3998118532447793,0.5953846153846154
0.6845047923311749,0.41580432737457046,0.5028205128205128
0.6884984025548108,0.43932267168308686,0.5192307692307693
0.7084664536729897,0.44778927563415283,0.6666666666666666
0.674920127794449,0.3969896519277573,0.6010256410256409
0.6781150159733577,0.4233301975532957,0.532051282051282
0.6797124600628119,0.4214487300086144,0.5737179487179487
0.670127795526086,0.40263405456180124,0.592948717948718
0.6685303514366318,0.40451552210648256,0.5426923076923077
0.6829073482417206,0.4176857949192518,0.5358974358974359
0.6677316293919046,0.4035747883341419,0.5576923076923077
0.6637380191682688,0.41015992474052654,0.4935897435897436
0.6661341853024503,0.4054562558788232,0.5923076923076923
0.6821086261969934,0.4167450611469111,0.5993589743589743
0.6669329073471775,0.4063969896511639,0.5705128205128205
0.010383386581453062,0.9952963311364152,0.5897435897435898
0.003993610223635793,0.98777046095769,0.3974358974358974
0.05111821086253815,0.024459078080857087,0.3632051282051282
0.6916932907337193,0.3518344308554058,0.6987179487179487
0.6709265175708132,0.395108184383076,0.6282051282051282
0.6892971245995378,0.35465663217242777,0.6602564102564102
0.6956869009573552,0.362182502351153,0.6565384615384614
0.6908945686889922,0.35653809971710904,0.6556410256410257
0.670127795526086,0.39228598306605406,0.6538461538461539
0.6980830670915367,0.359360301034131,0.631025641025641
0.7092651757177169,0.34995296331072445,0.6217948717948718
0.7004792332257181,0.3603010348064717,0.5952564102564103
0.6988817891362638,0.35841956726179036,0.6507692307692309
0.6813099041522663,0.36782690498519693,0.6852564102564103
0.6805111821075391,0.3687676387575376,0.6805128205128205
0.6741214057497219,0.3913452492937134,0.6482051282051282
0.6773162939286305,0.37253057384690025,0.6838461538461539
0.690095846644265,0.3574788334894497,0.612051282051282
0.6845047923311749,0.37911571025328483,0.68
0.6861022364206293,0.3734713076192409,0.6987179487179487
0.6669329073471775,0.38099717779796616,0.6041025641025641
0.6972843450468095,0.36406396989583434,0.6115384615384616
0.6884984025548108,0.35559736594476843,0.592948717948718
0.6853035143759021,0.3744120413915816,0.6875641025641025
0.6821086261969934,0.37817497648094417,0.72
0.6637380191682688,0.38476011288732875,0.5519230769230768
0.6733226837049947,0.3885230479766914,0.7005128205128205
0.6869009584653564,0.37629350893626284,0.6733333333333332
0.6677316293919046,0.3838193791149881,0.5911538461538461
0.664536741212996,0.38758231420435074,0.5578205128205129
0.6653354632577231,0.3866415804320101,0.5464102564102564
0.6685303514366318,0.3828786453426475,0.615
0.6629392971235416,0.3857008466596694,0.538076923076923
0.6781150159733577,0.3715898400745596,0.712948717948718
0.6829073482417206,0.3772342427086035,0.7197435897435898
0.674920127794449,0.39040451552137273,0.6784615384615384
0.6757188498391762,0.3706491063022189,0.6967948717948718
0.6837060702864478,0.3800564440256255,0.68
0.699680511180991,0.36124176857881235,0.5989743589743589
0.6661341853024503,0.3819379115703068,0.574871794871795
0.6765175718839034,0.36970837252987826,0.7093589743589743
0.6717252396155404,0.3941674506107353,0.658076923076923
0.694888178912628,0.3631232361234937,0.64
0.6789137380180849,0.36688617121285627,0.7184615384615386
0.6797124600628119,0.3659454374405156,0.7111538461538461
0.6924920127784465,0.3508936970830651,0.6987179487179487
0.6725239616602675,0.38946378174903207,0.6820512820512821
0.6964856230020823,0.365004703668175,0.6424358974358975
0.6940894568679008,0.35277516462774644,0.6025641025641025
0.6876996805100836,0.3753527751639222,0.6770512820512821
0.669329073481359,0.39322671683839466,0.5439743589743591
0.08706070287526028,0.04045155221064826,0.5897435897435898
0.6517571884973614,0.34995296331072445,0.5641025641025641
0.6493610223631799,0.35277516462774644,0.6496153846153846
0.6501597444079071,0.3480714957660431,0.6067948717948718
0.6557507987209972,0.3452492944490212,0.6066666666666666
0.6621405750788145,0.3377234242702959,0.5488461538461539
0.6509584664526342,0.34713076199370246,0.6324358974358975
0.6533546325868157,0.34430856067668053,0.5961538461538461
0.6581469648551787,0.3424270931319992,0.6132051282051282
0.6589456868999058,0.34148635935965854,0.6335897435897436
0.6573482428104516,0.3396048918149772,0.6051282051282052
0.6605431309893601,0.3358419567256146,0.5789743589743589
0.6541533546315429,0.34336782690433987,0.6282051282051282
0.659744408944633,0.3367826904979553,0.6184615384615384
0.6613418530340873,0.33866415804263655,0.6135897435897436
0.6549520766762701,0.34619002822136186,0.5987179487179487
0.6525559105420886,0.3490122295383838,0.6008974358974359
0.6565495207657244,0.3405456255873179,0.5993589743589743
0.6349840255580911,0.3659454374405156,0.4692307692307692
0.6341853035133639,0.36688617121285627,0.3974358974358974
0.6373801916922726,0.3631232361234937,0.4230769230769231
0.6381789137369998,0.362182502351153,0.5384615384615384
0.6349840255580911,0.3189087488234828,0.5085897435897436
0.6357827476028183,0.31796801505114214,0.5051282051282052
0.6365814696475454,0.3170272812788015,0.46576923076923077
0.6341853035133639,0.3198494825958234,0.6067948717948718
0.10303514376980347,0.008466603951065915,0.32051282051282054
0.11421725239598368,0.025399811853197743,0.33076923076923076
0.10702875399343925,0.01881467544681314,0.3675641025641026
0.11261980830652936,0.012229539040428544,0.41884615384615387
0.1062300319487121,0.004703668861703285,0.4914102564102564
0.1118210862618022,0.0131702728127692,0.4405128205128205
0.10942492012762073,0.01599247412979117,0.4321794871794871
0.11102236421707505,0.014111006585109857,0.46269230769230774
0.10383386581453062,0.007525870178725257,0.5064102564102564
0.11022364217234788,0.015051740357450515,0.45102564102564113
0.10543130990398493,0.005644402634043943,0.4558974358974359
0.12460063897743674,0.028222013170219714,0.28205128205128205
0.10463258785925778,0.0065851364063846,0.44871794871794873
0.11341853035125653,0.0263405456255384,0.35038461538461535
0.10862619808289357,0.01693320790213183,0.4273076923076923
0.10063897763562199,0.011288805268087886,0.32051282051282054
0.11501597444071084,0.024459078080857087,0.35038461538461535
0.1078274760381664,0.017873941674472486,0.4175641025641025
0.3138977635777733,0.6782690498576138,0.47435897435897434
0.31469648562250047,0.6773283160852731,0.5085897435897436
0.31709265175668194,0.6745061147682512,0.40166666666666667
0.312300319488319,0.6801505174022952,0.5
0.31549520766722766,0.6763875823129325,0.5
0.3162939297119548,0.6754468485405918,0.5128205128205128
0.01198083067090738,0.98777046095769,0.5256410256410257
0.6349840255580911,0.359360301034131,0.4538461538461539
0.6333865814686368,0.365004703668175,0.4578205128205127
0.6325878594239096,0.36406396989583434,0.4807692307692308
0.6269968051108195,0.3574788334894497,0.46794871794871795
0.6317891373791824,0.3631232361234937,0.4951282051282052
0.6357827476028183,0.3603010348064717,0.48717948717948717
0.6557507987209972,0.3838193791149881,0.5025641025641026
0.6261980830660924,0.35653809971710904,0.46935897435897433
0.6309904153344553,0.362182502351153,0.4598717948717949
0.6589456868999058,0.395108184383076,0.4935897435897436
0.6253993610213652,0.35559736594476843,0.46512820512820513
0.6525559105420886,0.38758231420435074,0.47435897435897434
0.6549520766762701,0.3828786453426475,0.41025641025641024
0.6613418530340873,0.39040451552137273,0.5783333333333334
0.6581469648551787,0.3941674506107353,0.5641025641025641
0.659744408944633,0.3885230479766914,0.5391025641025641
0.6605431309893601,0.38946378174903207,0.5074358974358975
0.6277955271555467,0.3508936970830651,0.46794871794871795
0.6621405750788145,0.3913452492937134,0.5720512820512821
0.6565495207657244,0.39228598306605406,0.5555128205128205
0.6341853035133639,0.35841956726179036,0.46576923076923077
0.6293929712450009,0.35277516462774644,0.4948717948717948
0.624600638976638,0.35465663217242777,0.47987179487179493
0.6301916932897281,0.3537158984000871,0.46397435897435896
0.6365814696475454,0.36124176857881235,0.5384615384615384
0.6285942492002738,0.3518344308554058,0.5219230769230768
0.6533546325868157,0.38099717779796616,0.4166666666666667
0.31709265175668194,0.6886171213533611,0.5064102564102564
0.31469648562250047,0.685794920036339,0.5352564102564102
0.31549520766722766,0.6867356538086797,0.44871794871794873
0.31789137380140914,0.6745061147682512,0.5205128205128204
0.3186900958461363,0.6754468485405918,0.3375641025641025
0.3162939297119548,0.6876763875810203,0.5512820512820513
0.10463258785925778,0.0790216368766152,0.34615384615384615
0.1118210862618022,0.06867356538086797,0.3301282051282051
0.10862619808289357,0.06491063029150534,0.3291025641025641
0.11102236421707505,0.07149576669788994,0.3473076923076924
0.11261980830652936,0.06961429915320863,0.38038461538461543
0.11022364217234788,0.07055503292554928,0.35128205128205137
0.1062300319487121,0.07714016933193389,0.3534615384615384
0.6333865814686368,0.3480714957660431,0.40166666666666667
0.6509584664526342,0.37253057384690025,0.4230769230769231
0.6557507987209972,0.36688617121285627,0.6512820512820513
0.6533546325868157,0.36782690498519693,0.3141025641025641
0.6389776357817268,0.38476011288732875,0.5384615384615384
0.6605431309893601,0.37629350893626284,0.6489743589743591
0.659744408944633,0.3753527751639222,0.5923076923076923
0.6565495207657244,0.37911571025328483,0.48294871794871796
0.6190095846635479,0.365004703668175,0.44871794871794873
0.6238019169319109,0.359360301034131,0.46948717948717955
0.6206070287530022,0.3631232361234937,0.4633333333333333
0.619808306708275,0.362182502351153,0.4897435897435898
0.6230031948871837,0.35841956726179036,0.4905128205128206
0.6222044728424565,0.36124176857881235,0.46243589743589736
0.6317891373791824,0.34995296331072445,0.48871794871794877
0.6517571884973614,0.36970837252987826,0.48717948717948717
0.6214057507977294,0.3603010348064717,0.4957692307692308
0.6621405750788145,0.3744120413915816,0.6807692307692307
0.6613418530340873,0.3734713076192409,0.6837179487179487
0.6573482428104516,0.3800564440256255,0.4807692307692308
0.6581469648551787,0.3772342427086035,0.5480769230769231
0.694888178912628,0.397930385700098,0.5448717948717948
0.6940894568679008,0.4082784571958452,0.532051282051282
0.7036741214046267,0.4195672624639331,0.5939743589743589
0.6956869009573552,0.39887111947243864,0.5384615384615384
0.6892971245995378,0.4063969896511639,0.5488461538461539
0.7020766773151724,0.4214487300086144,0.5256410256410257
0.7012779552704452,0.4205079962362738,0.5256410256410257
0.690095846644265,0.4035747883341419,0.5452564102564103
0.7052715654940811,0.42521166509797703,0.5576923076923077
0.7068690095835354,0.4233301975532957,0.532051282051282
0.6932907348231737,0.40733772342350455,0.5512820512820513
0.6924920127784465,0.41015992474052654,0.5293589743589744
0.6884984025548108,0.4054562558788232,0.5308974358974359
0.7028753993598996,0.41862652869159245,0.6067948717948718
0.6916932907337193,0.4092191909681859,0.5051282051282052
0.6908945686889922,0.40451552210648256,0.5298717948717948
0.6988817891362638,0.40263405456180124,0.5564102564102564
0.699680511180991,0.3998118532447793,0.517051282051282
0.6964856230020823,0.39604891815541665,0.5897435897435898
0.6405750798711812,0.3631232361234937,0.5448717948717948
0.6389776357817268,0.36124176857881235,0.40384615384615385
0.6317891373791824,0.3659454374405156,0.4608974358974359
0.6333865814686368,0.36782690498519693,0.47435897435897434
0.6309904153344553,0.36688617121285627,0.4815384615384616
0.6533546325868157,0.3480714957660431,0.592948717948718
0.6613418530340873,0.3424270931319992,0.6217948717948718
0.659744408944633,0.3405456255873179,0.6275641025641026
0.6525559105420886,0.3452492944490212,0.5538461538461539
0.6557507987209972,0.3490122295383838,0.5993589743589743
0.6589456868999058,0.3377234242702959,0.6085897435897436
0.6605431309893601,0.3396048918149772,0.621025641025641
0.6581469648551787,0.33866415804263655,0.6382051282051282
0.6517571884973614,0.34619002822136186,0.5897435897435898
0.6549520766762701,0.34995296331072445,0.6057692307692307
0.6565495207657244,0.3367826904979553,0.6243589743589744
0.6621405750788145,0.34148635935965854,0.6043589743589743
0.6501597444079071,0.34430856067668053,0.5769230769230769
0.6541533546315429,0.34713076199370246,0.5934615384615386
0.6573482428104516,0.3358419567256146,0.6225641025641026
0.6509584664526342,0.34336782690433987,0.5683333333333334
0.6461661341842713,0.35277516462774644,0.5641025641025641
0.699680511180991,0.3819379115703068,0.6474358974358975
0.6765175718839034,0.3490122295383838,0.5726923076923077
0.7020766773151724,0.37911571025328483,0.46153846153846156
0.8921725239602362,0.5766698024448228,0.4423076923076923
0.6741214057497219,0.3518344308554058,0.6698717948717948
0.6821086261969934,0.3424270931319992,0.6666666666666666
0.690095846644265,0.39322671683839466,0.5448717948717948
0.7076677316282626,0.37253057384690025,0.6025641025641025
0.6892971245995378,0.3941674506107353,0.5678205128205129
0.6685303514366318,0.35841956726179036,0.6794871794871795
0.6709265175708132,0.35559736594476843,0.6382051282051282
0.669329073481359,0.3574788334894497,0.6705128205128205
0.6637380191682688,0.36406396989583434,0.6778205128205129
0.6677316293919046,0.359360301034131,0.6660256410256411
0.6629392971235416,0.365004703668175,0.7029487179487179
0.6908945686889922,0.39228598306605406,0.5993589743589743
0.664536741212996,0.3631232361234937,0.6939743589743589
0.6924920127784465,0.39040451552137273,0.6538461538461539
0.6661341853024503,0.36124176857881235,0.6810256410256411
0.6733226837049947,0.35277516462774644,0.658076923076923
0.6653354632577231,0.362182502351153,0.6821794871794871
0.6725239616602675,0.3537158984000871,0.5871794871794871
0.670127795526086,0.35653809971710904,0.6969230769230769
0.6669329073471775,0.3603010348064717,0.6923076923076923
0.7044728434493539,0.37629350893626284,0.5726923076923077
0.6773162939286305,0.3480714957660431,0.6965384615384616
0.7068690095835354,0.3734713076192409,0.6474358974358975
0.674920127794449,0.3508936970830651,0.6812820512820513
0.6884984025548108,0.395108184383076,0.46153846153846156
0.6932907348231737,0.38946378174903207,0.6923076923076923
0.6757188498391762,0.34995296331072445,0.6435897435897436
0.6916932907337193,0.3913452492937134,0.532051282051282
0.6717252396155404,0.35465663217242777,0.7412820512820512
0.9648562300304075,0.6481655691427127,0.5384615384615384
0.9656549520751347,0.6491063029150534,0.517051282051282
0.9632587859409533,0.650047036687394,0.48294871794871796
0.9281150159729583,0.691439322670383,0.3525641025641026
0.9472843450464101,0.6538099717767567,0.6025641025641025
0.9640575079856805,0.6509877704597348,0.483974358974359
0.9249201277940496,0.6952022577597456,0.25
0.9273162939282311,0.6942615239874049,0.4303846153846153
0.931309904151867,0.6726246472235698,0.44871794871794873
0.9297124600624126,0.6895578551257017,0.40384615384615385
0.9496805111805916,0.6528692380044161,0.5566666666666666
0.9353035143755027,0.6698024459065479,0.533076923076923
0.9345047923307755,0.6688617121342072,0.5415384615384615
0.9488817891358644,0.6519285042320754,0.5628205128205129
0.9337060702860485,0.6716839134512292,0.49807692307692303
0.9321086261965941,0.6735653809959106,0.47166666666666673
0.9361022364202299,0.6669802445895259,0.5296153846153846
0.9480830670911372,0.6547507055490974,0.5192307692307693
0.936900958464957,0.6679209783618666,0.5523076923076923
0.926517571883504,0.6933207902150643,0.38461538461538464
0.9329073482413213,0.6707431796788885,0.5202564102564102
0.9289137380176855,0.6923800564427237,0.46153846153846156
0.9257188498387768,0.6961429915320863,0.38884615384615384
0.09345047923307756,0.028222013170219714,0.40602564102564104
0.08945686900944176,0.031044214487241685,0.4166666666666667
0.09185303514362324,0.03010348071490103,0.3974358974358974
0.09105431309889608,0.029162746942560373,0.48871794871794877
0.09744408945671335,0.021636876763835116,0.5352564102564102
0.08865814696471461,0.03386641580426366,0.5769230769230769
0.09984025559089482,0.020696142991494457,0.5256410256410257
0.09824281150144051,0.022577610536175772,0.5128205128205128
0.09664536741198619,0.024459078080857087,0.4807692307692308
0.09025559105416892,0.03198494825958234,0.4935897435897436
0.09504792332253187,0.0263405456255384,0.23717948717948717
0.9600638977620446,0.6481655691427127,0.47435897435897434
0.956869009583136,0.6444026340533502,0.4166666666666667
0.9552715654936816,0.6575729068661194,0.5128205128205128
0.9560702875384088,0.65851364063846,0.5128205128205128
0.9536741214042274,0.655691439321438,0.5342307692307693
0.9281150159729583,0.685794920036339,0.4551282051282051
0.9624600638962261,0.6509877704597348,0.4633333333333333
0.9544728434489546,0.6566321730937786,0.42679487179487186
0.9329073482413213,0.6763875823129325,0.4765384615384616
0.9504792332253187,0.6519285042320754,0.5567948717948719
0.931309904151867,0.6745061147682512,0.492948717948718
0.9321086261965941,0.6754468485405918,0.5035897435897436
0.9520766773147731,0.6538099717767567,0.48717948717948717
0.9512779552700459,0.6528692380044161,0.532051282051282
0.9337060702860485,0.6773283160852731,0.46897435897435896
0.9376996805096842,0.6669802445895259,0.4935897435897436
0.9345047923307755,0.6782690498576138,0.42948717948717946
0.9297124600624126,0.6876763875810203,0.376025641025641
0.961661341851499,0.650047036687394,0.46435897435897433
0.9289137380176855,0.6867356538086797,0.4051282051282051
0.926517571883504,0.6839134524916578,0.41448717948717945
0.9608626198067718,0.6491063029150534,0.46153846153846156
0.9528753993595002,0.6547507055490974,0.5034615384615384
0.6916932907337193,0.44496707431713084,0.3675641025641026
0.7028753993598996,0.428033866414999,0.5470512820512821
0.6781150159733577,0.39887111947243864,0.5652564102564103
0.6789137380180849,0.3998118532447793,0.5694871794871795
0.6797124600628119,0.40075258701711997,0.5584615384615385
0.6876996805100836,0.41015992474052654,0.5369230769230768
0.35782747603776704,0.7742238946363609,0.44871794871794873
0.6821086261969934,0.4035747883341419,0.5570512820512821
0.6805111821075391,0.40169332078946063,0.57
0.6829073482417206,0.40451552210648256,0.5430769230769231
0.6837060702864478,0.4054562558788232,0.5425641025641025
0.6869009584653564,0.4092191909681859,0.5352564102564102
0.6813099041522663,0.40263405456180124,0.5541025641025641
0.6861022364206293,0.4082784571958452,0.5453846153846155
0.7020766773151724,0.42709313264265836,0.5128205128205128
0.6765175718839034,0.3969896519277573,0.6206410256410256
0.7012779552704452,0.4261523988703177,0.5426923076923077
0.7036741214046267,0.4289746001873397,0.6282051282051282
0.6773162939286305,0.397930385700098,0.5933333333333334
0.6757188498391762,0.39604891815541665,0.6194871794871794
0.6845047923311749,0.4063969896511639,0.5397435897435897
0.6853035143759021,0.40733772342350455,0.5605128205128205
0.6661341853024503,0.4148635936022298,0.6217948717948718
0.6629392971235416,0.4111006585128672,0.6089743589743589
0.6988817891362638,0.3490122295383838,0.7051282051282052
0.7052715654940811,0.35653809971710904,0.6564102564102564
0.7044728434493539,0.3574788334894497,0.5705128205128205
0.6709265175708132,0.3744120413915816,0.6669230769230768
0.7012779552704452,0.3537158984000871,0.592948717948718
0.7060702875388082,0.35559736594476843,0.5855128205128205
0.6765175718839034,0.3828786453426475,0.6858974358974359
0.674920127794449,0.3772342427086035,0.6888461538461539
0.6781150159733577,0.38099717779796616,0.6746153846153847
0.6789137380180849,0.38758231420435074,0.6421794871794873
0.6661341853024503,0.37253057384690025,0.6923076923076923
0.6717252396155404,0.3734713076192409,0.6819230769230769
0.6837060702864478,0.38946378174903207,0.6111538461538462
0.6797124600628119,0.3866415804320101,0.6615384615384615
0.6805111821075391,0.3857008466596694,0.6526923076923077
0.6685303514366318,0.36970837252987826,0.7002564102564103
0.6829073482417206,0.39040451552137273,0.6144871794871796
0.6773162939286305,0.3819379115703068,0.6841025641025641
0.6725239616602675,0.3800564440256255,0.6456410256410257
0.6861022364206293,0.3941674506107353,0.5678205128205129
0.6869009584653564,0.39322671683839466,0.5603846153846153
0.6669329073471775,0.3715898400745596,0.6876923076923077
0.669329073481359,0.37629350893626284,0.6642307692307693
0.6757188498391762,0.3838193791149881,0.6835897435897434
0.6853035143759021,0.395108184383076,0.5491025641025641
0.6653354632577231,0.3659454374405156,0.6988461538461539
0.6637380191682688,0.36782690498519693,0.6958974358974359
0.6813099041522663,0.38476011288732875,0.6378205128205128
0.6845047923311749,0.3885230479766914,0.6164102564102564
0.6677316293919046,0.3706491063022189,0.6803846153846153
0.6741214057497219,0.37817497648094417,0.6675641025641025
0.664536741212996,0.36688617121285627,0.684871794871795
0.6629392971235416,0.3687676387575376,0.695
0.6821086261969934,0.3913452492937134,0.6142307692307691
0.670127795526086,0.3753527751639222,0.685
0.6733226837049947,0.37911571025328483,0.6682051282051282
0.7132587859413526,0.362182502351153,0.3525641025641026
0.6972843450468095,0.34336782690433987,0.5833333333333334
0.7028753993598996,0.3518344308554058,0.5811538461538461
0.6876996805100836,0.39228598306605406,0.63
0.7020766773151724,0.35277516462774644,0.5512820512820513
0.7068690095835354,0.35465663217242777,0.6923076923076923
0.7036741214046267,0.365004703668175,0.7051282051282052
0.7028753993598996,0.36406396989583434,0.6314102564102564
0.7020766773151724,0.3631232361234937,0.5192307692307693
0.7012779552704452,0.362182502351153,0.6378205128205128
0.6853035143759021,0.38099717779796616,0.6402564102564102
0.6829073482417206,0.3857008466596694,0.629102564102564
0.6725239616602675,0.3659454374405156,0.6906410256410257
0.6685303514366318,0.37629350893626284,0.665128205128205
0.6876996805100836,0.3838193791149881,0.6516666666666666
0.6773162939286305,0.3941674506107353,0.633974358974359
0.674920127794449,0.3687676387575376,0.6926923076923077
0.6757188498391762,0.39228598306605406,0.6489743589743591
0.6789137380180849,0.3885230479766914,0.645128205128205
0.6717252396155404,0.37253057384690025,0.6779487179487179
0.6661341853024503,0.3734713076192409,0.6757692307692307
0.6821086261969934,0.38476011288732875,0.6579487179487179
0.6861022364206293,0.3819379115703068,0.6735897435897437
0.6869009584653564,0.3828786453426475,0.6980769230769232
0.6813099041522663,0.3913452492937134,0.6111538461538462
0.6781150159733577,0.395108184383076,0.6135897435897436
0.670127795526086,0.3706491063022189,0.6888461538461539
0.669329073481359,0.36970837252987826,0.6834615384615385
0.6805111821075391,0.39040451552137273,0.6305128205128206
0.6677316293919046,0.3753527751639222,0.6519230769230768
0.6733226837049947,0.36688617121285627,0.6855128205128205
0.6669329073471775,0.3744120413915816,0.6489743589743591
0.6709265175708132,0.3715898400745596,0.6793589743589743
0.6797124600628119,0.38946378174903207,0.6447435897435898
0.6765175718839034,0.39322671683839466,0.6515384615384614
0.6629392971235416,0.3772342427086035,0.6466666666666666
0.6845047923311749,0.38758231420435074,0.6587179487179486
0.6837060702864478,0.3866415804320101,0.6506410256410257
0.6741214057497219,0.36782690498519693,0.6761538461538461
0.6637380191682688,0.37817497648094417,0.6252564102564102
0.664536741212996,0.37911571025328483,0.6666666666666666
0.6653354632577231,0.3800564440256255,0.6017948717948718
0.7044728434493539,0.35841956726179036,0.6153846153846154
0.9400958466438657,0.628410159923559,0.3974358974358974
0.8490415335449696,0.460959548446922,0.3782051282051282
0.8881789137366004,0.5672624647214163,0.42948717948717946
0.3194888178908634,0.7450611476938005,0.4273076923076923
0.32507987220395357,0.7497648165555038,0.5192307692307693
0.3298722044723165,0.7554092191895477,0.5666666666666667
0.31469648562250047,0.7394167450597565,0.5342307692307693
0.32747603833813504,0.754468485417207,0.4914102564102564
0.3226837060697721,0.7488240827831631,0.4923076923076924
0.3258785942486807,0.7525870178725257,0.488974358974359
0.32667731629340785,0.7516462841001851,0.5589743589743589
0.3242811501592264,0.7507055503278444,0.523076923076923
0.3290734824275893,0.7563499529618883,0.5214102564102564
0.3282747603828622,0.7535277516448664,0.5448717948717948
0.32348242811449923,0.7478833490108224,0.47858974358974354
0.3202875399355906,0.7441204139214598,0.5
0.32108626198031776,0.7469426152384818,0.4983333333333334
0.3218849840250449,0.7460018814661411,0.4692307692307692
0.7020766773151724,0.36406396989583434,0.6367948717948718
0.7012779552704452,0.365004703668175,0.5769230769230769
0.7084664536729897,0.35653809971710904,0.6153846153846154
0.6884984025548108,0.34995296331072445,0.7051282051282052
0.7028753993598996,0.3631232361234937,0.6923076923076923
0.664536741212996,0.37817497648094417,0.6679487179487179
0.6637380191682688,0.37911571025328483,0.622051282051282
0.6813099041522663,0.3885230479766914,0.6198717948717948
0.6837060702864478,0.3857008466596694,0.6371794871794872
0.6677316293919046,0.3744120413915816,0.6641025641025641
0.6829073482417206,0.3866415804320101,0.648076923076923
0.6773162939286305,0.39322671683839466,0.627948717948718
0.6845047923311749,0.38476011288732875,0.6383333333333334
0.6853035143759021,0.3838193791149881,0.6579487179487179
0.6821086261969934,0.38758231420435074,0.6232051282051282
0.670127795526086,0.3715898400745596,0.6819230769230769
0.6669329073471775,0.3753527751639222,0.6456410256410257
0.6661341853024503,0.37629350893626284,0.647051282051282
0.6717252396155404,0.36970837252987826,0.6920512820512821
0.6629392971235416,0.3800564440256255,0.5876923076923077
0.6805111821075391,0.38946378174903207,0.62
0.6789137380180849,0.3913452492937134,0.6423076923076922
0.6781150159733577,0.39228598306605406,0.6335897435897436
0.6725239616602675,0.3687676387575376,0.6829487179487179
0.6741214057497219,0.36688617121285627,0.6839743589743589
0.6765175718839034,0.3941674506107353,0.6371794871794872
0.6733226837049947,0.36782690498519693,0.7
0.6797124600628119,0.39040451552137273,0.6293589743589744
0.6757188498391762,0.395108184383076,0.6224358974358974
0.6685303514366318,0.3734713076192409,0.6687179487179487
0.669329073481359,0.37253057384690025,0.6891025641025641
0.6709265175708132,0.3706491063022189,0.6837179487179487
0.6653354632577231,0.3772342427086035,0.6414102564102564
0.674920127794449,0.3659454374405156,0.7008974358974359
0.6869009584653564,0.3819379115703068,0.6538461538461539
0.6876996805100836,0.38099717779796616,0.670128205128205
0.6861022364206293,0.3828786453426475,0.6691025641025641
0.12220447284325527,0.06867356538086797,0.33974358974358976
0.11421725239598368,0.07808090310427454,0.3507692307692308
0.10942492012762073,0.08372530573831849,0.35128205128205137
0.11341853035125653,0.0790216368766152,0.41025641025641024
0.11900958466434663,0.0724365004702306,0.3632051282051282
0.11261980830652936,0.07996237064895585,0.3816666666666666
0.10702875399343925,0.08654750705534046,0.33974358974358976
0.11741214057489231,0.07431796801491192,0.35628205128205137
0.10862619808289357,0.08466603951065914,0.3717948717948718
0.12140575079852811,0.06961429915320863,0.3662820512820512
0.11022364217234788,0.08278457196597783,0.3358974358974359
0.115814696485438,0.07619943555959323,0.3771794871794872
0.11980830670907379,0.07149576669788994,0.35089743589743594
0.11102236421707505,0.08184383819363718,0.3269230769230769
0.1062300319487121,0.08748824082768111,0.34615384615384615
0.1118210862618022,0.08090310442129652,0.368974358974359
0.1078274760381664,0.0856067732829998,0.3717948717948718
0.12060702875380094,0.07055503292554928,0.34871794871794876
0.11501597444071084,0.07714016933193389,0.3792307692307692
0.11661341853016516,0.07525870178725257,0.3875641025641026
0.11821086261961947,0.07337723424257125,0.3765384615384616
0.7020766773151724,0.3734713076192409,0.5555128205128205
0.6876996805100836,0.34148635935965854,0.6602564102564102
0.6781150159733577,0.3452492944490212,0.6196153846153846
0.6932907348231737,0.395108184383076,0.6076923076923078
0.7084664536729897,0.3659454374405156,0.6089743589743589
0.6884984025548108,0.38946378174903207,0.6624358974358975
0.6741214057497219,0.3574788334894497,0.6561538461538462
0.6773162939286305,0.34619002822136186,0.6474358974358975
0.6924920127784465,0.39228598306605406,0.5641025641025641
0.7092651757177169,0.3687676387575376,0.48717948717948717
0.6725239616602675,0.35559736594476843,0.6944871794871795
0.6916932907337193,0.39322671683839466,0.46153846153846156
0.6629392971235416,0.359360301034131,0.7202564102564103
0.6637380191682688,0.35841956726179036,0.6841025641025641
0.6733226837049947,0.35465663217242777,0.6666666666666666
0.6677316293919046,0.365004703668175,0.6978205128205129
0.664536741212996,0.36124176857881235,0.6961538461538461
0.674920127794449,0.35653809971710904,0.6834615384615385
0.6669329073471775,0.362182502351153,0.6869230769230769
0.6685303514366318,0.36406396989583434,0.7071794871794871
0.6709265175708132,0.3537158984000871,0.6832051282051282
0.6661341853024503,0.3631232361234937,0.6747435897435897
0.6653354632577231,0.3603010348064717,0.6880769230769231
0.7044728434493539,0.37817497648094417,0.6089743589743589
0.669329073481359,0.3518344308554058,0.6846153846153847
0.6717252396155404,0.35277516462774644,0.6666666666666666
0.6988817891362638,0.38476011288732875,0.5641025641025641
0.694888178912628,0.3819379115703068,0.6965384615384616
0.6908945686889922,0.39040451552137273,0.6089743589743589
0.6765175718839034,0.34336782690433987,0.6452564102564102
0.7036741214046267,0.3753527751639222,0.5416666666666666
0.7028753993598996,0.37629350893626284,0.6089743589743589
0.6797124600628119,0.34713076199370246,0.6871794871794871
0.6940894568679008,0.3941674506107353,0.5846153846153845
0.6892971245995378,0.3885230479766914,0.6111538461538462
0.6980830670915367,0.3857008466596694,0.5064102564102564
0.6805111821075391,0.34995296331072445,0.6538461538461539
0.690095846644265,0.3913452492937134,0.6128205128205128
0.11421725239598368,0.05174035747873614,0.26282051282051283
0.12140575079852811,0.05832549388512075,0.3269230769230769
0.6349840255580911,0.36124176857881235,0.5705128205128205
0.6357827476028183,0.35841956726179036,0.3782051282051282
0.6477635782737257,0.37629350893626284,0.7692307692307693
0.6317891373791824,0.365004703668175,0.4517948717948717
0.6541533546315429,0.3838193791149881,0.40064102564102566
0.6549520766762701,0.38099717779796616,0.7115384615384616
0.6621405750788145,0.38946378174903207,0.5452564102564103
0.6525559105420886,0.3857008466596694,0.75
0.6581469648551787,0.39228598306605406,0.5461538461538461
0.6325878594239096,0.362182502351153,0.5014102564102564
0.6253993610213652,0.3574788334894497,0.481025641025641
0.6589456868999058,0.39322671683839466,0.5641025641025641
0.6605431309893601,0.3913452492937134,0.5233333333333332
0.659744408944633,0.39040451552137273,0.5014102564102564
0.6437699680500898,0.37911571025328483,0.15384615384615385
0.6261980830660924,0.35465663217242777,0.48487179487179477
0.6613418530340873,0.3885230479766914,0.5175641025641026
0.624600638976638,0.35653809971710904,0.48384615384615376
0.6285942492002738,0.3537158984000871,0.48871794871794877
0.6309904153344553,0.36406396989583434,0.4862820512820514
0.6301916932897281,0.3518344308554058,0.4976923076923076
0.6277955271555467,0.35277516462774644,0.4957692307692308
0.6269968051108195,0.35559736594476843,0.46371794871794875
0.6533546325868157,0.3828786453426475,0.3974358974358974
0.6341853035133639,0.3603010348064717,0.5051282051282052
0.6333865814686368,0.3631232361234937,0.47948717948717956
0.6293929712450009,0.3508936970830651,0.5615384615384615
0.6381789137369998,0.37253057384690025,0.532051282051282
0.6174121405740935,0.27187206020644994,0.44871794871794873
0.6653354632577231,0.3283160865468893,0.5897435897435898
0.664536741212996,0.32925682031923,0.6282051282051282
0.6637380191682688,0.33019755409157064,0.45294871794871794
0.6629392971235416,0.3311382878639113,0.6333333333333334
0.614217252395185,0.2681091251170873,0.5051282051282052
0.6661341853024503,0.33490122295327396,0.44871794871794873
0.6677316293919046,0.33301975540859263,0.532051282051282
0.09025559105416892,0.020696142991494457,0.5
0.09185303514362324,0.0263405456255384,0.5470512820512821
0.09265175718835039,0.023518344308516428,0.5632051282051282
0.09345047923307756,0.024459078080857087,0.5592307692307693
0.09105431309889608,0.025399811853197743,0.5532051282051282
0.08865814696471461,0.022577610536175772,0.5897435897435898
0.08785942491998745,0.021636876763835116,0.5865384615384616
0.08945686900944176,0.0197554092191538,0.532051282051282
0.09584664536725904,0.027281279397879058,0.21153846153846154
0.694888178912628,0.35559736594476843,0.6474358974358975
0.6884984025548108,0.3631232361234937,0.7051282051282052
0.6916932907337193,0.359360301034131,0.6811538461538461
0.6972843450468095,0.35653809971710904,0.6497435897435898
0.6709265175708132,0.38758231420435074,0.6666666666666666
0.6876996805100836,0.36782690498519693,0.5910256410256409
0.6637380191682688,0.39228598306605406,0.48884615384615376
0.6773162939286305,0.3800564440256255,0.670128205128205
0.674920127794449,0.3828786453426475,0.6788461538461539
0.6757188498391762,0.37817497648094417,0.6717948717948719
0.664536741212996,0.395108184383076,0.532051282051282
0.6789137380180849,0.3744120413915816,0.7096153846153845
0.6892971245995378,0.362182502351153,0.6761538461538461
0.6869009584653564,0.3687676387575376,0.64
0.6908945686889922,0.36406396989583434,0.6628205128205129
0.6861022364206293,0.3659454374405156,0.6789743589743589
0.6733226837049947,0.38099717779796616,0.6491025641025641
0.6805111821075391,0.37629350893626284,0.7130769230769232
0.6797124600628119,0.3734713076192409,0.6930769230769231
0.6940894568679008,0.3603010348064717,0.6874358974358975
0.670127795526086,0.38476011288732875,0.631025641025641
0.6725239616602675,0.3819379115703068,0.6473076923076923
0.6781150159733577,0.37911571025328483,0.6767948717948719
0.6669329073471775,0.3885230479766914,0.545
0.6741214057497219,0.3838193791149881,0.6793589743589743
0.690095846644265,0.365004703668175,0.6675641025641025
0.6813099041522663,0.3753527751639222,0.7011538461538461
0.6653354632577231,0.3941674506107353,0.5641025641025641
0.6845047923311749,0.3715898400745596,0.6821794871794871
0.6821086261969934,0.3706491063022189,0.6855128205128205
0.6629392971235416,0.39322671683839466,0.5457692307692307
0.6661341853024503,0.38946378174903207,0.5655128205128205
0.669329073481359,0.3857008466596694,0.6156410256410256
0.6685303514366318,0.39040451552137273,0.5670512820512821
0.6837060702864478,0.37253057384690025,0.6891025641025641
0.6765175718839034,0.3772342427086035,0.6710256410256411
0.7012779552704452,0.3480714957660431,0.5512820512820513
0.699680511180991,0.3537158984000871,0.623974358974359
0.6853035143759021,0.36688617121285627,0.6769230769230768
0.6829073482417206,0.36970837252987826,0.6719230769230768
0.6924920127784465,0.35841956726179036,0.6579487179487179
0.6988817891362638,0.3508936970830651,0.6410256410256411
0.6717252396155404,0.3866415804320101,0.6838461538461539
0.6932907348231737,0.36124176857881235,0.6435897435897436
0.6980830670915367,0.3518344308554058,0.6762820512820513
0.6677316293919046,0.3913452492937134,0.5064102564102564
0.6964856230020823,0.3574788334894497,0.6594871794871795
0.7004792332257181,0.35277516462774644,0.626923076923077
0.6956869009573552,0.35465663217242777,0.6546153846153846
0.11421725239598368,0.0263405456255384,0.3717948717948718
0.12460063897743674,0.027281279397879058,0.358974358974359
0.1078274760381664,0.01881467544681314,0.3685897435897436
0.1118210862618022,0.012229539040428544,0.45628205128205135
0.10942492012762073,0.01693320790213183,0.4256410256410257
0.11022364217234788,0.014111006585109857,0.46153846153846156
0.11102236421707505,0.015051740357450515,0.4543589743589743
0.10463258785925778,0.007525870178725257,0.40769230769230763
0.10862619808289357,0.01599247412979117,0.4565384615384615
0.1062300319487121,0.005644402634043943,0.4391025641025641
0.11261980830652936,0.0131702728127692,0.41025641025641024
0.12380191693270959,0.03010348071490103,0.25
0.10143769968034914,0.011288805268087886,0.28205128205128205
0.10543130990398493,0.004703668861703285,0.44448717948717953
0.11341853035125653,0.025399811853197743,0.36538461538461536
0.10702875399343925,0.017873941674472486,0.44871794871794873
0.10383386581453062,0.0065851364063846,0.4423076923076923
0.10303514376980347,0.010348071495747228,0.4807692307692308
0.12300319488798242,0.028222013170219714,0.4166666666666667
0.11501597444071084,0.0263405456255384,0.38038461538461543
0.1022364217250763,0.011288805268087886,0.41346153846153844
0.10702875399343925,0.01693320790213183,0.2916666666666667
0.11022364217234788,0.0131702728127692,0.47461538461538455
0.11102236421707505,0.012229539040428544,0.4598717948717949
0.11261980830652936,0.014111006585109857,0.41448717948717945
0.10543130990398493,0.007525870178725257,0.4401282051282051
0.1118210862618022,0.015051740357450515,0.40141025641025646
0.10463258785925778,0.004703668861703285,0.2692307692307692
0.10942492012762073,0.017873941674472486,0.4124358974358975
0.10862619808289357,0.01881467544681314,0.3814102564102564
0.11341853035125653,0.024459078080857087,0.3534615384615384
0.12060702875380094,0.031044214487241685,0.2692307692307692
0.1078274760381664,0.01599247412979117,0.4598717948717949
0.1062300319487121,0.0065851364063846,0.4374358974358975
0.115814696485438,0.025399811853197743,0.3675641025641026
0.11421725239598368,0.023518344308516428,0.33653846153846156
0.11980830670907379,0.03198494825958234,0.36538461538461536
0.3130990415330462,0.6462841015980315,0.41884615384615387
0.10942492012762073,0.048918156161714174,0.3162820512820513
0.11341853035125653,0.05362182502341746,0.30128205128205127
0.12300319488798242,0.057384760112780084,0.34615384615384615
0.12140575079852811,0.06302916274682403,0.4051282051282051
0.11421725239598368,0.054562558795758116,0.32474358974358974
0.12460063897743674,0.0592662276574614,0.4166666666666667
0.6365814696475454,0.31796801505114214,0.47615384615384615
0.6357827476028183,0.3170272812788015,0.5
0.6293929712450009,0.30950141110007623,0.48717948717948717
0.11022364217234788,0.06773283160852732,0.358974358974359
0.10063897763562199,0.0790216368766152,0.35474358974358977
0.11102236421707505,0.06679209783618666,0.34615384615384615
0.10862619808289357,0.06961429915320863,0.3076923076923077
0.1269968051116182,0.04797742238937351,0.3974358974358974
0.10942492012762073,0.06867356538086797,0.3034615384615385
0.1022364217250763,0.07714016933193389,0.21153846153846154
0.1062300319487121,0.0724365004702306,0.3141025641025641
0.9384984025544114,0.6415804327363281,0.5683333333333334
0.9305111821071398,0.6547507055490974,0.5897435897435898
0.9376996805096842,0.6406396989639875,0.4775641025641026
0.9392971245991385,0.6425211665086689,0.5952564102564103
0.9400958466438657,0.6434619002810095,0.5487179487179487
0.9408945686885928,0.6368767638746249,0.47435897435897434
0.94169329073332,0.6378174976469656,0.522051282051282
0.9337060702860485,0.6509877704597348,0.6153846153846154
0.9432907348227743,0.6396989651916468,0.5567948717948719
0.9424920127780472,0.6387582314193062,0.5434615384615384
0.9345047923307755,0.6444026340533502,0.6538461538461539
0.936900958464957,0.6472248353703721,0.6196153846153846
0.9361022364202299,0.6462841015980315,0.5678205128205129
0.9353035143755027,0.6453433678256908,0.6891025641025641
0.9472843450464101,0.6331138287852622,0.4935897435897436
0.9752396166118606,0.6660395108171853,0.40384615384615385
0.9464856230016829,0.6321730950129216,0.47192307692307695
0.9440894568675015,0.6293508936958996,0.4551282051282051
0.972044728432952,0.6622765757278226,0.41025641025641024
0.9712460063882249,0.661335841955482,0.44871794871794873
0.7212460063886242,0.3518344308554058,0.5256410256410257
0.9448881789122286,0.6302916274682403,0.4567948717948717
0.9456869009569557,0.6312323612405809,0.45897435897435895
0.9808306709249508,0.6575729068661194,0.46794871794871795
0.9768370607013149,0.6528692380044161,0.3974358974358974
0.9696485622987705,0.6594543744108007,0.4369230769230769
0.9704472843434977,0.6603951081831413,0.4401282051282051
0.9728434504776792,0.6632173095001633,0.4316666666666667
0.3594249201272214,0.765757290685295,0.5576923076923077
0.6685303514366318,0.4054562558788232,0.5576923076923077
0.6637380191682688,0.40733772342350455,0.5512820512820513
0.6765175718839034,0.42238946378095504,0.5576923076923077
0.6797124600628119,0.41862652869159245,0.5512820512820513
0.6709265175708132,0.40263405456180124,0.5769230769230769
0.6829073482417206,0.4148635936022298,0.4573076923076923
0.6669329073471775,0.4035747883341419,0.6153846153846154
0.6717252396155404,0.40169332078946063,0.6303846153846154
0.6861022364206293,0.4111006585128672,0.5374358974358975
0.690095846644265,0.4402634054554275,0.3141025641025641
0.6988817891362638,0.4261523988703177,0.5564102564102564
0.6876996805100836,0.41298212605754847,0.5116666666666666
0.6908945686889922,0.43932267168308686,0.532051282051282
0.6725239616602675,0.3969896519277573,0.5705128205128205
0.6924920127784465,0.43367826904904294,0.5426923076923077
0.694888178912628,0.43085606773202095,0.5461538461538461
0.6853035143759021,0.4120413922852078,0.5412820512820513
0.6813099041522663,0.4205079962362738,0.559871794871795
0.674920127794449,0.397930385700098,0.6273076923076923
0.6980830670915367,0.42709313264265836,0.6007692307692307
0.6805111821075391,0.4214487300086144,0.6217948717948718
0.7004792332257181,0.428033866414999,0.5666666666666667
0.6837060702864478,0.4176857949192518,0.5512820512820513
0.6869009584653564,0.41392285982988913,0.5411538461538461
0.6932907348231737,0.43650047036606493,0.48717948717948717
0.6956869009573552,0.42991533395968035,0.5794871794871795
0.699680511180991,0.4289746001873397,0.5961538461538461
0.6733226837049947,0.39604891815541665,0.6393589743589744
0.6845047923311749,0.4167450611469111,0.515
0.6940894568679008,0.43555973659372427,0.4914102564102564
0.6964856230020823,0.4327375352767023,0.5576923076923077
0.6821086261969934,0.41580432737457046,0.6282051282051282
0.6789137380180849,0.4195672624639331,0.5298717948717948
0.6661341853024503,0.40451552210648256,0.6346153846153846
0.6741214057497219,0.39887111947243864,0.6137179487179488
0.669329073481359,0.40075258701711997,0.5801282051282052
0.6557507987209972,0.3800564440256255,0.49038461538461536
0.659744408944633,0.36970837252987826,0.6303846153846154
0.6222044728424565,0.35559736594476843,0.48717948717948717
0.6533546325868157,0.3772342427086035,0.5106410256410256
0.6613418530340873,0.3715898400745596,0.6757692307692307
0.6509584664526342,0.3744120413915816,0.5128205128205128
0.6573482428104516,0.36688617121285627,0.6247435897435898
0.6206070287530022,0.3537158984000871,0.48717948717948717
0.6581469648551787,0.36782690498519693,0.6333333333333334
0.6541533546315429,0.37817497648094417,0.5025641025641026
0.6238019169319109,0.3574788334894497,0.47333333333333333
0.6158146964846393,0.3631232361234937,0.4551282051282051
0.6525559105420886,0.37629350893626284,0.4358974358974359
0.6589456868999058,0.3687676387575376,0.6808974358974359
0.6605431309893601,0.3706491063022189,0.6721794871794873
0.6230031948871837,0.35653809971710904,0.4985897435897436
0.6517571884973614,0.3753527751639222,0.32051282051282054
0.6549520766762701,0.37911571025328483,0.6089743589743589
0.6621405750788145,0.37253057384690025,0.6725641025641025
0.6565495207657244,0.3659454374405156,0.6846153846153847
0.6301916932897281,0.34995296331072445,0.5205128205128204
0.6293929712450009,0.3490122295383838,0.4166666666666667
0.6214057507977294,0.35465663217242777,0.515
0.3162939297119548,0.7629350893682729,0.5128205128205128
0.32667731629340785,0.7751646284087015,0.4273076923076923
0.3218849840250449,0.7845719661321081,0.4423076923076923
0.32348242811449923,0.7864534336767893,0.47217948717948716
0.32747603833813504,0.7761053621810422,0.5384615384615384
0.3099041533541375,0.7704609595469982,0.34294871794871795
0.3138977635777733,0.7554092191895477,0.46153846153846156
0.32348242811449923,0.7290686735640093,0.6516666666666666
0.31789137380140914,0.7318908748810312,0.5128205128205128
0.32108626198031776,0.7281279397916687,0.5512820512820513
0.3298722044723165,0.7365945437427346,0.6196153846153846
0.31150159744359185,0.754468485417207,0.4230769230769231
0.3202875399355906,0.7328316086533719,0.5537179487179487
0.2547923322679636,0.685794920036339,0.4914102564102564
0.3226837060697721,0.73000940733635,0.6253846153846154
0.3282747603828622,0.7347130761980533,0.6089743589743589
0.3218849840250449,0.727187206019328,0.5787179487179487
0.3258785942486807,0.7412982126044378,0.5974358974358973
0.3290734824275893,0.7375352775150752,0.5957692307692307
0.32747603833813504,0.7356538099703939,0.6317948717948718
0.32667731629340785,0.7403574788320971,0.5912820512820514
0.3186900958461363,0.7309501411086906,0.5256410256410257
0.3194888178908634,0.7337723424257125,0.5
0.31709265175668194,0.7516462841001851,0.559871794871795
0.31469648562250047,0.7507055503278444,0.46794871794871795
0.332268370606498,0.765757290685295,0.3782051282051282
0.33306709265122514,0.7648165569129542,0.5256410256410257
0.3354632587854066,0.7695202257746575,0.47435897435897434
0.3410543130984967,0.7629350893682729,0.5697435897435897
0.34025559105376957,0.7638758231406136,0.5512820512820513
0.3378594249195881,0.7591721542789103,0.5871794871794871
0.33945686900904243,0.7572906867342291,0.5983333333333334
0.3338658146959523,0.7714016933193388,0.4893589743589744
0.33706070287486095,0.760112888051251,0.617051282051282
0.34265175718795104,0.7610536218235916,0.5555128205128205
0.33865814696431523,0.7582314205065697,0.6062820512820514
0.3418530351432239,0.7619943555959323,0.57
0.33626198083013376,0.7685794920023169,0.4791025641025642
0.3506389776352226,0.7742238946363609,0.5448717948717948
0.34584664536685966,0.7798682972704047,0.4583333333333333
0.3346645367406795,0.7704609595469982,0.47435897435897434
0.3282747603828622,0.7469426152384818,0.6378205128205128
0.3162939297119548,0.7328316086533719,0.507948717948718
0.32348242811449923,0.7563499529618883,0.5555128205128205
0.3226837060697721,0.7554092191895477,0.5384615384615384
0.32108626198031776,0.7535277516448664,0.48717948717948717
0.32667731629340785,0.7450611476938005,0.5384615384615384
0.3218849840250449,0.754468485417207,0.5192307692307693
0.32747603833813504,0.7460018814661411,0.5934615384615386
0.3258785942486807,0.7441204139214598,0.5801282051282052
0.32507987220395357,0.7431796801491192,0.523076923076923
0.3186900958461363,0.7507055503278444,0.46512820512820513
0.3202875399355906,0.7525870178725257,0.4957692307692308
0.3298722044723165,0.7488240827831631,0.6217948717948718
0.31709265175668194,0.7337723424257125,0.5192307692307693
0.3290734824275893,0.7478833490108224,0.5624358974358975
0.3194888178908634,0.7516462841001851,0.5683333333333334
0.31789137380140914,0.7497648165555038,0.47435897435897434
0.0790734824279887,0.014111006585109857,0.47435897435897434
0.07587859424908007,0.017873941674472486,0.2564102564102564
0.08945686900944176,0.03198494825958234,0.3525641025641026
0.09105431309889608,0.03010348071490103,0.47858974358974354
0.09984025559089482,0.0197554092191538,0.44551282051282054
0.09265175718835039,0.028222013170219714,0.38884615384615384
0.09824281150144051,0.021636876763835116,0.4230769230769231
0.07827476038326155,0.015051740357450515,0.5384615384615384
0.09025559105416892,0.031044214487241685,0.42948717948717946
0.09504792332253187,0.025399811853197743,0.5384615384615384
0.09744408945671335,0.022577610536175772,0.5192307692307693
0.08785942491998745,0.03386641580426366,0.5897435897435898
0.09904153354616767,0.020696142991494457,0.5128205128205128
0.09345047923307756,0.027281279397879058,0.33846153846153854
0.09185303514362324,0.029162746942560373,0.42948717948717946
0.09424920127780471,0.0263405456255384,0.3814102564102564
0.08865814696471461,0.032925682031923004,0.4435897435897435
0.09584664536725904,0.024459078080857087,0.5897435897435898
0.11022364217234788,0.0037629350893626286,0.3974358974358974
0.08146964856217018,0.06867356538086797,0.4508974358974359
0.09584664536725904,0.0856067732829998,0.2948717948717949
0.08466453674107881,0.06491063029150534,0.5192307692307693
0.08226837060689733,0.06961429915320863,0.47115384615384615
0.3314696485617708,0.7704609595469982,0.391025641025641
0.347444089456314,0.7817497648150861,0.4401282051282051
0.34025559105376957,0.760112888051251,0.5498717948717948
0.3410543130984967,0.7591721542789103,0.5746153846153845
0.3498402555904955,0.7789275634980641,0.5
0.3378594249195881,0.7629350893682729,0.5897435897435898
0.34265175718795104,0.7572906867342291,0.5128205128205128
0.33945686900904243,0.7610536218235916,0.5821794871794871
0.34664536741158686,0.7826904985874268,0.5128205128205128
0.3346645367406795,0.7666980244576356,0.5312820512820513
0.33306709265122514,0.7685794920023169,0.4326923076923077
0.3354632587854066,0.765757290685295,0.5384615384615384
0.33865814696431523,0.7619943555959323,0.5933333333333334
0.33626198083013376,0.7648165569129542,0.5298717948717948
0.34904153354576833,0.7798682972704047,0.4258974358974359
0.33706070287486095,0.7638758231406136,0.6060256410256409
0.34824281150104114,0.7808090310427455,0.4401282051282051
0.332268370606498,0.7695202257746575,0.4573076923076923
0.3418530351432239,0.7582314205065697,0.5538461538461539
0.3338658146959523,0.7676387582299762,0.523076923076923
0.9576677316278631,0.6575729068661194,0.5192307692307693
0.956869009583136,0.65851364063846,0.5256410256410257
0.9648562300304075,0.6641580432725039,0.3974358974358974
0.9528753993595002,0.6481655691427127,0.5256410256410257
0.9289137380176855,0.6763875823129325,0.4780769230769232
0.9512779552700459,0.650047036687394,0.5456410256410257
0.9600638977620446,0.6547507055490974,0.4593589743589743
0.9592651757173175,0.655691439321438,0.4588461538461539
0.9297124600624126,0.6754468485405918,0.5151282051282052
0.9544728434489546,0.6462841015980315,0.5064102564102564
0.9305111821071398,0.6745061147682512,0.486025641025641
0.9440894568675015,0.6434619002810095,0.5807692307692307
0.9504792332253187,0.6509877704597348,0.5367948717948718
0.9688498402540434,0.6594543744108007,0.4358974358974359
0.9608626198067718,0.6538099717767567,0.4698717948717949
0.9520766773147731,0.6491063029150534,0.5052564102564102
0.961661341851499,0.6528692380044161,0.4675641025641025
0.9624600638962261,0.6519285042320754,0.4641025641025641
0.9448881789122286,0.6425211665086689,0.5705128205128205
0.9584664536725903,0.6566321730937786,0.4752564102564102
0.9536741214042274,0.6472248353703721,0.5205128205128204
0.9680511182093162,0.6603951081831413,0.42948717948717946
0.9472843450464101,0.6396989651916468,0.5384615384615384
0.9281150159729583,0.6773283160852731,0.46794871794871795
0.9456869009569557,0.6415804327363281,0.5564102564102564
0.6349840255580911,0.32643461900220805,0.2692307692307692
0.32108626198031776,0.7554092191895477,0.46794871794871795
0.3282747603828622,0.7488240827831631,0.6314102564102564
0.3298722044723165,0.7469426152384818,0.6576923076923077
0.3202875399355906,0.7507055503278444,0.46474358974358976
0.3226837060697721,0.7535277516448664,0.5093589743589744
0.32507987220395357,0.7450611476938005,0.49038461538461536
0.32747603833813504,0.7478833490108224,0.6083333333333334
0.3218849840250449,0.7563499529618883,0.4948717948717948
0.31549520766722766,0.7337723424257125,0.391025641025641
0.31709265175668194,0.7318908748810312,0.5256410256410257
0.3194888178908634,0.7497648165555038,0.503974358974359
0.32348242811449923,0.754468485417207,0.5312820512820513
0.3162939297119548,0.7309501411086906,0.5256410256410257
0.3258785942486807,0.7422389463767785,0.45294871794871794
0.3290734824275893,0.7460018814661411,0.5846153846153845
0.3186900958461363,0.7525870178725257,0.5
0.32667731629340785,0.7431796801491192,0.5726923076923077
0.31789137380140914,0.7516462841001851,0.5160256410256411
0.9792332268354964,0.6698024459065479,0.4423076923076923
0.9361022364202299,0.6302916274682403,0.391025641025641
0.08865814696471461,0.031044214487241685,0.4897435897435898
0.09744408945671335,0.020696142991494457,0.4944871794871794
0.09824281150144051,0.0197554092191538,0.48717948717948717
0.09904153354616767,0.022577610536175772,0.2692307692307692
0.09185303514362324,0.027281279397879058,0.4393589743589743
0.09105431309889608,0.028222013170219714,0.535
0.09265175718835039,0.03010348071490103,0.4230769230769231
0.09504792332253187,0.023518344308516428,0.517948717948718
0.09424920127780471,0.024459078080857087,0.5641025641025641
0.09984025559089482,0.021636876763835116,0.4807692307692308
0.08785942491998745,0.03198494825958234,0.5274358974358975
0.08626198083053313,0.025399811853197743,0.5576923076923077
0.08546325878580598,0.024459078080857087,0.5751282051282052
0.08706070287526028,0.0263405456255384,0.5342307692307693
0.08466453674107881,0.023518344308516428,0.4935897435897436
0.08386581469635165,0.022577610536175772,0.4935897435897436
0.08146964856217018,0.0197554092191538,0.46794871794871795
0.08226837060689733,0.020696142991494457,0.47858974358974354
0.6964856230020823,0.4092191909681859,0.5384615384615384
0.6940894568679008,0.39887111947243864,0.5192307692307693
0.7012779552704452,0.4148635936022298,0.5384615384615384
0.6884984025548108,0.3998118532447793,0.5392307692307693
0.6908945686889922,0.40263405456180124,0.5384615384615384
0.690095846644265,0.40169332078946063,0.5384615384615384
0.7068690095835354,0.41392285982988913,0.5641025641025641
0.6956869009573552,0.4082784571958452,0.517948717948718
0.694888178912628,0.40733772342350455,0.5214102564102564
0.6892971245995378,0.40075258701711997,0.5292307692307693
0.7020766773151724,0.41580432737457046,0.5769230769230769
0.6972843450468095,0.41015992474052654,0.502948717948718
0.6916932907337193,0.39604891815541665,0.5333333333333332
0.6988817891362638,0.40451552210648256,0.5737179487179487
0.6980830670915367,0.4035747883341419,0.5042307692307693
0.6932907348231737,0.397930385700098,0.5683333333333334
0.9400958466438657,0.6331138287852622,0.5512820512820513
0.9424920127780472,0.6302916274682403,0.48717948717948717
0.9408945686885928,0.6321730950129216,0.46153846153846156
0.6717252396155404,0.3170272812788015,0.5448717948717948
0.9432907348227743,0.6293508936958996,0.44551282051282054
0.7156549520755341,0.3706491063022189,0.5192307692307693
0.94169329073332,0.6312323612405809,0.483974358974359
0.8905750798707819,0.5710253998107789,0.38461538461538464
0.6437699680500898,0.32173095014050473,0.5606410256410257
0.6493610223631799,0.32643461900220805,0.6325641025641026
0.644568690094817,0.32079021636816407,0.5961538461538461
0.6485623003184527,0.3273753527745487,0.6367948717948718
0.6461661341842713,0.3226716839128454,0.6111538461538462
0.6469648562289985,0.3254938852298674,0.6114102564102564
0.6429712460053627,0.3339604891809333,0.5820512820512821
0.6477635782737257,0.3245531514575267,0.6082051282051282
0.6453674121395442,0.32361241768518606,0.5996153846153846
0.6421725239606355,0.33490122295327396,0.4166666666666667
0.13418530351416263,0.021636876763835116,0.20512820512820512
0.10543130990398493,0.0028222013170219715,0.34615384615384615
0.1062300319487121,0.0037629350893626286,0.4303846153846153
0.13817891373779845,0.0263405456255384,0.057692307692307696
0.10303514376980347,0.0,0.38461538461538464
0.94169329073332,0.6321730950129216,0.41025641025641024
0.9400958466438657,0.634054562557603,0.35474358974358977
0.891373801915509,0.5691439322660976,0.48717948717948717
0.9432907348227743,0.6302916274682403,0.4757692307692308
0.9408945686885928,0.6312323612405809,0.4406410256410257
0.6349840255580911,0.3160865475064608,0.47435897435897434
0.6341853035133639,0.31514581373412015,0.532051282051282
0.6365814696475454,0.3142050799617795,0.48717948717948717
0.6293929712450009,0.3057384760107136,0.4230769230769231
0.3138977635777733,0.7723424270916796,0.5256410256410257
0.3186900958461363,0.7666980244576356,0.5641025641025641
0.3242811501592264,0.760112888051251,0.5256410256410257
0.31789137380140914,0.7676387582299762,0.4807692307692308
0.32667731629340785,0.7572906867342291,0.4948717948717948
0.3258785942486807,0.7582314205065697,0.5085897435897436
0.3194888178908634,0.765757290685295,0.5384615384615384
0.08226837060689733,0.0197554092191538,0.46474358974358976
0.08466453674107881,0.024459078080857087,0.5855128205128205
0.08706070287526028,0.025399811853197743,0.5535897435897437
0.08626198083053313,0.0263405456255384,0.535128205128205
0.08546325878580598,0.023518344308516428,0.5416666666666666
0.0830670926516245,0.022577610536175772,0.5897435897435898
0.1118210862618022,0.017873941674472486,0.43128205128205127
0.11102236421707505,0.01693320790213183,0.4398717948717949
0.10862619808289357,0.014111006585109857,0.4867948717948718
0.11022364217234788,0.01599247412979117,0.4261538461538461
0.1062300319487121,0.011288805268087886,0.5
0.10702875399343925,0.012229539040428544,0.4957692307692308
0.10463258785925778,0.00940733772340657,0.5064102564102564
0.11261980830652936,0.01881467544681314,0.39371794871794863
0.1078274760381664,0.0131702728127692,0.5056410256410256
0.11341853035125653,0.0197554092191538,0.3675641025641026
0.10942492012762073,0.015051740357450515,0.4396153846153847
0.11421725239598368,0.020696142991494457,0.38038461538461543
0.10543130990398493,0.010348071495747228,0.49538461538461537
0.1253993610221639,0.03386641580426366,0.391025641025641
0.10303514376980347,0.007525870178725257,0.5769230769230769
0.12220447284325527,0.03010348071490103,0.32051282051282054
0.11341853035125653,0.012229539040428544,0.42948717948717946
0.10702875399343925,0.0197554092191538,0.4914102564102564
0.11900958466434663,0.06961429915320863,0.33653846153846156
0.11421725239598368,0.06773283160852732,0.33846153846153854
0.12140575079852811,0.0724365004702306,0.376025641025641
0.10942492012762073,0.08842897460002178,0.36538461538461536
0.10862619808289357,0.08748824082768111,0.3717948717948718
0.115814696485438,0.06585136406384601,0.32051282051282054
0.10463258785925778,0.08654750705534046,0.3269230769230769
0.10543130990398493,0.08372530573831849,0.35641025641025637
0.11980830670907379,0.07431796801491192,0.3692307692307692
0.1022364217250763,0.07996237064895585,0.391025641025641
0.1062300319487121,0.08466603951065914,0.3284615384615385
0.11501597444071084,0.06491063029150534,0.3141025641025641
0.11341853035125653,0.06679209783618666,0.3108974358974359
0.10383386581453062,0.0856067732829998,0.36217948717948717
0.10303514376980347,0.08090310442129652,0.4423076923076923
0.10063897763562199,0.08184383819363718,0.28846153846153844
0.10143769968034914,0.08278457196597783,0.20935897435897433
0.11661341853016516,0.03010348071490103,0.3632051282051282
0.115814696485438,0.031044214487241685,0.3717948717948718
0.10063897763562199,0.01881467544681314,0.5769230769230769
0.10143769968034914,0.017873941674472486,0.42948717948717946
0.11022364217234788,0.007525870178725257,0.486025641025641
0.10303514376980347,0.01599247412979117,0.47769230769230775
0.10702875399343925,0.011288805268087886,0.5038461538461538
0.1062300319487121,0.012229539040428544,0.5065384615384616
0.1078274760381664,0.010348071495747228,0.5275641025641027
0.10942492012762073,0.008466603951065915,0.5143589743589744
0.10383386581453062,0.015051740357450515,0.4791025641025642
0.1022364217250763,0.01693320790213183,0.4841025641025642
0.10543130990398493,0.0131702728127692,0.5092307692307693
0.10463258785925778,0.014111006585109857,0.4892307692307692
0.10862619808289357,0.00940733772340657,0.5048717948717948
0.11741214057489231,0.029162746942560373,0.38038461538461543
0.11102236421707505,0.0065851364063846,0.5358974358974359
0.7012779552704452,0.35559736594476843,0.6624358974358975
0.699680511180991,0.34619002822136186,0.6410256410256411
0.7068690095835354,0.35277516462774644,0.6730769230769231
0.7052715654940811,0.3508936970830651,0.5833333333333334
0.7060702875388082,0.3537158984000871,0.6153846153846154
0.7028753993598996,0.3574788334894497,0.6153846153846154
0.7044728434493539,0.3518344308554058,0.6384615384615384
0.6861022364206293,0.3885230479766914,0.621025641025641
0.6781150159733577,0.3866415804320101,0.6583333333333332
0.6869009584653564,0.3913452492937134,0.5687179487179487
0.6876996805100836,0.39040451552137273,0.6094871794871796
0.6813099041522663,0.3828786453426475,0.6692307692307693
0.6837060702864478,0.395108184383076,0.5897435897435898
0.6741214057497219,0.37629350893626284,0.694871794871795
0.6805111821075391,0.3838193791149881,0.6605128205128205
0.6789137380180849,0.3819379115703068,0.6794871794871795
0.6637380191682688,0.36970837252987826,0.6938461538461539
0.6709265175708132,0.3800564440256255,0.6338461538461538
0.6845047923311749,0.3941674506107353,0.5906410256410256
0.6653354632577231,0.3715898400745596,0.6714102564102564
0.6677316293919046,0.3687676387575376,0.6878205128205129
0.6629392971235416,0.3706491063022189,0.6962820512820513
0.6661341853024503,0.36688617121285627,0.6796153846153847
0.6773162939286305,0.38758231420435074,0.6669230769230768
0.6757188498391762,0.3857008466596694,0.6535897435897436
0.670127795526086,0.3772342427086035,0.66
0.6853035143759021,0.38946378174903207,0.622948717948718
0.6829073482417206,0.39228598306605406,0.6041025641025641
0.6821086261969934,0.39322671683839466,0.5964102564102564
0.6725239616602675,0.3744120413915816,0.6921794871794871
0.664536741212996,0.37253057384690025,0.6785897435897437
0.6765175718839034,0.38476011288732875,0.662051282051282
0.6669329073471775,0.3659454374405156,0.7051282051282052
0.6797124600628119,0.38099717779796616,0.6728205128205129
0.6685303514366318,0.36782690498519693,0.6937179487179487
0.674920127794449,0.3753527751639222,0.6889743589743589
0.6733226837049947,0.3734713076192409,0.6932051282051281
0.6717252396155404,0.37911571025328483,0.6483333333333332
0.669329073481359,0.37817497648094417,0.6421794871794873
0.7036741214046267,0.35653809971710904,0.6153846153846154
0.6980830670915367,0.34430856067668053,0.5961538461538461
0.7020766773151724,0.35465663217242777,0.6051282051282052
0.841054313097698,0.45061147695117476,0.5128205128205128
0.11821086261961947,0.07714016933193389,0.3525641025641026
0.11341853035125653,0.07525870178725257,0.3632051282051282
0.10702875399343925,0.08278457196597783,0.4358974358974359
0.1118210862618022,0.08466603951065914,0.358974358974359
0.09584664536725904,0.09595484477874702,0.21153846153846154
0.11900958466434663,0.07619943555959323,0.3291025641025641
0.1022364217250763,0.08842897460002178,0.3333333333333333
0.10303514376980347,0.08748824082768111,0.34615384615384615
0.11261980830652936,0.08372530573831849,0.38461538461538464
0.1078274760381664,0.08184383819363718,0.30602564102564106
0.12060702875380094,0.06679209783618666,0.3108974358974359
0.11102236421707505,0.0856067732829998,0.28525641025641024
0.115814696485438,0.0724365004702306,0.41025641025641024
0.10942492012762073,0.07996237064895585,0.3794871794871794
0.11421725239598368,0.07431796801491192,0.379102564102564
0.10862619808289357,0.08090310442129652,0.3333333333333333
0.11741214057489231,0.07808090310427454,0.3814102564102564
0.11022364217234788,0.08654750705534046,0.40166666666666667
0.30750798721995604,0.7761053621810422,0.3269230769230769
0.30830670926468323,0.7751646284087015,0.3525641025641026
0.32108626198031776,0.760112888051251,0.7243589743589743
0.3218849840250449,0.7591721542789103,0.47435897435897434
0.3226837060697721,0.7582314205065697,0.40602564102564104
0.3194888178908634,0.7619943555959323,0.46576923076923077
0.3298722044723165,0.7648165569129542,0.41346153846153844
0.3290734824275893,0.765757290685295,0.3992307692307692
0.3186900958461363,0.7629350893682729,0.4551282051282051
0.32348242811449923,0.7572906867342291,0.5037179487179488
0.3091054313094104,0.7742238946363609,0.3782051282051282
0.32667731629340785,0.7685794920023169,0.4807692307692308
0.7036741214046267,0.4092191909681859,0.4957692307692308
0.6853035143759021,0.42709313264265836,0.5897435897435898
0.6892971245995378,0.42238946378095504,0.5416666666666666
0.690095846644265,0.42521166509797703,0.5512820512820513
0.6956869009573552,0.4148635936022298,0.5012820512820512
0.6884984025548108,0.4233301975532957,0.5192307692307693
0.6908945686889922,0.42427093132563637,0.5461538461538461
0.6940894568679008,0.4205079962362738,0.5228205128205128
0.7004792332257181,0.41298212605754847,0.523076923076923
0.699680511180991,0.41392285982988913,0.5128205128205128
0.6980830670915367,0.4120413922852078,0.52
0.6932907348231737,0.4214487300086144,0.5569230769230769
0.6924920127784465,0.41862652869159245,0.5234615384615384
0.6916932907337193,0.4195672624639331,0.5294871794871795
0.6972843450468095,0.4167450611469111,0.532051282051282
0.694888178912628,0.41580432737457046,0.5356410256410257
0.6964856230020823,0.4176857949192518,0.5393589743589743
0.6988817891362638,0.4111006585128672,0.5480769230769231
0.09185303514362324,0.01881467544681314,0.48717948717948717
0.08146964856217018,0.021636876763835116,0.41025641025641024
0.08226837060689733,0.022577610536175772,0.5811538461538461
0.07987220447271585,0.031044214487241685,0.5961538461538461
0.08466453674107881,0.025399811853197743,0.49038461538461536
0.08546325878580598,0.0263405456255384,0.4791025641025642
0.08626198083053313,0.023518344308516428,0.5329487179487179
0.08706070287526028,0.024459078080857087,0.5591025641025641
0.09984025559089482,0.00940733772340657,0.46794871794871795
0.3162939297119548,0.7318908748810312,0.5342307692307693
0.3258785942486807,0.7431796801491192,0.5205128205128204
0.3298722044723165,0.7460018814661411,0.6025641025641025
0.3194888178908634,0.7507055503278444,0.47564102564102556
0.3202875399355906,0.7497648165555038,0.47717948717948716
0.3226837060697721,0.754468485417207,0.48538461538461536
0.32348242811449923,0.7535277516448664,0.5048717948717948
0.32747603833813504,0.7488240827831631,0.4957692307692308
0.3282747603828622,0.7478833490108224,0.5615384615384615
0.3290734824275893,0.7469426152384818,0.6025641025641025
0.32667731629340785,0.7422389463767785,0.6067948717948718
0.3186900958461363,0.7516462841001851,0.4951282051282052
0.31709265175668194,0.7309501411086906,0.5256410256410257
0.31469648562250047,0.7337723424257125,0.5897435897435898
0.3218849840250449,0.7554092191895477,0.47615384615384615
0.3242811501592264,0.7450611476938005,0.5025641025641026
0.31789137380140914,0.7525870178725257,0.5470512820512821
0.6421725239606355,0.31044214487241684,0.5128205128205128
0.6437699680500898,0.3160865475064608,0.5192307692307693
0.6517571884973614,0.32173095014050473,0.47435897435897434
0.6557507987209972,0.3245531514575267,0.5532051282051282
0.6549520766762701,0.3254938852298674,0.5855128205128205
0.6477635782737257,0.3189087488234828,0.5662820512820513
0.6533546325868157,0.3273753527745487,0.5723076923076923
0.6565495207657244,0.3311382878639113,0.6251282051282052
0.6573482428104516,0.33019755409157064,0.6067948717948718
0.6501597444079071,0.32361241768518606,0.5683333333333334
0.6405750798711812,0.31232361241709816,0.47435897435897434
0.659744408944633,0.33490122295327396,0.6082051282051282
0.6621405750788145,0.33207902163625197,0.5732051282051281
0.6613418530340873,0.33301975540859263,0.5389743589743591
0.6605431309893601,0.3339604891809333,0.5964102564102564
0.6373801916922726,0.30856067732773557,0.5128205128205128
0.6381789137369998,0.3076199435553949,0.46576923076923077
0.6341853035133639,0.3047977422383729,0.44871794871794873
0.6589456868999058,0.3283160865468893,0.5284615384615384
0.6581469648551787,0.32925682031923,0.602051282051282
0.6349840255580911,0.30385700846603225,0.48717948717948717
0.6238019169319109,0.28692380056390043,0.45294871794871794
0.6469648562289985,0.3198494825958234,0.55
0.6325878594239096,0.299153339604329,0.42948717948717946
0.6541533546315429,0.32643461900220805,0.6153846153846154
0.6485623003184527,0.31796801505114214,0.4358974358974359
0.6509584664526342,0.3226716839128454,0.5717948717948718
0.6365814696475454,0.3019755409213509,0.5641025641025641
0.11261980830652936,0.01599247412979117,0.41538461538461546
0.11341853035125653,0.022577610536175772,0.3743589743589744
0.10702875399343925,0.015051740357450515,0.4928205128205128
0.11661341853016516,0.0263405456255384,0.3814102564102564
0.12300319488798242,0.03386641580426366,0.5769230769230769
0.10942492012762073,0.012229539040428544,0.4971794871794872
0.10862619808289357,0.0131702728127692,0.4780769230769232
0.11102236421707505,0.017873941674472486,0.42948717948717946
0.1118210862618022,0.01693320790213183,0.4246153846153847
0.10383386581453062,0.011288805268087886,0.4032051282051282
0.1078274760381664,0.014111006585109857,0.4944871794871794
0.10543130990398493,0.00940733772340657,0.48487179487179477
0.11022364217234788,0.01881467544681314,0.44294871794871793
0.1062300319487121,0.008466603951065915,0.47371794871794876
0.11741214057489231,0.025399811853197743,0.3974358974358974
0.11821086261961947,0.024459078080857087,0.3632051282051282
0.10463258785925778,0.010348071495747228,0.5192307692307693
0.6301916932897281,0.3715898400745596,0.5
0.6549520766762701,0.3424270931319992,0.6101282051282052
0.6589456868999058,0.3452492944490212,0.5942307692307691
0.6557507987209972,0.34148635935965854,0.6078205128205127
0.6613418530340873,0.34995296331072445,0.6153846153846154
0.6605431309893601,0.34713076199370246,0.6116666666666666
0.6269968051108195,0.36782690498519693,0.5228205128205128
0.6509584664526342,0.3358419567256146,0.615
0.6501597444079071,0.3367826904979553,0.6002564102564102
0.6533546325868157,0.3405456255873179,0.6051282051282052
0.6541533546315429,0.3396048918149772,0.5852564102564103
0.6573482428104516,0.34336782690433987,0.612051282051282
0.6565495207657244,0.34430856067668053,0.6067948717948718
0.659744408944633,0.3480714957660431,0.6071794871794872
0.6261980830660924,0.3687676387575376,0.46153846153846156
0.6621405750788145,0.3490122295383838,0.5838461538461539
0.6381789137369998,0.3508936970830651,0.47858974358974354
0.6525559105420886,0.3377234242702959,0.5958974358974359
0.624600638976638,0.36688617121285627,0.47012820512820513
0.6253993610213652,0.3659454374405156,0.4667948717948717
0.6581469648551787,0.34619002822136186,0.6135897435897436
0.6277955271555467,0.3706491063022189,0.48717948717948717
0.6517571884973614,0.33866415804263655,0.5588461538461539
0.674920127794449,0.34336782690433987,0.6602564102564102
0.6980830670915367,0.37629350893626284,0.6474358974358975
0.7004792332257181,0.3734713076192409,0.5875641025641025
0.6717252396155404,0.34713076199370246,0.7307692307692307
0.6964856230020823,0.37817497648094417,0.6474358974358975
0.7044728434493539,0.3838193791149881,0.5555128205128205
0.6805111821075391,0.3518344308554058,0.6666666666666666
0.6773162939286305,0.35559736594476843,0.631923076923077
0.6733226837049947,0.3452492944490212,0.5855128205128205
0.690095846644265,0.3706491063022189,0.6447435897435898
0.6829073482417206,0.36406396989583434,0.6682051282051282
0.6821086261969934,0.365004703668175,0.6517948717948718
0.7052715654940811,0.3828786453426475,0.5833333333333334
0.6637380191682688,0.34148635935965854,0.6025641025641025
0.6932907348231737,0.36688617121285627,0.6452564102564102
0.6940894568679008,0.3659454374405156,0.6464102564102564
0.6916932907337193,0.3687676387575376,0.6064102564102564
0.6892971245995378,0.3715898400745596,0.6762820512820513
0.6661341853024503,0.33866415804263655,0.5811538461538461
0.664536741212996,0.3405456255873179,0.5410256410256411
0.6765175718839034,0.35653809971710904,0.6593589743589744
0.6884984025548108,0.37253057384690025,0.6628205128205129
0.6629392971235416,0.3424270931319992,0.5937179487179487
0.6653354632577231,0.3396048918149772,0.5
0.6797124600628119,0.35277516462774644,0.592948717948718
0.7068690095835354,0.38099717779796616,0.5096153846153846
0.6853035143759021,0.36124176857881235,0.6666666666666666
0.6845047923311749,0.362182502351153,0.645128205128205
0.6924920127784465,0.36782690498519693,0.6505128205128204
0.7036741214046267,0.38476011288732875,0.6282051282051282
0.6908945686889922,0.36970837252987826,0.626923076923077
0.6837060702864478,0.3631232361234937,0.6553846153846155
0.6869009584653564,0.359360301034131,0.6773076923076923
0.6813099041522663,0.3508936970830651,0.6538461538461539
0.670127795526086,0.3490122295383838,0.6611538461538461
0.669329073481359,0.34995296331072445,0.6730769230769231
0.6757188498391762,0.3574788334894497,0.6678205128205129
0.6876996805100836,0.35841956726179036,0.6865384615384615
0.6861022364206293,0.3603010348064717,0.6703846153846155
0.6781150159733577,0.35465663217242777,0.623076923076923
0.6789137380180849,0.3537158984000871,0.6424358974358975
0.6741214057497219,0.34430856067668053,0.6923076923076923
0.6677316293919046,0.397930385700098,0.6067948717948718
0.6629392971235416,0.3998118532447793,0.6153846153846154
0.6709265175708132,0.4092191909681859,0.5470512820512821
0.6653354632577231,0.40263405456180124,0.5769230769230769
0.669329073481359,0.40733772342350455,0.5897435897435898
0.6685303514366318,0.39887111947243864,0.6025641025641025
0.6789137380180849,0.4111006585128672,0.4573076923076923
0.674920127794449,0.4063969896511639,0.6025641025641025
0.6725239616602675,0.4035747883341419,0.6047435897435898
0.6741214057497219,0.4054562558788232,0.5806410256410257
0.6733226837049947,0.40451552210648256,0.5717948717948718
0.6861022364206293,0.4195672624639331,0.5085897435897436
0.6924920127784465,0.42709313264265836,0.5855128205128205
0.6805111821075391,0.41298212605754847,0.591923076923077
0.6964856230020823,0.43932267168308686,0.5298717948717948
0.6797124600628119,0.4120413922852078,0.5726923076923077
0.3594249201272214,0.7572906867342291,0.40384615384615385
0.7004792332257181,0.43650047036606493,0.5855128205128205
0.6869009584653564,0.4205079962362738,0.5192307692307693
0.6908945686889922,0.4327375352767023,0.5
0.35623003194831276,0.7610536218235916,0.40256410256410263
0.6853035143759021,0.41862652869159245,0.532051282051282
0.3570287539930399,0.7619943555959323,0.5358974358974359
0.690095846644265,0.4317968015043616,0.4551282051282051
0.6932907348231737,0.428033866414999,0.5961538461538461
0.6813099041522663,0.41392285982988913,0.5939743589743589
0.35782747603776704,0.7629350893682729,0.5307692307692309
0.6940894568679008,0.4289746001873397,0.5448717948717948
0.6773162939286305,0.4167450611469111,0.532051282051282
0.6980830670915367,0.43367826904904294,0.5897435897435898
0.6876996805100836,0.4214487300086144,0.5282051282051282
0.6717252396155404,0.41015992474052654,0.5961538461538461
0.6669329073471775,0.3969896519277573,0.5897435897435898
0.6661341853024503,0.39604891815541665,0.5641025641025641
0.10063897763562199,0.0131702728127692,0.4551282051282051
0.11661341853016516,0.03198494825958234,0.33974358974358976
0.11341853035125653,0.028222013170219714,0.36538461538461536
0.11741214057489231,0.031044214487241685,0.37
0.11261980830652936,0.010348071495747228,0.4957692307692308
0.115814696485438,0.029162746942560373,0.35038461538461535
0.10383386581453062,0.01693320790213183,0.482051282051282
0.11102236421707505,0.008466603951065915,0.5242307692307693
0.1078274760381664,0.004703668861703285,0.4957692307692308
0.11421725239598368,0.027281279397879058,0.33974358974358976
0.10463258785925778,0.01599247412979117,0.48038461538461535
0.1022364217250763,0.015051740357450515,0.4941025641025642
0.10143769968034914,0.012229539040428544,0.41025641025641024
0.10862619808289357,0.007525870178725257,0.4951282051282052
0.10702875399343925,0.005644402634043943,0.4435897435897435
0.10942492012762073,0.0065851364063846,0.5042307692307693
0.11022364217234788,0.00940733772340657,0.5102564102564102
0.11501597444071084,0.03010348071490103,0.37038461538461537
0.10303514376980347,0.014111006585109857,0.46666666666666673
0.1118210862618022,0.011288805268087886,0.4807692307692308
0.1062300319487121,0.017873941674472486,0.3932051282051282
0.6908945686889922,0.37629350893626284,0.6337179487179488
0.6988817891362638,0.3706491063022189,0.6057692307692307
0.6845047923311749,0.3537158984000871,0.6880769230769231
0.6924920127784465,0.37817497648094417,0.6474358974358975
0.6892971245995378,0.3744120413915816,0.6820512820512821
0.7068690095835354,0.395108184383076,0.5512820512820513
0.6653354632577231,0.34619002822136186,0.7307692307692307
0.6869009584653564,0.35653809971710904,0.6721794871794873
0.6781150159733577,0.36124176857881235,0.6711538461538461
0.694888178912628,0.3659454374405156,0.6506410256410257
0.6797124600628119,0.3631232361234937,0.7058974358974359
0.6884984025548108,0.3734713076192409,0.6276923076923077
0.664536741212996,0.3452492944490212,0.6314102564102564
0.6964856230020823,0.36782690498519693,0.623974358974359
0.6757188498391762,0.35841956726179036,0.6625641025641027
0.6805111821075391,0.36406396989583434,0.6784615384615384
0.6837060702864478,0.35277516462774644,0.6382051282051282
0.6765175718839034,0.359360301034131,0.6825641025641025
0.6669329073471775,0.3480714957660431,0.5833333333333334
0.6861022364206293,0.35559736594476843,0.6721794871794873
0.6629392971235416,0.34336782690433987,0.6015384615384616
0.6789137380180849,0.362182502351153,0.7096153846153845
0.6773162939286305,0.3603010348064717,0.6688461538461539
0.6637380191682688,0.34430856067668053,0.5983333333333334
0.6661341853024503,0.34713076199370246,0.5855128205128205
0.6980830670915367,0.36970837252987826,0.6153846153846154
0.8650159744395127,0.4459078080894715,0.3974358974358974
0.6940894568679008,0.3800564440256255,0.532051282051282
0.6916932907337193,0.3772342427086035,0.6666666666666666
0.6853035143759021,0.35465663217242777,0.6282051282051282
0.6956869009573552,0.36688617121285627,0.6251282051282052
0.6813099041522663,0.365004703668175,0.709871794871795
0.690095846644265,0.3753527751639222,0.6653846153846155
0.6821086261969934,0.3508936970830651,0.7564102564102564
0.6829073482417206,0.3518344308554058,0.6128205128205128
0.6972843450468095,0.3687676387575376,0.5807692307692307
0.6677316293919046,0.3490122295383838,0.6826923076923077
0.6876996805100836,0.3574788334894497,0.6887179487179487
0.3130990415330462,0.6444026340533502,0.47435897435897434
0.31469648562250047,0.650047036687394,0.5576923076923077
0.33306709265122514,0.765757290685295,0.5298717948717948
0.33626198083013376,0.7695202257746575,0.4598717948717949
0.33945686900904243,0.7582314205065697,0.5973076923076923
0.3410543130984967,0.7638758231406136,0.5396153846153846
0.33865814696431523,0.7572906867342291,0.5824358974358975
0.34265175718795104,0.7619943555959323,0.6153846153846154
0.34025559105376957,0.7629350893682729,0.5392307692307693
0.3418530351432239,0.7610536218235916,0.5373076923076923
0.3378594249195881,0.760112888051251,0.6233333333333334
0.33706070287486095,0.7591721542789103,0.5833333333333334
0.3338658146959523,0.7704609595469982,0.4943589743589744
0.3450479233221325,0.7798682972704047,0.40384615384615385
0.34664536741158686,0.7855126999044487,0.5512820512820513
0.3354632587854066,0.7685794920023169,0.5426923076923077
0.3346645367406795,0.7714016933193388,0.5160256410256411
0.3442492012774054,0.7826904985874268,0.517051282051282
0.34584664536685966,0.7808090310427455,0.4957692307692308
0.3314696485617708,0.7676387582299762,0.5256410256410257
0.3434504792326782,0.7817497648150861,0.5384615384615384
0.332268370606498,0.7648165569129542,0.5288461538461539
0.9824281150144051,0.6575729068661194,0.40384615384615385
0.3138977635777733,0.6829727187193171,0.4358974358974359
0.31789137380140914,0.6763875823129325,0.517051282051282
0.3162939297119548,0.685794920036339,0.4807692307692308
0.3186900958461363,0.6773283160852731,0.25
0.9576677316278631,0.6594543744108007,0.48717948717948717
0.9241214057493226,0.6801505174022952,0.4935897435897436
0.926517571883504,0.6698024459065479,0.46576923076923077
0.9664536741198619,0.6566321730937786,0.4337179487179487
0.9456869009569557,0.6472248353703721,0.6060256410256409
0.9680511182093162,0.65851364063846,0.4323076923076923
0.9297124600624126,0.6735653809959106,0.4396153846153847
0.9656549520751347,0.6538099717767567,0.4279487179487179
0.9440894568675015,0.6453433678256908,0.6317948717948718
0.9480830670911372,0.6481655691427127,0.5671794871794871
0.9488817891358644,0.6509877704597348,0.5660256410256411
0.9472843450464101,0.6491063029150534,0.5721794871794871
0.967252396164589,0.655691439321438,0.4225641025641025
0.9688498402540434,0.6575729068661194,0.4348717948717949
0.9448881789122286,0.6444026340533502,0.5753846153846153
0.9648562300304075,0.6547507055490974,0.43897435897435894
0.9464856230016829,0.6462841015980315,0.6144871794871796
0.9305111821071398,0.6726246472235698,0.5017948717948718
0.9345047923307755,0.6942615239874049,0.4358974358974359
0.9496805111805916,0.650047036687394,0.5457692307692307
0.9632587859409533,0.6528692380044161,0.45871794871794874
0.9640575079856805,0.6519285042320754,0.46038461538461534
0.6557507987209972,0.40451552210648256,0.5833333333333334
0.36341853035085714,0.7488240827831631,0.5146153846153846
0.35623003194831276,0.7554092191895477,0.48717948717948717
0.3602236421719485,0.7525870178725257,0.3141025641025641
0.36261980830613,0.7478833490108224,0.4333333333333333
0.009584664536725903,0.9934148635917339,0.5726923076923077
0.010383386581453062,0.9924741298193933,0.5412820512820513
0.007987220447271586,0.9915333960470526,0.5833333333333334
0.008785942491998745,0.990592662274712,0.6025641025641025
0.31469648562250047,0.7685794920023169,0.4423076923076923
0.31549520766722766,0.7695202257746575,0.5128205128205128
0.32667731629340785,0.7826904985874268,0.5160256410256411
0.3282747603828622,0.7845719661321081,0.42948717948717946
0.3258785942486807,0.7817497648150861,0.532051282051282
0.32747603833813504,0.7836312323597674,0.4175641025641025
0.3290734824275893,0.7855126999044487,0.5298717948717948
0.21485623003160567,0.6509877704597348,0.34615384615384615
0.31789137380140914,0.6773283160852731,0.5224358974358975
0.3138977635777733,0.6820319849469765,0.46794871794871795
0.3194888178908634,0.6754468485405918,0.483974358974359
0.3130990415330462,0.6829727187193171,0.5576923076923077
0.33945686900904243,0.7422389463767785,0.5426923076923077
0.33865814696431523,0.7431796801491192,0.5470512820512821
0.33067092651704366,0.7525870178725257,0.6153846153846154
0.33706070287486095,0.7450611476938005,0.5897435897435898
0.34664536741158686,0.7412982126044378,0.7307692307692307
0.3378594249195881,0.7441204139214598,0.45294871794871794
0.34025559105376957,0.7488240827831631,0.5641025641025641
0.33626198083013376,0.7535277516448664,0.6053846153846154
0.33306709265122514,0.7497648165555038,0.6167948717948718
0.3338658146959523,0.7563499529618883,0.6025641025641025
0.332268370606498,0.7507055503278444,0.6274358974358974
0.3354632587854066,0.754468485417207,0.5761538461538461
0.3346645367406795,0.7554092191895477,0.5956410256410256
0.34265175718795104,0.7460018814661411,0.6794871794871795
0.3410543130984967,0.7478833490108224,0.5769230769230769
0.3418530351432239,0.7469426152384818,0.5384615384615384
0.3314696485617708,0.7516462841001851,0.6008974358974359
0.694888178912628,0.35465663217242777,0.6461538461538462
0.7036741214046267,0.34995296331072445,0.5448717948717948
0.6717252396155404,0.38758231420435074,0.6723076923076923
0.6932907348231737,0.3603010348064717,0.6335897435897436
0.6709265175708132,0.3866415804320101,0.6724358974358975
0.6805111821075391,0.3753527751639222,0.6975641025641025
0.699680511180991,0.35277516462774644,0.658076923076923
0.6916932907337193,0.35841956726179036,0.6552564102564102
0.6797124600628119,0.3744120413915816,0.7038461538461539
0.6789137380180849,0.3734713076192409,0.7206410256410256
0.6892971245995378,0.3631232361234937,0.6787179487179487
0.6813099041522663,0.37629350893626284,0.7046153846153845
0.6956869009573552,0.35559736594476843,0.623076923076923
0.6733226837049947,0.3819379115703068,0.6446153846153846
0.6876996805100836,0.3687676387575376,0.6648717948717948
0.6884984025548108,0.362182502351153,0.6837179487179487
0.6908945686889922,0.365004703668175,0.6643589743589743
0.6685303514366318,0.3913452492937134,0.5820512820512821
0.6853035143759021,0.3659454374405156,0.6743589743589743
0.6829073482417206,0.3706491063022189,0.7005128205128205
0.6757188498391762,0.3772342427086035,0.6792307692307693
0.6869009584653564,0.36782690498519693,0.6123076923076923
0.7044728434493539,0.34336782690433987,0.391025641025641
0.6837060702864478,0.3715898400745596,0.6810256410256411
0.6661341853024503,0.3885230479766914,0.5623076923076923
0.6629392971235416,0.39228598306605406,0.5470512820512821
0.6781150159733577,0.3800564440256255,0.6683333333333332
0.6725239616602675,0.38099717779796616,0.6502564102564102
0.669329073481359,0.38476011288732875,0.6355128205128204
0.690095846644265,0.36406396989583434,0.6594871794871795
0.6773162939286305,0.37911571025328483,0.6638461538461539
0.7012779552704452,0.34713076199370246,0.5298717948717948
0.6765175718839034,0.37817497648094417,0.6824358974358975
0.6741214057497219,0.3828786453426475,0.6510256410256411
0.670127795526086,0.3857008466596694,0.6176923076923078
0.6845047923311749,0.37253057384690025,0.6842307692307693
0.6637380191682688,0.39322671683839466,0.5464102564102564
0.6861022364206293,0.36688617121285627,0.6526923076923077
0.6669329073471775,0.38946378174903207,0.5192307692307693
0.674920127794449,0.3838193791149881,0.6783333333333333
0.7004792332257181,0.3537158984000871,0.6393589743589744
0.6821086261969934,0.36970837252987826,0.6441025641025641
0.6972843450468095,0.3574788334894497,0.658076923076923
0.664536741212996,0.3941674506107353,0.5214102564102564
0.6924920127784465,0.359360301034131,0.6934615384615385
0.6940894568679008,0.36124176857881235,0.6593589743589744
0.6653354632577231,0.395108184383076,0.5
0.6677316293919046,0.39040451552137273,0.5402564102564102
0.6964856230020823,0.35653809971710904,0.6817948717948719
0.6988817891362638,0.3518344308554058,0.7307692307692307
0.7028753993598996,0.3490122295383838,0.5769230769230769
0.6653354632577231,0.33301975540859263,0.5833333333333334
0.6629392971235416,0.3339604891809333,0.5603846153846153
0.664536741212996,0.33207902163625197,0.5939743589743589
0.6150159744399121,0.2699905926617686,0.4807692307692308
0.670127795526086,0.3273753527745487,0.5983333333333334
0.6637380191682688,0.33490122295327396,0.5487179487179487
0.6413738019159083,0.3226716839128454,0.4974358974358974
0.6421725239606355,0.32173095014050473,0.5032051282051282
0.639776357826454,0.3245531514575267,0.5291025641025641
0.6429712460053627,0.32079021636816407,0.560128205128205
0.6469648562289985,0.3311382878639113,0.5256410256410257
0.6453674121395442,0.33301975540859263,0.5128205128205128
0.6485623003184527,0.32925682031923,0.618076923076923
0.6405750798711812,0.32361241768518606,0.5961538461538461
0.6477635782737257,0.33019755409157064,0.6538461538461539
0.6389776357817268,0.3254938852298674,0.5432051282051282
0.6493610223631799,0.3283160865468893,0.6394871794871795
0.6461661341842713,0.33207902163625197,0.5037179487179488
0.6437699680500898,0.33490122295327396,0.625
0.644568690094817,0.3339604891809333,0.5697435897435897
0.6573482428104516,0.3189087488234828,0.6153846153846154
0.6413738019159083,0.359360301034131,0.5
0.6341853035133639,0.3659454374405156,0.4166666666666667
0.6477635782737257,0.3518344308554058,0.5961538461538461
0.6573482428104516,0.3405456255873179,0.6166666666666666
0.6525559105420886,0.34995296331072445,0.591923076923077
0.6533546325868157,0.34336782690433987,0.6071794871794872
0.659744408944633,0.3358419567256146,0.6117948717948718
0.6517571884973614,0.3490122295383838,0.5480769230769231
0.6589456868999058,0.3424270931319992,0.6211538461538462
0.6501597444079071,0.34713076199370246,0.631923076923077
0.6509584664526342,0.3480714957660431,0.5883333333333334
0.6621405750788145,0.33866415804263655,0.5507692307692307
0.6605431309893601,0.3367826904979553,0.5889743589743589
0.6549520766762701,0.3452492944490212,0.6183333333333334
0.6557507987209972,0.34619002822136186,0.6103846153846154
0.6565495207657244,0.3396048918149772,0.584871794871795
0.6581469648551787,0.34148635935965854,0.6203846153846154
0.6613418530340873,0.3377234242702959,0.5865384615384616
0.6541533546315429,0.34430856067668053,0.6419230769230768
0.6357827476028183,0.36782690498519693,0.4935897435897436
0.9345047923307755,0.6566321730937786,0.6067948717948718
0.926517571883504,0.6472248353703721,0.6730769230769231
0.9337060702860485,0.6538099717767567,0.6282051282051282
0.9376996805096842,0.6603951081831413,0.5802564102564103
0.9329073482413213,0.6547507055490974,0.6378205128205128
0.9400958466438657,0.661335841955482,0.5683333333333334
0.9392971245991385,0.6622765757278226,0.5794871794871795
0.936900958464957,0.6575729068661194,0.5865384615384616
0.9361022364202299,0.65851364063846,0.5708974358974359
0.9384984025544114,0.6594543744108007,0.5905128205128205
0.9257188498387768,0.6444026340533502,0.6089743589743589
0.9233226837045954,0.6434619002810095,0.5897435897435898
0.9353035143755027,0.655691439321438,0.5833333333333334
0.6429712460053627,0.33490122295327396,0.6089743589743589
0.6493610223631799,0.3273753527745487,0.6496153846153846
0.624600638976638,0.2831608654745378,0.40705128205128205
0.6453674121395442,0.3226716839128454,0.6075641025641025
0.644568690094817,0.32173095014050473,0.5806410256410257
0.6437699680500898,0.32079021636816407,0.5824358974358975
0.6469648562289985,0.3245531514575267,0.5810256410256409
0.6461661341842713,0.32361241768518606,0.6194871794871794
0.6477635782737257,0.3254938852298674,0.6174358974358974
0.6485623003184527,0.32643461900220805,0.6255128205128206
0.6421725239606355,0.3339604891809333,0.4807692307692308
0.6405750798711812,0.33207902163625197,0.5641025641025641
0.6557507987209972,0.3198494825958234,0.6282051282051282
0.3186900958461363,0.7714016933193388,0.5256410256410257
0.3282747603828622,0.760112888051251,0.4401282051282051
0.32747603833813504,0.7591721542789103,0.5641025641025641
0.3258785942486807,0.7610536218235916,0.391025641025641
0.32667731629340785,0.7619943555959323,0.46153846153846156
0.3298722044723165,0.7582314205065697,0.5256410256410257
0.312300319488319,0.6396989651916468,0.40602564102564104
0.3162939297119548,0.6801505174022952,0.5
0.31549520766722766,0.6792097836299544,0.5641025641025641
0.3138977635777733,0.6773283160852731,0.4935897435897436
0.312300319488319,0.6754468485405918,0.532051282051282
0.3186900958461363,0.6829727187193171,0.46153846153846156
0.31469648562250047,0.6782690498576138,0.47435897435897434
0.6341853035133639,0.3254938852298674,0.4935897435897436
0.6517571884973614,0.3537158984000871,0.6666666666666666
0.6557507987209972,0.35653809971710904,0.6474358974358975
0.6549520766762701,0.3574788334894497,0.6410256410256411
0.6589456868999058,0.3603010348064717,0.6794871794871795
0.6573482428104516,0.35841956726179036,0.658076923076923
0.6621405750788145,0.36406396989583434,0.6393589743589744
0.6461661341842713,0.3452492944490212,0.6367948717948718
0.6581469648551787,0.36124176857881235,0.6333333333333334
0.659744408944633,0.3631232361234937,0.6944871794871795
0.6437699680500898,0.34430856067668053,0.6474358974358975
0.6605431309893601,0.362182502351153,0.6698717948717948
0.6469648562289985,0.3480714957660431,0.6410256410256411
0.6613418530340873,0.365004703668175,0.6351282051282052
0.6485623003184527,0.34995296331072445,0.5769230769230769
0.6565495207657244,0.359360301034131,0.6794871794871795
0.6541533546315429,0.35465663217242777,0.5897435897435898
0.012779552715634537,0.9952963311364152,0.4573076923076923
0.01198083067090738,0.996237064908756,0.44871794871794873
0.12460063897743674,0.05832549388512075,0.38884615384615384
0.10143769968034914,0.04045155221064826,0.3675641025641026
0.10063897763562199,0.04139228598298891,0.35384615384615375
0.12140575079852811,0.06208842897448337,0.41025641025641024
0.12060702875380094,0.06302916274682403,0.38461538461538464
0.11980830670907379,0.06396989651916468,0.35474358974358977
0.07428115015962575,0.005644402634043943,0.3269230769230769
0.3410543130984967,0.7572906867342291,0.5021794871794872
0.34664536741158686,0.7808090310427455,0.559871794871795
0.3346645367406795,0.7648165569129542,0.5234615384615384
0.347444089456314,0.7798682972704047,0.46153846153846156
0.33306709265122514,0.7704609595469982,0.46794871794871795
0.3506389776352226,0.7761053621810422,0.41448717948717945
0.33865814696431523,0.7638758231406136,0.6315384615384616
0.33626198083013376,0.7666980244576356,0.5826923076923077
0.33706070287486095,0.7619943555959323,0.6062820512820514
0.3418530351432239,0.760112888051251,0.5976923076923077
0.3378594249195881,0.7610536218235916,0.5828205128205127
0.3354632587854066,0.7676387582299762,0.5282051282051282
0.34025559105376957,0.7582314205065697,0.5841025641025641
0.33945686900904243,0.7629350893682729,0.6256410256410256
0.34824281150104114,0.7826904985874268,0.46474358974358976
0.332268370606498,0.7714016933193388,0.44871794871794873
0.3162939297119548,0.790216368766152,0.46576923076923077
0.34265175718795104,0.7591721542789103,0.44871794871794873
0.3314696485617708,0.7685794920023169,0.5
0.3338658146959523,0.765757290685295,0.5205128205128204
0.11102236421707505,0.021636876763835116,0.3717948717948718
0.11261980830652936,0.0197554092191538,0.3717948717948718
0.1118210862618022,0.020696142991494457,0.34615384615384615
0.11421725239598368,0.017873941674472486,0.42948717948717946
0.11022364217234788,0.022577610536175772,0.3333333333333333
0.11341853035125653,0.01881467544681314,0.4465384615384615
0.1118210862618022,0.057384760112780084,0.2692307692307692
0.11102236421707505,0.06020696142980206,0.2692307692307692
0.12220447284325527,0.047036688617032855,0.20089743589743592
0.11261980830652936,0.05832549388512075,0.26282051282051283
0.10862619808289357,0.061147695202142714,0.3685897435897436
0.11022364217234788,0.0592662276574614,0.3525641025641026
0.10942492012762073,0.06208842897448337,0.35038461538461535
0.9233226837045954,0.6462841015980315,0.5256410256410257
0.9305111821071398,0.6396989651916468,0.6282051282051282
0.9345047923307755,0.6594543744108007,0.5384615384615384
0.9424920127780472,0.6538099717767567,0.6484615384615384
0.9408945686885928,0.6519285042320754,0.6447435897435898
0.9329073482413213,0.6650987770448447,0.5448717948717948
0.9392971245991385,0.6575729068661194,0.6056410256410256
0.9376996805096842,0.655691439321438,0.607051282051282
0.936900958464957,0.6622765757278226,0.5782051282051281
0.9384984025544114,0.6566321730937786,0.6087179487179488
0.9273162939282311,0.6434619002810095,0.5732051282051281
0.931309904151867,0.6632173095001633,0.46474358974358976
0.9337060702860485,0.6660395108171853,0.5484615384615384
0.9400958466438657,0.65851364063846,0.6094871794871796
0.9361022364202299,0.661335841955482,0.5739743589743589
0.9321086261965941,0.6641580432725039,0.5416666666666666
0.9353035143755027,0.6603951081831413,0.5961538461538461
0.926517571883504,0.6425211665086689,0.6128205128205128
0.94169329073332,0.6528692380044161,0.6173076923076923
0.9432907348227743,0.6547507055490974,0.3333333333333333
0.13578274760361697,0.020696142991494457,0.22217948717948716
0.6301916932897281,0.31232361241709816,0.5214102564102564
0.6365814696475454,0.3198494825958234,0.5342307692307693
0.6349840255580911,0.31796801505114214,0.6067948717948718
0.6357827476028183,0.3189087488234828,0.5576923076923077
0.6980830670915367,0.35277516462774644,0.5747435897435897
0.694888178912628,0.35653809971710904,0.6765384615384615
0.6972843450468095,0.35559736594476843,0.6548717948717948
0.6956869009573552,0.3574788334894497,0.6248717948717948
0.6837060702864478,0.36970837252987826,0.6923076923076923
0.6964856230020823,0.35465663217242777,0.6705128205128205
0.669329073481359,0.3866415804320101,0.594871794871795
0.664536741212996,0.39228598306605406,0.47435897435897434
0.6845047923311749,0.3706491063022189,0.6739743589743589
0.6661341853024503,0.39040451552137273,0.5584615384615385
0.6741214057497219,0.38099717779796616,0.647051282051282
0.6916932907337193,0.3603010348064717,0.6603846153846155
0.6932907348231737,0.35841956726179036,0.66
0.6908945686889922,0.3631232361234937,0.6626923076923077
0.690095846644265,0.362182502351153,0.6434615384615384
0.6821086261969934,0.3715898400745596,0.6810256410256411
0.674920127794449,0.3819379115703068,0.6567948717948718
0.670127795526086,0.38758231420435074,0.6083333333333334
0.6733226837049947,0.3838193791149881,0.6492307692307693
0.6677316293919046,0.3885230479766914,0.5594871794871795
0.7004792332257181,0.3518344308554058,0.6153846153846154
0.6765175718839034,0.3800564440256255,0.6738461538461539
0.6797124600628119,0.37629350893626284,0.690128205128205
0.6789137380180849,0.3753527751639222,0.7253846153846154
0.6876996805100836,0.36688617121285627,0.6780769230769231
0.6709265175708132,0.38476011288732875,0.6235897435897436
0.6685303514366318,0.38946378174903207,0.5552564102564103
0.6853035143759021,0.36782690498519693,0.6666666666666666
0.6861022364206293,0.3687676387575376,0.6769230769230768
0.6892971245995378,0.365004703668175,0.6621794871794873
0.6637380191682688,0.395108184383076,0.4551282051282051
0.6653354632577231,0.39322671683839466,0.6025641025641025
0.6773162939286305,0.3772342427086035,0.6683333333333332
0.6884984025548108,0.36406396989583434,0.6860256410256411
0.6757188498391762,0.37911571025328483,0.6685897435897437
0.6829073482417206,0.37253057384690025,0.6891025641025641
0.6725239616602675,0.3828786453426475,0.6491025641025641
0.6781150159733577,0.37817497648094417,0.6880769230769231
0.6869009584653564,0.3659454374405156,0.6593589743589744
0.6717252396155404,0.3857008466596694,0.6732051282051282
0.6813099041522663,0.3744120413915816,0.6952564102564103
0.6805111821075391,0.3734713076192409,0.7203846153846154
0.6940894568679008,0.359360301034131,0.6314102564102564
0.6669329073471775,0.3913452492937134,0.5032051282051282
0.6629392971235416,0.3941674506107353,0.5769230769230769
0.6924920127784465,0.36124176857881235,0.6764102564102564
0.6988817891362638,0.3537158984000871,0.6593589743589744
0.6605431309893601,0.36688617121285627,0.7333333333333334
0.6557507987209972,0.37629350893626284,0.6602564102564102
0.6158146964846393,0.359360301034131,0.4935897435897436
0.659744408944633,0.3659454374405156,0.5974358974358973
0.6206070287530022,0.3574788334894497,0.4556410256410257
0.6565495207657244,0.36970837252987826,0.6979487179487179
0.6621405750788145,0.3687676387575376,0.685128205128205
0.6549520766762701,0.3753527751639222,0.5064102564102564
0.6573482428104516,0.3706491063022189,0.7282051282051282
0.6541533546315429,0.3744120413915816,0.36217948717948717
0.6517571884973614,0.37911571025328483,0.3717948717948718
0.6581469648551787,0.3715898400745596,0.6698717948717948
0.619808306708275,0.35653809971710904,0.5192307692307693
0.6238019169319109,0.3537158984000871,0.47692307692307695
0.6589456868999058,0.37253057384690025,0.4775641025641026
0.6230031948871837,0.35277516462774644,0.4923076923076924
0.6613418530340873,0.36782690498519693,0.6678205128205129
0.6525559105420886,0.3800564440256255,0.5153846153846154
0.5782747603824628,0.2850423330192191,0.391025641025641
0.6261980830660924,0.3490122295383838,0.4358974358974359
0.3602236421719485,0.7507055503278444,0.20512820512820512
0.659744408944633,0.39604891815541665,0.41025641025641024
0.36421725239558433,0.7478833490108224,0.47435897435897434
0.3650159744403115,0.7488240827831631,0.4935897435897436
0.10702875399343925,0.021636876763835116,0.4166666666666667
0.11341853035125653,0.014111006585109857,0.4051282051282051
0.11261980830652936,0.024459078080857087,0.3301282051282051
0.1118210862618022,0.023518344308516428,0.34615384615384615
0.6557507987209972,0.36406396989583434,0.6698717948717948
0.6477635782737257,0.3396048918149772,0.5192307692307693
0.6613418530340873,0.3574788334894497,0.6410256410256411
0.6222044728424565,0.36970837252987826,0.517051282051282
0.6206070287530022,0.36782690498519693,0.5384615384615384
0.6573482428104516,0.3508936970830651,0.6608974358974359
0.6621405750788145,0.35653809971710904,0.7051282051282052
0.6605431309893601,0.35465663217242777,0.6303846153846154
0.6549520766762701,0.365004703668175,0.6538461538461539
0.6453674121395442,0.33866415804263655,0.5426923076923077
0.659744408944633,0.35559736594476843,0.6433333333333334
0.6581469648551787,0.3537158984000871,0.6057692307692307
0.6589456868999058,0.35277516462774644,0.6367948717948718
0.6190095846635479,0.3659454374405156,0.5192307692307693
0.6565495207657244,0.3518344308554058,0.6025641025641025
0.6493610223631799,0.34148635935965854,0.4519230769230769
0.6437699680500898,0.3367826904979553,0.5641025641025641
0.6461661341842713,0.3377234242702959,0.6025641025641025
0.6421725239606355,0.34995296331072445,0.532051282051282
0.6533546325868157,0.3631232361234937,0.6153846153846154
0.644568690094817,0.3358419567256146,0.5526923076923077
0.6509584664526342,0.35841956726179036,0.532051282051282
0.6517571884973614,0.36124176857881235,0.5384615384615384
0.33067092651704366,0.7845719661321081,0.5448717948717948
0.3282747603828622,0.78739416744913,0.4358974358974359
0.3410543130984967,0.7723424270916796,0.5692307692307693
0.34025559105376957,0.7732831608640202,0.4935897435897436
0.34265175718795104,0.7742238946363609,0.535
0.33306709265122514,0.7855126999044487,0.5051282051282052
0.3530351437694041,0.7582314205065697,0.391025641025641
0.347444089456314,0.7648165569129542,0.497051282051282
0.35223642172467695,0.7629350893682729,0.5116666666666666
0.35463258785885843,0.760112888051251,0.40705128205128205
0.3442492012774054,0.7685794920023169,0.48717948717948717
0.3514376996799498,0.7638758231406136,0.5165384615384616
0.34664536741158686,0.765757290685295,0.5093589743589744
0.35543130990358557,0.7591721542789103,0.5641025641025641
0.3498402555904955,0.7619943555959323,0.5207692307692309
0.34904153354576833,0.7666980244576356,0.5066666666666666
0.34824281150104114,0.7676387582299762,0.5444871794871795
0.34584664536685966,0.7704609595469982,0.49038461538461536
0.33865814696431523,0.7789275634980641,0.5641025641025641
0.3450479233221325,0.7714016933193388,0.4974358974358974
0.3506389776352226,0.7610536218235916,0.5176923076923077
0.3378594249195881,0.7761053621810422,0.5224358974358975
0.3418530351432239,0.7751646284087015,0.5402564102564102
0.3314696485617708,0.7836312323597674,0.5641025641025641
0.3434504792326782,0.7695202257746575,0.5384615384615384
0.3314696485617708,0.7234242709299653,0.5224358974358975
0.33067092651704366,0.724365004702306,0.5615384615384615
0.3290734824275893,0.73000940733635,0.6146153846153846
0.31549520766722766,0.7422389463767785,0.5384615384615384
0.3282747603828622,0.727187206019328,0.5924358974358973
0.32507987220395357,0.7309501411086906,0.6423076923076922
0.3242811501592264,0.7318908748810312,0.6674358974358975
0.332268370606498,0.7262464722469874,0.597051282051282
0.32667731629340785,0.7328316086533719,0.6225641025641026
0.3258785942486807,0.7337723424257125,0.5988461538461538
0.32348242811449923,0.7365945437427346,0.5096153846153846
0.3202875399355906,0.7403574788320971,0.4807692307692308
0.33306709265122514,0.7253057384746466,0.5641025641025641
0.32747603833813504,0.7281279397916687,0.6034615384615384
0.3218849840250449,0.7347130761980533,0.6224358974358974
0.32108626198031776,0.7356538099703939,0.5614102564102564
0.3226837060697721,0.7375352775150752,0.35717948717948717
0.3298722044723165,0.7290686735640093,0.5769230769230769
0.6485623003184527,0.33866415804263655,0.5615384615384615
0.6413738019159083,0.34336782690433987,0.5298717948717948
0.6605431309893601,0.3508936970830651,0.6293589743589744
0.6621405750788145,0.35277516462774644,0.613974358974359
0.6469648562289985,0.3367826904979553,0.5480769230769231
0.6429712460053627,0.3452492944490212,0.6538461538461539
0.6222044728424565,0.3659454374405156,0.49089743589743595
0.6230031948871837,0.3687676387575376,0.482051282051282
0.6214057507977294,0.36688617121285627,0.5085897435897436
0.6557507987209972,0.3603010348064717,0.6410256410256411
0.6573482428104516,0.35465663217242777,0.717948717948718
0.6238019169319109,0.36782690498519693,0.4542307692307693
0.639776357826454,0.3490122295383838,0.6153846153846154
0.6477635782737257,0.3358419567256146,0.5939743589743589
0.6453674121395442,0.3424270931319992,0.6153846153846154
0.6501597444079071,0.3631232361234937,0.5961538461538461
0.6493610223631799,0.3377234242702959,0.616923076923077
0.6581469648551787,0.3574788334894497,0.6644871794871795
0.659744408944633,0.3518344308554058,0.6252564102564102
0.6589456868999058,0.35653809971710904,0.685
0.6613418530340873,0.3537158984000871,0.6282051282051282
0.644568690094817,0.3396048918149772,0.5448717948717948
0.6437699680500898,0.3405456255873179,0.6025641025641025
0.6517571884973614,0.365004703668175,0.5384615384615384
0.6565495207657244,0.35559736594476843,0.5811538461538461
0.7012779552704452,0.3866415804320101,0.6538461538461539
0.6813099041522663,0.3518344308554058,0.6516666666666666
0.6789137380180849,0.35277516462774644,0.6938461538461539
0.7044728434493539,0.3828786453426475,0.6282051282051282
0.699680511180991,0.3734713076192409,0.592948717948718
0.6797124600628119,0.3537158984000871,0.6560256410256411
0.6821086261969934,0.36406396989583434,0.6676923076923077
0.6837060702864478,0.362182502351153,0.6615384615384615
0.6892971245995378,0.37253057384690025,0.6493589743589744
0.6781150159733577,0.35559736594476843,0.6639743589743591
0.669329073481359,0.3490122295383838,0.5961538461538461
0.6876996805100836,0.359360301034131,0.6519230769230768
0.6829073482417206,0.365004703668175,0.6476923076923077
0.670127795526086,0.34995296331072445,0.6474358974358975
0.6845047923311749,0.3631232361234937,0.6742307692307693
0.6653354632577231,0.3405456255873179,0.5
0.664536741212996,0.3396048918149772,0.47115384615384615
0.6765175718839034,0.3574788334894497,0.6632051282051282
0.6773162939286305,0.35465663217242777,0.6548717948717948
0.690095846644265,0.36970837252987826,0.6298717948717948
0.6677316293919046,0.3358419567256146,0.48717948717948717
0.6757188498391762,0.35653809971710904,0.6830769230769231
0.6629392971235416,0.34148635935965854,0.6083333333333334
0.6932907348231737,0.3659454374405156,0.652948717948718
0.6916932907337193,0.36782690498519693,0.6416666666666666
0.6661341853024503,0.3377234242702959,0.6111538461538462
0.6924920127784465,0.3687676387575376,0.6611538461538461
0.6940894568679008,0.36688617121285627,0.6182051282051282
0.6964856230020823,0.3772342427086035,0.5726923076923077
0.6908945686889922,0.3706491063022189,0.6053846153846154
0.6805111821075391,0.3508936970830651,0.6641025641025641
0.6861022364206293,0.36124176857881235,0.6832051282051282
0.6869009584653564,0.35841956726179036,0.6389743589743591
0.6884984025548108,0.3715898400745596,0.6305128205128206
0.6637380191682688,0.3424270931319992,0.5769230769230769
0.7052715654940811,0.3838193791149881,0.592948717948718
0.6853035143759021,0.3603010348064717,0.6376923076923077
0.6709265175708132,0.34713076199370246,0.6474358974358975
0.11501597444071084,0.011288805268087886,0.358974358974359
0.10543130990398493,0.022577610536175772,0.3141025641025641
0.10463258785925778,0.0197554092191538,0.26282051282051283
0.11421725239598368,0.008466603951065915,0.5256410256410257
0.11102236421707505,0.027281279397879058,0.33974358974358976
0.10942492012762073,0.032925682031923004,0.3076923076923077
0.10143769968034914,0.023518344308516428,0.41448717948717945
0.9536741214042274,0.6566321730937786,0.532051282051282
0.956869009583136,0.6453433678256908,0.4230769230769231
0.9608626198067718,0.6481655691427127,0.47012820512820513
0.9353035143755027,0.6782690498576138,0.4935897435897436
0.9560702875384088,0.6575729068661194,0.5448717948717948
0.9384984025544114,0.6669802445895259,0.5717948717948718
0.9281150159729583,0.6867356538086797,0.41448717948717945
0.961661341851499,0.6509877704597348,0.47115384615384615
0.9329073482413213,0.6773283160852731,0.5
0.931309904151867,0.6754468485405918,0.4823076923076924
0.9321086261965941,0.6745061147682512,0.48512820512820515
0.9512779552700459,0.6519285042320754,0.5273076923076923
0.9376996805096842,0.6679209783618666,0.5538461538461539
0.9528753993595002,0.6538099717767567,0.5121794871794872
0.9289137380176855,0.685794920036339,0.45897435897435895
0.9273162939282311,0.6839134524916578,0.4935897435897436
0.9337060702860485,0.6763875823129325,0.49269230769230776
0.9624600638962261,0.650047036687394,0.4423076923076923
0.9520766773147731,0.6547507055490974,0.5114102564102564
0.9600638977620446,0.6491063029150534,0.47692307692307695
0.9504792332253187,0.6528692380044161,0.5355128205128205
0.9544728434489546,0.655691439321438,0.4593589743589743
0.926517571883504,0.6848541862639984,0.4166666666666667
0.9376996805096842,0.6387582314193062,0.5833333333333334
0.9408945686885928,0.6425211665086689,0.5656410256410257
0.9400958466438657,0.6378174976469656,0.5025641025641026
0.94169329073332,0.6434619002810095,0.5902564102564103
0.9424920127780472,0.6406396989639875,0.5679487179487179
0.9432907348227743,0.6415804327363281,0.5557692307692307
0.9337060702860485,0.6453433678256908,0.6698717948717948
0.9384984025544114,0.6396989651916468,0.4410256410256411
0.9329073482413213,0.6444026340533502,0.6752564102564103
0.936900958464957,0.6491063029150534,0.6025641025641025
0.9392971245991385,0.6368767638746249,0.47435897435897434
0.32667731629340785,0.78739416744913,0.5256410256410257
0.34664536741158686,0.7714016933193388,0.5224358974358975
0.3378594249195881,0.7742238946363609,0.5612820512820513
0.34265175718795104,0.7761053621810422,0.5256410256410257
0.34025559105376957,0.7789275634980641,0.44448717948717953
0.33706070287486095,0.7751646284087015,0.51
0.35223642172467695,0.7572906867342291,0.49038461538461536
0.3514376996799498,0.7582314205065697,0.44871794871794873
0.34904153354576833,0.7685794920023169,0.5470512820512821
0.3498402555904955,0.760112888051251,0.493974358974359
0.3442492012774054,0.7666980244576356,0.4598717948717949
0.3530351437694041,0.7638758231406136,0.5232051282051282
0.35463258785885843,0.7619943555959323,0.47512820512820514
0.3538338658141313,0.7629350893682729,0.48794871794871797
0.3450479233221325,0.765757290685295,0.48717948717948717
0.33306709265122514,0.7798682972704047,0.5064102564102564
0.35543130990358557,0.7610536218235916,0.46538461538461534
0.3418530351432239,0.7770460959533828,0.5192307692307693
0.332268370606498,0.7808090310427455,0.48717948717948717
0.347444089456314,0.7704609595469982,0.5658974358974359
0.3506389776352226,0.7591721542789103,0.47205128205128194
0.33865814696431523,0.7732831608640202,0.5307692307692309
0.33945686900904243,0.7723424270916796,0.5160256410256411
0.34584664536685966,0.7648165569129542,0.47692307692307695
0.34824281150104114,0.7695202257746575,0.5466666666666666
0.3258785942486807,0.7883349012214707,0.46153846153846156
0.36102236421667566,0.7525870178725257,0.2521794871794872
0.6605431309893601,0.39604891815541665,0.5683333333333334
0.35782747603776704,0.7563499529618883,0.40384615384615385
0.3650159744403115,0.7478833490108224,0.46576923076923077
0.3570287539930399,0.7535277516448664,0.5833333333333334
0.36421725239558433,0.7488240827831631,0.4914102564102564
0.35862619808249424,0.7554092191895477,0.3269230769230769
0.36182108626140286,0.7516462841001851,0.28205128205128205
0.6589456868999058,0.40169332078946063,0.6538461538461539
0.659744408944633,0.3969896519277573,0.2734615384615384
0.6365814696475454,0.32079021636816407,0.5658974358974359
0.6349840255580911,0.3226716839128454,0.3525641025641026
0.9329073482413213,0.685794920036339,0.46794871794871795
0.9281150159729583,0.6763875823129325,0.4273076923076923
0.9576677316278631,0.65851364063846,0.47012820512820513
0.961661341851499,0.6519285042320754,0.4882051282051282
0.9544728434489546,0.6472248353703721,0.4230769230769231
0.9536741214042274,0.6462841015980315,0.4273076923076923
0.9528753993595002,0.6491063029150534,0.5707692307692307
0.9592651757173175,0.6566321730937786,0.486025641025641
0.9305111821071398,0.6754468485405918,0.46974358974358976
0.967252396164589,0.6622765757278226,0.3782051282051282
0.9440894568675015,0.6425211665086689,0.5846153846153845
0.9464856230016829,0.6415804327363281,0.5384615384615384
0.9624600638962261,0.6528692380044161,0.44961538461538453
0.9456869009569557,0.6406396989639875,0.5293589743589744
0.9504792332253187,0.650047036687394,0.5644871794871795
0.9512779552700459,0.6509877704597348,0.5333333333333332
0.9600638977620446,0.6538099717767567,0.4683333333333333
0.9608626198067718,0.6547507055490974,0.47205128205128194
0.9448881789122286,0.6434619002810095,0.5685897435897436
0.9584664536725903,0.655691439321438,0.4717948717948718
0.9688498402540434,0.6603951081831413,0.44871794871794873
0.9297124600624126,0.6745061147682512,0.46269230769230774
0.9520766773147731,0.6481655691427127,0.5307692307692309
0.9472843450464101,0.6387582314193062,0.4316666666666667
0.9680511182093162,0.6594543744108007,0.41961538461538467
0.9664536741198619,0.661335841955482,0.4807692307692308
0.956869009583136,0.6575729068661194,0.46153846153846156
0.9488817891358644,0.6368767638746249,0.4935897435897436
0.9289137380176855,0.6773283160852731,0.28205128205128205
0.115814696485438,0.0790216368766152,0.3747435897435898
0.11661341853016516,0.0724365004702306,0.3375641025641025
0.10862619808289357,0.0856067732829998,0.33897435897435896
0.1118210862618022,0.08184383819363718,0.3567948717948718
0.11821086261961947,0.07431796801491192,0.36294871794871797
0.11741214057489231,0.07337723424257125,0.35089743589743594
0.11501597444071084,0.07808090310427454,0.3567948717948718
0.10942492012762073,0.08654750705534046,0.3091025641025641
0.11022364217234788,0.07996237064895585,0.3375641025641025
0.10463258785925778,0.08842897460002178,0.3782051282051282
0.10702875399343925,0.08372530573831849,0.38461538461538464
0.11102236421707505,0.08090310442129652,0.35128205128205137
0.1078274760381664,0.08466603951065914,0.3717948717948718
0.11261980830652936,0.08278457196597783,0.3735897435897436
0.12140575079852811,0.07055503292554928,0.36461538461538456
0.11980830670907379,0.06867356538086797,0.32474358974358974
0.12060702875380094,0.06961429915320863,0.34128205128205136
0.11900958466434663,0.07525870178725257,0.35641025641025637
0.11341853035125653,0.07619943555959323,0.3717948717948718
0.12220447284325527,0.07149576669788994,0.3685897435897436
0.11421725239598368,0.07714016933193389,0.3641025641025642
0.6685303514366318,0.40169332078946063,0.6538461538461539
0.670127795526086,0.4035747883341419,0.5705128205128205
0.3570287539930399,0.7572906867342291,0.4935897435897436
0.6908945686889922,0.428033866414999,0.6282051282051282
0.6725239616602675,0.4082784571958452,0.5993589743589743
0.6837060702864478,0.4214487300086144,0.5448717948717948
0.6797124600628119,0.4148635936022298,0.5192307692307693
0.6876996805100836,0.42427093132563637,0.5192307692307693
0.6916932907337193,0.43085606773202095,0.5234615384615384
0.7004792332257181,0.43932267168308686,0.5833333333333334
0.6932907348231737,0.4327375352767023,0.4935897435897436
0.6924920127784465,0.42991533395968035,0.45294871794871794
0.690095846644265,0.4289746001873397,0.5897435897435898
0.35623003194831276,0.7582314205065697,0.47858974358974354
0.6629392971235416,0.3969896519277573,0.6474358974358975
0.35782747603776704,0.760112888051251,0.5032051282051282
0.6884984025548108,0.42709313264265836,0.5064102564102564
0.6845047923311749,0.4205079962362738,0.5342307692307693
0.6853035143759021,0.4233301975532957,0.5897435897435898
0.7028753993598996,0.4440263405447902,0.532051282051282
0.6956869009573552,0.43367826904904294,0.532051282051282
0.36421725239558433,0.7676387582299762,0.34615384615384615
0.6869009584653564,0.42521166509797703,0.5512820512820513
0.6661341853024503,0.40075258701711997,0.6089743589743589
0.6805111821075391,0.4176857949192518,0.5769230769230769
0.674920127794449,0.4092191909681859,0.5794871794871795
0.6637380191682688,0.39604891815541665,0.5470512820512821
0.6669329073471775,0.3998118532447793,0.6217948717948718
0.6709265175708132,0.4063969896511639,0.5743589743589743
0.664536741212996,0.39887111947243864,0.6282051282051282
0.6717252396155404,0.4054562558788232,0.559871794871795
0.6813099041522663,0.4167450611469111,0.5448717948717948
0.6892971245995378,0.4261523988703177,0.5705128205128205
0.006389776357817269,0.98777046095769,0.4935897435897436
0.33706070287486095,0.7779868297257234,0.47858974358974354
0.33945686900904243,0.7770460959533828,0.5555128205128205
0.34584664536685966,0.7695202257746575,0.5093589743589744
0.34824281150104114,0.7648165569129542,0.4992307692307692
0.34265175718795104,0.7732831608640202,0.5032051282051282
0.3450479233221325,0.7685794920023169,0.4957692307692308
0.3418530351432239,0.7723424270916796,0.5288461538461539
0.3354632587854066,0.7798682972704047,0.46576923076923077
0.34904153354576833,0.765757290685295,0.5014102564102564
0.3506389776352226,0.7638758231406136,0.511923076923077
0.3442492012774054,0.7714016933193388,0.5042307692307693
0.35223642172467695,0.7619943555959323,0.4855128205128206
0.34664536741158686,0.7666980244576356,0.5085897435897436
0.3290734824275893,0.78739416744913,0.5214102564102564
0.3514376996799498,0.7610536218235916,0.4924358974358974
0.34025559105376957,0.7742238946363609,0.5324358974358975
0.3538338658141313,0.760112888051251,0.4775641025641026
0.347444089456314,0.7676387582299762,0.5224358974358975
0.3498402555904955,0.7629350893682729,0.502051282051282
0.3530351437694041,0.7591721542789103,0.4967948717948718
0.3434504792326782,0.7704609595469982,0.5085897435897436
0.3410543130984967,0.7751646284087015,0.5256410256410257
0.35543130990358557,0.7582314205065697,0.40166666666666667
0.33865814696431523,0.7761053621810422,0.517948717948718
0.3338658146959523,0.7817497648150861,0.48294871794871796
0.1062300319487121,0.06773283160852732,0.36538461538461536
0.10702875399343925,0.07619943555959323,0.3743589743589744
0.10862619808289357,0.07808090310427454,0.373974358974359
0.11102236421707505,0.07337723424257125,0.3771794871794872
0.1078274760381664,0.07714016933193389,0.3826923076923076
0.10942492012762073,0.0790216368766152,0.42051282051282046
0.11022364217234788,0.0724365004702306,0.3333333333333333
0.11341853035125653,0.08372530573831849,0.35089743589743594
0.11421725239598368,0.08466603951065914,0.382051282051282
0.11501597444071084,0.0856067732829998,0.28846153846153844
0.1118210862618022,0.07431796801491192,0.36217948717948717
0.10143769968034914,0.06961429915320863,0.46153846153846156
0.11261980830652936,0.07525870178725257,0.3932051282051282
0.1118210862618022,0.00940733772340657,0.5128205128205128
0.11261980830652936,0.008466603951065915,0.5256410256410257
0.10942492012762073,0.004703668861703285,0.4765384615384616
0.11501597444071084,0.028222013170219714,0.382051282051282
0.1062300319487121,0.01599247412979117,0.4967948717948718
0.10303514376980347,0.012229539040428544,0.4478205128205129
0.1078274760381664,0.0065851364063846,0.497051282051282
0.11022364217234788,0.011288805268087886,0.4993589743589744
0.10702875399343925,0.007525870178725257,0.45538461538461533
0.10862619808289357,0.005644402634043943,0.4230769230769231
0.10543130990398493,0.01693320790213183,0.45641025641025634
0.1022364217250763,0.0131702728127692,0.4358974358974359
0.10143769968034914,0.014111006585109857,0.4393589743589743
0.115814696485438,0.027281279397879058,0.36538461538461536
0.11821086261961947,0.03198494825958234,0.3717948717948718
0.11900958466434663,0.031044214487241685,0.34615384615384615
0.11102236421707505,0.010348071495747228,0.5
0.10463258785925778,0.017873941674472486,0.39230769230769225
0.10383386581453062,0.01881467544681314,0.4538461538461539
0.08785942491998745,0.023518344308516428,0.5316666666666666
0.09025559105416892,0.0263405456255384,0.545128205128205
0.07667731629380722,0.010348071495747228,0.358974358974359
0.09265175718835039,0.021636876763835116,0.5705128205128205
0.09345047923307756,0.022577610536175772,0.5265384615384614
0.08865814696471461,0.024459078080857087,0.5394871794871795
0.08945686900944176,0.025399811853197743,0.5616666666666666
0.09185303514362324,0.020696142991494457,0.5448717948717948
0.07587859424908007,0.00940733772340657,0.34615384615384615
0.09584664536725904,0.032925682031923004,0.35474358974358977
0.09824281150144051,0.028222013170219714,0.27564102564102566
0.94169329073332,0.6331138287852622,0.3794871794871794
0.9424920127780472,0.6359360301022843,0.5325641025641027
0.9432907348227743,0.6349952963299436,0.485
0.9400958466438657,0.6312323612405809,0.3997435897435898
0.9408945686885928,0.634054562557603,0.5055128205128206
0.9768370607013149,0.655691439321438,0.4807692307692308
0.9728434504776792,0.6603951081831413,0.4166666666666667
0.9456869009569557,0.6359360301022843,0.511923076923077
0.9488817891358644,0.6321730950129216,0.44448717948717953
0.9752396166118606,0.661335841955482,0.3814102564102564
0.8945686900944176,0.5757290686724822,0.4358974358974359
0.9472843450464101,0.6302916274682403,0.42705128205128207
0.9440894568675015,0.634054562557603,0.47512820512820514
0.9448881789122286,0.6331138287852622,0.46205128205128215
0.9736421725224064,0.6594543744108007,0.4415384615384615
0.9760383386565878,0.6566321730937786,0.3717948717948718
0.9744408945671335,0.6622765757278226,0.4957692307692308
0.9464856230016829,0.6349952963299436,0.4792307692307692
0.9480830670911372,0.6293508936958996,0.41884615384615387
0.9776357827460421,0.65851364063846,0.4717948717948718
0.3202875399355906,0.7281279397916687,0.6217948717948718
0.32667731629340785,0.7356538099703939,0.6167948717948718
0.3218849840250449,0.7337723424257125,0.5541025641025641
0.32108626198031776,0.7328316086533719,0.5342307692307693
0.3186900958461363,0.73000940733635,0.5214102564102564
0.3290734824275893,0.7384760112874159,0.5855128205128205
0.3194888178908634,0.727187206019328,0.5128205128205128
0.2539936102232364,0.6839134524916578,0.4935897435897436
0.3298722044723165,0.7394167450597565,0.6388461538461538
0.32348242811449923,0.7318908748810312,0.6047435897435898
0.31469648562250047,0.7554092191895477,0.4316666666666667
0.3282747603828622,0.7412982126044378,0.5508974358974359
0.32747603833813504,0.7403574788320971,0.5729487179487179
0.3258785942486807,0.7347130761980533,0.6452564102564102
0.2547923322679636,0.6848541862639984,0.48717948717948717
0.3242811501592264,0.7365945437427346,0.5846153846153845
0.3226837060697721,0.7309501411086906,0.5958974358974359
0.3162939297119548,0.7535277516448664,0.47115384615384615
0.30830670926468323,0.685794920036339,0.48717948717948717
0.09025559105416892,0.03386641580426366,0.5544871794871795
0.08067092651744302,0.015051740357450515,0.5298717948717948
0.09265175718835039,0.029162746942560373,0.40166666666666667
0.09345047923307756,0.03010348071490103,0.28461538461538466
0.09744408945671335,0.0197554092191538,0.517948717948718
0.09824281150144051,0.020696142991494457,0.46576923076923077
0.09904153354616767,0.021636876763835116,0.4935897435897436
0.09424920127780471,0.023518344308516428,0.5656410256410257
0.09185303514362324,0.028222013170219714,0.4583333333333333
0.09105431309889608,0.027281279397879058,0.5621794871794871
0.08945686900944176,0.032925682031923004,0.5494871794871795
0.08865814696471461,0.03198494825958234,0.42051282051282046
0.08785942491998745,0.031044214487241685,0.5912820512820514
0.72523961661226,0.34148635935965854,0.3717948717948718
0.9488817891358644,0.6199435559724931,0.5384615384615384
0.9824281150144051,0.6594543744108007,0.3974358974358974
0.9696485622987705,0.6444026340533502,0.4519230769230769
0.9712460063882249,0.6462841015980315,0.41025641025641024
0.34584664536685966,0.7497648165555038,0.6666666666666666
0.33306709265122514,0.7347130761980533,0.5256410256410257
0.32747603833813504,0.718720602068262,0.6282051282051282
0.3450479233221325,0.7507055503278444,0.591923076923077
0.3202875399355906,0.7196613358406028,0.5256410256410257
0.34664536741158686,0.7563499529618883,0.5461538461538461
0.32348242811449923,0.7234242709299653,0.5897435897435898
0.33067092651704366,0.7375352775150752,0.613076923076923
0.3226837060697721,0.724365004702306,0.5528205128205129
0.34025559105376957,0.7337723424257125,0.5064102564102564
0.33626198083013376,0.7384760112874159,0.523076923076923
0.3346645367406795,0.7403574788320971,0.575
0.3338658146959523,0.7412982126044378,0.6116666666666666
0.3442492012774054,0.7516462841001851,0.523076923076923
0.3282747603828622,0.7177798682959214,0.6858974358974359
0.35223642172467695,0.7422389463767785,0.38461538461538464
0.3354632587854066,0.7394167450597565,0.5564102564102564
0.3314696485617708,0.7365945437427346,0.6247435897435898
0.3434504792326782,0.7525870178725257,0.5325641025641027
0.3218849840250449,0.7253057384746466,0.6067948717948718
0.3498402555904955,0.7450611476938005,0.623974358974359
0.332268370606498,0.7356538099703939,0.6192307692307691
0.3130990415330462,0.6754468485405918,0.47435897435897434
0.3138977635777733,0.6745061147682512,0.47217948717948716
0.31469648562250047,0.6810912511746358,0.4316666666666667
0.312300319488319,0.6763875823129325,0.6057692307692307
0.3162939297119548,0.6792097836299544,0.47435897435897434
0.31549520766722766,0.6801505174022952,0.483974358974359
0.31789137380140914,0.6848541862639984,0.44871794871794873
0.31709265175668194,0.6782690498576138,0.3717948717948718
0.08785942491998745,0.0724365004702306,0.46153846153846156
0.09265175718835039,0.07808090310427454,0.36538461538461536
0.3338658146959523,0.7253057384746466,0.5555128205128205
0.31789137380140914,0.7365945437427346,0.5042307692307693
0.3194888178908634,0.7347130761980533,0.5602564102564103
0.3290734824275893,0.7309501411086906,0.6132051282051282
0.3242811501592264,0.7290686735640093,0.6057692307692307
0.32507987220395357,0.73000940733635,0.6141025641025641
0.3226837060697721,0.7384760112874159,0.3897435897435898
0.32667731629340785,0.7281279397916687,0.594871794871795
0.3258785942486807,0.727187206019328,0.5994871794871796
0.32747603833813504,0.7328316086533719,0.5520512820512821
0.3282747603828622,0.7337723424257125,0.6198717948717948
0.3202875399355906,0.7356538099703939,0.5224358974358975
0.3298722044723165,0.7318908748810312,0.6410256410256411
0.32108626198031776,0.7403574788320971,0.4230769230769231
0.3218849840250449,0.7412982126044378,0.48717948717948717
0.31709265175668194,0.7469426152384818,0.48294871794871796
0.3162939297119548,0.7460018814661411,0.5
0.6613418530340873,0.3254938852298674,0.5512820512820513
0.6605431309893601,0.32643461900220805,0.6153846153846154
0.6533546325868157,0.33490122295327396,0.6267948717948718
0.6565495207657244,0.32361241768518606,0.3166666666666667
0.6509584664526342,0.33019755409157064,0.6274358974358974
0.639776357826454,0.3132643461894388,0.5333333333333332
0.6389776357817268,0.3142050799617795,0.4630769230769231
0.6413738019159083,0.3189087488234828,0.5410256410256411
0.6549520766762701,0.33301975540859263,0.6288461538461538
0.6501597444079071,0.3311382878639113,0.6311538461538462
0.6517571884973614,0.32925682031923,0.6389743589743591
0.6429712460053627,0.3170272812788015,0.5641025641025641
0.6557507987209972,0.33207902163625197,0.6383333333333334
0.6405750798711812,0.3198494825958234,0.48717948717948717
0.6541533546315429,0.3339604891809333,0.6389743589743591
0.6421725239606355,0.31796801505114214,0.5897435897435898
0.6525559105420886,0.3283160865468893,0.6628205128205129
0.6621405750788145,0.3245531514575267,0.5448717948717948
0.6214057507977294,0.2822201317021971,0.4914102564102564
0.619808306708275,0.2765757290681532,0.38461538461538464
0.6158146964846393,0.2699905926617686,0.47858974358974354
0.720447284343897,0.38758231420435074,0.5897435897435898
0.6637380191682688,0.3339604891809333,0.5128205128205128
0.6629392971235416,0.33490122295327396,0.5816666666666668
0.664536741212996,0.33301975540859263,0.5871794871794871
0.6661341853024503,0.3311382878639113,0.6410256410256411
0.6669329073471775,0.33019755409157064,0.5769230769230769
0.312300319488319,0.6735653809959106,0.5641025641025641
0.3162939297119548,0.6669802445895259,0.22435897435897437
0.31469648562250047,0.6688617121342072,0.37461538461538463
0.3130990415330462,0.6707431796788885,0.47435897435897434
0.3138977635777733,0.6716839134512292,0.48717948717948717
0.31549520766722766,0.6698024459065479,0.3552564102564102
0.09904153354616767,0.04139228598298891,0.376025641025641
0.09584664536725904,0.03762935089362628,0.358974358974359
0.09504792332253187,0.034807149576604315,0.34615384615384615
0.09424920127780471,0.03574788334894497,0.3974358974358974
0.09744408945671335,0.0395108184383076,0.20935897435897433
0.12140575079852811,0.08090310442129652,0.34615384615384615
0.1062300319487121,0.07619943555959323,0.34192307692307694
0.10543130990398493,0.07714016933193389,0.34615384615384615
0.11022364217234788,0.07149576669788994,0.3530769230769232
0.10383386581453062,0.0790216368766152,0.2606410256410256
0.1118210862618022,0.06961429915320863,0.3269230769230769
0.11102236421707505,0.07055503292554928,0.3794871794871794
0.10942492012762073,0.06491063029150534,0.358974358974359
0.11261980830652936,0.06867356538086797,0.34192307692307694
0.22843450479196736,0.6359360301022843,0.5256410256410257
0.009584664536725903,0.9887111947300307,0.5
0.3107028753988647,0.6726246472235698,0.27564102564102566
0.3130990415330462,0.6773283160852731,0.48717948717948717
0.31549520766722766,0.6782690498576138,0.3974358974358974
0.31469648562250047,0.6792097836299544,0.41205128205128205
0.9289137380176855,0.6782690498576138,0.40384615384615385
0.9464856230016829,0.6387582314193062,0.5256410256410257
0.9656549520751347,0.661335841955482,0.44871794871794873
0.9257188498387768,0.6745061147682512,0.5256410256410257
0.926517571883504,0.6773283160852731,0.46794871794871795
0.9640575079856805,0.6594543744108007,0.4330769230769231
0.9456869009569557,0.6396989651916468,0.5583333333333333
0.9480830670911372,0.6406396989639875,0.5256410256410257
0.9273162939282311,0.6763875823129325,0.47115384615384615
0.9504792332253187,0.6453433678256908,0.4423076923076923
0.9544728434489546,0.6481655691427127,0.5064102564102564
0.9624600638962261,0.6575729068661194,0.4515384615384615
0.9520766773147731,0.6472248353703721,0.5641025641025641
0.9321086261965941,0.6820319849469765,0.375
0.961661341851499,0.65851364063846,0.46705128205128216
0.9608626198067718,0.655691439321438,0.45538461538461533
0.9448881789122286,0.6368767638746249,0.5
0.956869009583136,0.6528692380044161,0.47794871794871796
0.9592651757173175,0.6538099717767567,0.46153846153846156
0.9552715654936816,0.6509877704597348,0.5193589743589744
0.9560702875384088,0.650047036687394,0.4817948717948718
0.9440894568675015,0.6378174976469656,0.5362820512820513
0.9281150159729583,0.6792097836299544,0.47012820512820513
0.9600638977620446,0.6566321730937786,0.48294871794871796
0.9584664536725903,0.6547507055490974,0.47435897435897434
0.931309904151867,0.6829727187193171,0.4358974358974359
0.9632587859409533,0.6603951081831413,0.3794871794871794
0.9297124600624126,0.6810912511746358,0.4775641025641026
0.9528753993595002,0.6462841015980315,0.3794871794871794
0.9536741214042274,0.6491063029150534,0.5
0.9305111821071398,0.6801505174022952,0.45923076923076916
0.9648562300304075,0.6622765757278226,0.40384615384615385
0.9576677316278631,0.6519285042320754,0.4885897435897436
0.11421725239598368,0.061147695202142714,0.3269230769230769
0.12140575079852811,0.05644402634043943,0.3782051282051282
0.115814696485438,0.06302916274682403,0.32474358974358974
0.1022364217250763,0.048918156161714174,0.4166666666666667
0.10303514376980347,0.04797742238937351,0.3525641025641026
0.669329073481359,0.4092191909681859,0.6794871794871795
0.6741214057497219,0.4035747883341419,0.5641025641025641
0.6805111821075391,0.4111006585128672,0.5448717948717948
0.6876996805100836,0.4195672624639331,0.5416666666666666
0.6765175718839034,0.4176857949192518,0.5769230769230769
0.6781150159733577,0.41580432737457046,0.5737179487179487
0.674920127794449,0.40451552210648256,0.5862820512820514
0.6725239616602675,0.4054562558788232,0.5564102564102564
0.6813099041522663,0.4120413922852078,0.5
0.6733226837049947,0.4063969896511639,0.7051282051282052
0.6853035143759021,0.4205079962362738,0.5234615384615384
0.6845047923311749,0.4233301975532957,0.5342307692307693
0.6757188498391762,0.4167450611469111,0.5641025641025641
0.36102236421667566,0.7572906867342291,0.4358974358974359
0.6932907348231737,0.4261523988703177,0.5416666666666666
0.6916932907337193,0.428033866414999,0.5128205128205128
0.3570287539930399,0.7638758231406136,0.5293589743589744
0.35623003194831276,0.7629350893682729,0.4974358974358974
0.6908945686889922,0.43085606773202095,0.5555128205128205
0.6924920127784465,0.4289746001873397,0.5421794871794873
0.6677316293919046,0.39604891815541665,0.6153846153846154
0.6964856230020823,0.4374412041384056,0.3034615384615385
0.699680511180991,0.43367826904904294,0.5875641025641025
0.6940894568679008,0.42709313264265836,0.5961538461538461
0.6980830670915367,0.43555973659372427,0.5192307692307693
0.6861022364206293,0.4214487300086144,0.5192307692307693
0.35782747603776704,0.7610536218235916,0.5
0.3602236421719485,0.760112888051251,0.2564102564102564
0.6685303514366318,0.3969896519277573,0.5384615384615384
0.6972843450468095,0.43838193791074626,0.5128205128205128
0.6869009584653564,0.41862652869159245,0.5410256410256411
0.35862619808249424,0.7619943555959323,0.5274358974358975
0.6717252396155404,0.4082784571958452,0.5714102564102563
0.6797124600628119,0.41392285982988913,0.5692307692307693
0.6789137380180849,0.41298212605754847,0.5833333333333334
0.670127795526086,0.41015992474052654,0.6025641025641025
0.6669329073471775,0.39887111947243864,0.6025641025641025
0.10702875399343925,0.06208842897448337,0.32051282051282054
0.10862619808289357,0.06396989651916468,0.3333333333333333
0.1062300319487121,0.05174035747873614,0.3632051282051282
0.1118210862618022,0.06020696142980206,0.3141025641025641
0.11022364217234788,0.05832549388512075,0.3717948717948718
0.11261980830652936,0.0592662276574614,0.3269230769230769
0.11102236421707505,0.057384760112780084,0.3333333333333333
0.1078274760381664,0.061147695202142714,0.3942307692307692
0.008785942491998745,0.9915333960470526,0.5705128205128205
0.010383386581453062,0.9934148635917339,0.5769230769230769
0.009584664536725903,0.9924741298193933,0.5897435897435898
0.007987220447271586,0.990592662274712,0.5555128205128205
0.34824281150104114,0.7714016933193388,0.47435897435897434
0.33865814696431523,0.7751646284087015,0.5256410256410257
0.347444089456314,0.7685794920023169,0.5629487179487179
0.3410543130984967,0.7761053621810422,0.5480769230769231
0.3506389776352226,0.7572906867342291,0.46666666666666673
0.3378594249195881,0.7723424270916796,0.4957692307692308
0.35463258785885843,0.7638758231406136,0.5244871794871795
0.35543130990358557,0.7629350893682729,0.46269230769230774
0.3450479233221325,0.7676387582299762,0.47589743589743594
0.34584664536685966,0.7666980244576356,0.498974358974359
0.3442492012774054,0.7648165569129542,0.4962820512820512
0.3538338658141313,0.7610536218235916,0.46435897435897433
0.35223642172467695,0.7591721542789103,0.4957692307692308
0.3530351437694041,0.7619943555959323,0.48012820512820514
0.34664536741158686,0.7695202257746575,0.5524358974358975
0.3434504792326782,0.765757290685295,0.4943589743589744
0.3514376996799498,0.760112888051251,0.5021794871794872
0.3498402555904955,0.7582314205065697,0.5117948717948718
0.33945686900904243,0.7742238946363609,0.5298717948717948
0.34265175718795104,0.7779868297257234,0.5666666666666667
0.33706070287486095,0.7732831608640202,0.4923076923076924
0.34904153354576833,0.7704609595469982,0.483974358974359
0.34025559105376957,0.7770460959533828,0.5352564102564102
0.3418530351432239,0.7789275634980641,0.5192307692307693
0.33306709265122514,0.7817497648150861,0.5743589743589743
0.6621405750788145,0.3254938852298674,0.5448717948717948
0.6605431309893601,0.3273753527745487,0.6282051282051282
0.6429712460053627,0.31796801505114214,0.5756410256410257
0.6421725239606355,0.3170272812788015,0.5506410256410257
0.6533546325868157,0.3339604891809333,0.631025641025641
0.6405750798711812,0.3189087488234828,0.2948717948717949
0.6509584664526342,0.3311382878639113,0.6285897435897436
0.6381789137369998,0.3160865475064608,0.5576923076923077
0.6549520766762701,0.33207902163625197,0.6238461538461538
0.6517571884973614,0.3283160865468893,0.6617948717948718
0.6557507987209972,0.33301975540859263,0.6344871794871795
0.6541533546315429,0.33490122295327396,0.6167948717948718
0.6413738019159083,0.3198494825958234,0.5192307692307693
0.6389776357817268,0.3132643461894388,0.5461538461538461
0.6222044728424565,0.2822201317021971,0.4401282051282051
0.639776357826454,0.3142050799617795,0.5234615384615384
0.6501597444079071,0.33019755409157064,0.6469230769230768
0.6525559105420886,0.32925682031923,0.6747435897435897
0.659744408944633,0.32643461900220805,0.6538461538461539
0.6940894568679008,0.4148635936022298,0.5108974358974359
0.690095846644265,0.4120413922852078,0.5423076923076923
0.7004792332257181,0.42238946378095504,0.5202564102564102
0.6924920127784465,0.4167450611469111,0.525
0.6964856230020823,0.4195672624639331,0.5316666666666666
0.694888178912628,0.4214487300086144,0.550128205128205
0.6980830670915367,0.42521166509797703,0.5837179487179487
0.699680511180991,0.4233301975532957,0.5512820512820513
0.6972843450468095,0.41862652869159245,0.5424358974358975
0.6884984025548108,0.41392285982988913,0.5355128205128205
0.6892971245995378,0.41298212605754847,0.5092307692307693
0.6916932907337193,0.4176857949192518,0.5156410256410257
0.6988817891362638,0.42427093132563637,0.6002564102564102
0.6956869009573552,0.4205079962362738,0.5335897435897436
0.6908945686889922,0.4111006585128672,0.5410256410256411
0.6932907348231737,0.41580432737457046,0.5365384615384615
0.08865814696471461,0.0724365004702306,0.5256410256410257
0.09265175718835039,0.0790216368766152,0.5855128205128205
0.6134185303504578,0.2652869238000653,0.5
0.6126198083057306,0.26622765757240596,0.5576923076923077
0.6581469648551787,0.3819379115703068,0.5811538461538461
0.6573482428104516,0.3828786453426475,0.5333333333333332
0.6565495207657244,0.3838193791149881,0.6076923076923078
0.6613418530340873,0.3857008466596694,0.5339743589743591
0.6269968051108195,0.35841956726179036,0.4534615384615385
0.6357827476028183,0.35559736594476843,0.48461538461538456
0.6589456868999058,0.38099717779796616,0.46153846153846156
0.6285942492002738,0.36406396989583434,0.4816666666666666
0.6317891373791824,0.35277516462774644,0.4641025641025641
0.6309904153344553,0.3537158984000871,0.4458974358974359
0.6301916932897281,0.362182502351153,0.5035897435897436
0.6341853035133639,0.3574788334894497,0.4423076923076923
0.6525559105420886,0.3885230479766914,0.35038461538461535
0.6261980830660924,0.359360301034131,0.46115384615384614
0.6549520766762701,0.39322671683839466,0.42948717948717946
0.6349840255580911,0.35653809971710904,0.45692307692307693
0.6253993610213652,0.3603010348064717,0.48538461538461536
0.6333865814686368,0.3508936970830651,0.41153846153846146
0.6277955271555467,0.365004703668175,0.46474358974358976
0.6293929712450009,0.3631232361234937,0.5021794871794872
0.6365814696475454,0.35465663217242777,0.4230769230769231
0.659744408944633,0.38758231420435074,0.5233333333333332
0.624600638976638,0.36124176857881235,0.46435897435897433
0.6621405750788145,0.38476011288732875,0.528076923076923
0.6325878594239096,0.3518344308554058,0.43128205128205127
0.6605431309893601,0.3866415804320101,0.517051282051282
0.32348242811449923,0.7347130761980533,0.6324358974358975
0.3338658146959523,0.7224835371576247,0.5576923076923077
0.3226837060697721,0.7356538099703939,0.6196153846153846
0.3298722044723165,0.727187206019328,0.5478205128205129
0.3242811501592264,0.7337723424257125,0.6367948717948718
0.32667731629340785,0.7309501411086906,0.6410256410256411
0.332268370606498,0.724365004702306,0.5192307692307693
0.32507987220395357,0.7328316086533719,0.6311538461538462
0.3290734824275893,0.7281279397916687,0.5525641025641025
0.3258785942486807,0.7318908748810312,0.594871794871795
0.32747603833813504,0.73000940733635,0.6037179487179488
0.32108626198031776,0.7375352775150752,0.4166666666666667
0.3282747603828622,0.7290686735640093,0.595
0.3314696485617708,0.7253057384746466,0.5406410256410257
0.33067092651704366,0.7262464722469874,0.5076923076923077
0.33306709265122514,0.7234242709299653,0.5961538461538461
0.31549520766722766,0.7441204139214598,0.358974358974359
0.669329073481359,0.4120413922852078,0.5256410256410257
0.6805111821075391,0.41015992474052654,0.5384615384615384
0.6757188498391762,0.40451552210648256,0.565128205128205
0.6725239616602675,0.41580432737457046,0.5064102564102564
0.7116613418518983,0.42991533395968035,0.5641025641025641
0.6861022364206293,0.3998118532447793,0.5674358974358975
0.6781150159733577,0.4054562558788232,0.5730769230769232
0.6773162939286305,0.4063969896511639,0.5875641025641025
0.6829073482417206,0.39604891815541665,0.5957692307692307
0.6813099041522663,0.4092191909681859,0.5670512820512821
0.6876996805100836,0.40169332078946063,0.5305128205128204
0.6765175718839034,0.4035747883341419,0.57
0.6797124600628119,0.40733772342350455,0.5794871794871795
0.6853035143759021,0.40075258701711997,0.5464102564102564
0.6869009584653564,0.40263405456180124,0.5565384615384615
0.7060702875388082,0.4402634054554275,0.5
0.6845047923311749,0.397930385700098,0.5667948717948718
0.6837060702864478,0.39887111947243864,0.5671794871794871
0.6821086261969934,0.3969896519277573,0.5646153846153847
0.7052715654940811,0.4374412041384056,0.5448717948717948
0.6789137380180849,0.4082784571958452,0.5688461538461539
0.6717252396155404,0.41298212605754847,0.6282051282051282
0.6709265175708132,0.41392285982988913,0.6666666666666666
0.6956869009573552,0.4412041392277682,0.5512820512820513
0.9400958466438657,0.6302916274682403,0.3692307692307692
0.9424920127780472,0.6331138287852622,0.5025641025641026
0.9408945686885928,0.6349952963299436,0.45294871794871794
0.94169329073332,0.6359360301022843,0.5101282051282052
0.9432907348227743,0.634054562557603,0.47897435897435897
0.9392971245991385,0.6293508936958996,0.391025641025641
0.11102236421707505,0.06961429915320863,0.3162820512820513
0.10862619808289357,0.06679209783618666,0.3375641025641025
0.10543130990398493,0.07808090310427454,0.3942307692307692
0.1062300319487121,0.0790216368766152,0.358974358974359
0.09424920127780471,0.11006585136385688,0.32474358974358974
0.1118210862618022,0.07055503292554928,0.367948717948718
0.11022364217234788,0.06867356538086797,0.34615384615384615
0.11261980830652936,0.07149576669788994,0.29230769230769227
0.10463258785925778,0.07714016933193389,0.391025641025641
0.9329073482413213,0.6603951081831413,0.4551282051282051
0.931309904151867,0.6622765757278226,0.5214102564102564
0.94169329073332,0.6575729068661194,0.6282051282051282
0.9432907348227743,0.655691439321438,0.38461538461538464
0.9353035143755027,0.6650987770448447,0.55
0.9345047923307755,0.6660395108171853,0.5512820512820513
0.936900958464957,0.6632173095001633,0.5196153846153846
0.9400958466438657,0.6519285042320754,0.6005128205128205
0.9361022364202299,0.6641580432725039,0.5561538461538461
0.9281150159729583,0.6434619002810095,0.652051282051282
0.9289137380176855,0.6425211665086689,0.5997435897435898
0.9392971245991385,0.6528692380044161,0.5906410256410256
0.9384984025544114,0.6538099717767567,0.6188461538461538
0.9337060702860485,0.6594543744108007,0.5705128205128205
0.9376996805096842,0.6547507055490974,0.625
0.9297124600624126,0.6415804327363281,0.6897435897435897
0.9321086261965941,0.661335841955482,0.45294871794871794
0.3162939297119548,0.7497648165555038,0.5192307692307693
0.3194888178908634,0.7309501411086906,0.5685897435897436
0.32348242811449923,0.7281279397916687,0.6555128205128204
0.3202875399355906,0.7318908748810312,0.5384615384615384
0.3282747603828622,0.7375352775150752,0.6055128205128205
0.3226837060697721,0.727187206019328,0.6132051282051282
0.3130990415330462,0.7535277516448664,0.44871794871794873
0.3298722044723165,0.7356538099703939,0.6489743589743591
0.31789137380140914,0.7328316086533719,0.49
0.32108626198031776,0.7290686735640093,0.5961538461538461
0.32747603833813504,0.7365945437427346,0.638076923076923
0.3258785942486807,0.7384760112874159,0.5974358974358973
0.3186900958461363,0.7337723424257125,0.5216666666666666
0.3138977635777733,0.754468485417207,0.5448717948717948
0.31709265175668194,0.7507055503278444,0.45294871794871794
0.3218849840250449,0.73000940733635,0.604871794871795
0.3290734824275893,0.7347130761980533,0.6346153846153846
0.32667731629340785,0.7394167450597565,0.6089743589743589
0.31549520766722766,0.7525870178725257,0.47692307692307695
0.6988817891362638,0.40733772342350455,0.5
0.6908945686889922,0.397930385700098,0.5256410256410257
0.6940894568679008,0.40169332078946063,0.5555128205128205
0.6980830670915367,0.4082784571958452,0.48294871794871796
0.7044728434493539,0.41580432737457046,0.5416666666666666
0.7052715654940811,0.4148635936022298,0.5256410256410257
0.7036741214046267,0.41298212605754847,0.5042307692307693
0.6884984025548108,0.3969896519277573,0.5076923076923077
0.7004792332257181,0.4092191909681859,0.5641025641025641
0.6932907348231737,0.40263405456180124,0.5298717948717948
0.690095846644265,0.39887111947243864,0.5384615384615384
0.6956869009573552,0.4035747883341419,0.6057692307692307
0.7020766773151724,0.4111006585128672,0.5717948717948718
0.694888178912628,0.40451552210648256,0.6538461538461539
0.7060702875388082,0.4176857949192518,0.4807692307692308
0.6916932907337193,0.40075258701711997,0.532051282051282
0.7028753993598996,0.41392285982988913,0.6025641025641025
0.7012779552704452,0.4120413922852078,0.4914102564102564
0.6972843450468095,0.4054562558788232,0.54
0.6892971245995378,0.39604891815541665,0.5333333333333332
0.6964856230020823,0.4063969896511639,0.5512820512820513
0.699680511180991,0.41015992474052654,0.5214102564102564
0.6924920127784465,0.3998118532447793,0.5939743589743589
0.9999999999984026,0.6726246472235698,0.41025641025641024
0.1078274760381664,0.050799623706395486,0.2948717948717949
0.10543130990398493,0.06302916274682403,0.4273076923076923
0.11102236421707505,0.054562558795758116,0.34384615384615375
0.11022364217234788,0.05362182502341746,0.3234615384615385
0.10862619808289357,0.05174035747873614,0.36538461538461536
0.10942492012762073,0.0526810912510768,0.32820512820512815
0.11261980830652936,0.05644402634043943,0.3102564102564103
0.1118210862618022,0.05550329256809877,0.30551282051282047
0.312300319488319,0.7629350893682729,0.32051282051282054
0.3290734824275893,0.7732831608640202,0.5448717948717948
0.25319488817850927,0.6820319849469765,0.4775641025641026
0.25159744408905493,0.6839134524916578,0.46794871794871795
0.3298722044723165,0.7723424270916796,0.47435897435897434
0.6932907348231737,0.4176857949192518,0.5396153846153846
0.7020766773151724,0.39604891815541665,0.532051282051282
0.699680511180991,0.42521166509797703,0.5641025641025641
0.6908945686889922,0.41298212605754847,0.5128205128205128
0.690095846644265,0.41392285982988913,0.5317948717948718
0.6884984025548108,0.4120413922852078,0.5324358974358975
0.6980830670915367,0.4233301975532957,0.5742307692307693
0.6964856230020823,0.4214487300086144,0.5588461538461539
0.6924920127784465,0.4148635936022298,0.5244871794871795
0.7004792332257181,0.42427093132563637,0.63
0.6892971245995378,0.4111006585128672,0.5448717948717948
0.6988817891362638,0.42238946378095504,0.5755128205128205
0.6940894568679008,0.4167450611469111,0.5233333333333332
0.694888178912628,0.4195672624639331,0.5333333333333332
0.6916932907337193,0.41580432737457046,0.5116666666666666
0.6972843450468095,0.4205079962362738,0.5512820512820513
0.6956869009573552,0.41862652869159245,0.517051282051282
0.7020766773151724,0.3603010348064717,0.5976923076923077
0.7084664536729897,0.35277516462774644,0.6282051282051282
0.7012779552704452,0.36124176857881235,0.6378205128205128
0.6821086261969934,0.3838193791149881,0.6662820512820513
0.6861022364206293,0.3866415804320101,0.6196153846153846
0.7028753993598996,0.359360301034131,0.6483333333333332
0.6853035143759021,0.38758231420435074,0.65
0.6781150159733577,0.3885230479766914,0.6433333333333334
0.6637380191682688,0.3753527751639222,0.6592307692307693
0.6805111821075391,0.39322671683839466,0.6141025641025641
0.6685303514366318,0.3772342427086035,0.6457692307692309
0.6717252396155404,0.3659454374405156,0.7073076923076923
0.6837060702864478,0.3819379115703068,0.6712820512820513
0.664536741212996,0.3744120413915816,0.6742307692307693
0.6709265175708132,0.36688617121285627,0.6967948717948718
0.6733226837049947,0.3715898400745596,0.6825641025641025
0.6765175718839034,0.39040451552137273,0.6544871794871795
0.669329073481359,0.3687676387575376,0.6911538461538461
0.6813099041522663,0.39228598306605406,0.6002564102564102
0.6789137380180849,0.395108184383076,0.6061538461538462
0.6797124600628119,0.3941674506107353,0.6025641025641025
0.6829073482417206,0.3828786453426475,0.6735897435897437
0.6845047923311749,0.38099717779796616,0.7034615384615385
0.6653354632577231,0.3734713076192409,0.6732051282051282
0.6757188498391762,0.3913452492937134,0.6571794871794873
0.6773162939286305,0.38946378174903207,0.6476923076923077
0.6677316293919046,0.37817497648094417,0.6392307692307693
0.6876996805100836,0.38476011288732875,0.6594871794871795
0.6669329073471775,0.37911571025328483,0.6096153846153846
0.674920127794449,0.36970837252987826,0.6721794871794873
0.670127795526086,0.36782690498519693,0.6994871794871795
0.7036741214046267,0.35841956726179036,0.4923076923076924
0.6725239616602675,0.37253057384690025,0.6925641025641025
0.6661341853024503,0.3800564440256255,0.6282051282051282
0.6741214057497219,0.3706491063022189,0.6723076923076923
0.7092651757177169,0.3518344308554058,0.5983333333333334
0.6629392971235416,0.37629350893626284,0.6575641025641027
0.6869009584653564,0.3857008466596694,0.6519230769230768
0.09824281150144051,0.015051740357450515,0.46153846153846156
0.09584664536725904,0.01599247412979117,0.4230769230769231
0.08067092651744302,0.020696142991494457,0.45294871794871794
0.08706070287526028,0.028222013170219714,0.5778205128205127
0.08386581469635165,0.03198494825958234,0.5833333333333334
0.08466453674107881,0.029162746942560373,0.5705128205128205
0.08626198083053313,0.027281279397879058,0.5360256410256411
0.0830670926516245,0.031044214487241685,0.6153846153846154
0.09504792332253187,0.01881467544681314,0.49038461538461536
0.08546325878580598,0.03010348071490103,0.5729487179487179
0.09904153354616767,0.012229539040428544,0.3162820512820513
0.664536741212996,0.40263405456180124,0.5641025641025641
0.6765175718839034,0.4148635936022298,0.5576923076923077
0.6741214057497219,0.4063969896511639,0.6923076923076923
0.6733226837049947,0.4035747883341419,0.5833333333333334
0.6861022364206293,0.41862652869159245,0.5192307692307693
0.6797124600628119,0.4111006585128672,0.5256410256410257
0.6805111821075391,0.41392285982988913,0.5298717948717948
0.6813099041522663,0.41298212605754847,0.5538461538461539
0.674920127794449,0.4054562558788232,0.5897435897435898
0.6637380191682688,0.3998118532447793,0.40384615384615385
0.35623003194831276,0.7619943555959323,0.5288461538461539
0.3570287539930399,0.7610536218235916,0.40064102564102566
0.6789137380180849,0.4120413922852078,0.5842307692307691
0.6964856230020823,0.4402634054554275,0.3525641025641026
0.6940894568679008,0.428033866414999,0.5589743589743589
0.6916932907337193,0.42709313264265836,0.5384615384615384
0.6781150159733577,0.4167450611469111,0.5384615384615384
0.6924920127784465,0.4261523988703177,0.5384615384615384
0.35862619808249424,0.7629350893682729,0.4551282051282051
0.6845047923311749,0.42427093132563637,0.5384615384615384
0.6932907348231737,0.4289746001873397,0.517051282051282
0.6876996805100836,0.4205079962362738,0.5423076923076923
0.6869009584653564,0.4214487300086144,0.5146153846153846
0.7004792332257181,0.43555973659372427,0.5192307692307693
0.690095846644265,0.4327375352767023,0.5042307692307693
0.6956869009573552,0.4374412041384056,0.517948717948718
0.670127795526086,0.40733772342350455,0.5576923076923077
0.6717252396155404,0.4092191909681859,0.5961538461538461
0.6829073482417206,0.42238946378095504,0.5085897435897436
0.6669329073471775,0.39604891815541665,0.5897435897435898
0.669329073481359,0.4082784571958452,0.6410256410256411
0.6653354632577231,0.40169332078946063,0.5705128205128205
0.6725239616602675,0.40451552210648256,0.5160256410256411
0.6685303514366318,0.397930385700098,0.7008974358974359
0.22683706070251305,0.634054562557603,0.5576923076923077
0.2276357827472402,0.6331138287852622,0.5641025641025641
0.6102236421715491,0.365004703668175,0.4807692307692308
0.3067092651752289,0.7732831608640202,0.32051282051282054
0.30511182108577456,0.7751646284087015,0.38461538461538464
0.30591054313050176,0.7742238946363609,0.44871794871794873
0.3186900958461363,0.7591721542789103,0.5128205128205128
0.3218849840250449,0.7629350893682729,0.5897435897435898
0.3290734824275893,0.7695202257746575,0.4423076923076923
0.30750798721995604,0.7723424270916796,0.3782051282051282
0.3194888178908634,0.7582314205065697,0.3269230769230769
0.3202875399355906,0.7572906867342291,0.4435897435897435
0.32667731629340785,0.7648165569129542,0.38461538461538464
0.32747603833813504,0.7714016933193388,0.41025641025641024
0.6916932907337193,0.35277516462774644,0.623974358974359
0.690095846644265,0.35465663217242777,0.6025641025641025
0.670127795526086,0.395108184383076,0.5961538461538461
0.6940894568679008,0.3518344308554058,0.5939743589743589
0.6972843450468095,0.3631232361234937,0.623974358974359
0.6924920127784465,0.3537158984000871,0.6410256410256411
0.6964856230020823,0.362182502351153,0.647051282051282
0.6661341853024503,0.3828786453426475,0.5957692307692307
0.6709265175708132,0.39228598306605406,0.6396153846153846
0.6805111821075391,0.3659454374405156,0.6933333333333334
0.6797124600628119,0.3687676387575376,0.7232051282051282
0.699680511180991,0.35841956726179036,0.6578205128205129
0.6956869009573552,0.365004703668175,0.6333333333333334
0.6813099041522663,0.36688617121285627,0.6991025641025641
0.6685303514366318,0.3819379115703068,0.6087179487179488
0.6773162939286305,0.36970837252987826,0.7125641025641025
0.6988817891362638,0.36124176857881235,0.6153846153846154
0.6725239616602675,0.39040451552137273,0.675
0.6717252396155404,0.39322671683839466,0.685128205128205
0.6789137380180849,0.36782690498519693,0.7176923076923077
0.6629392971235416,0.3866415804320101,0.5202564102564102
0.6869009584653564,0.3734713076192409,0.6994871794871795
0.6757188498391762,0.3715898400745596,0.6841025641025641
0.6861022364206293,0.37629350893626284,0.68
0.6637380191682688,0.38758231420435074,0.5329487179487179
0.6829073482417206,0.3800564440256255,0.6733333333333332
0.6653354632577231,0.3857008466596694,0.5680769230769231
0.6733226837049947,0.3913452492937134,0.6634615384615384
0.6876996805100836,0.3744120413915816,0.6741025641025641
0.694888178912628,0.36406396989583434,0.6448717948717948
0.6837060702864478,0.3772342427086035,0.72
0.6677316293919046,0.38099717779796616,0.5992307692307691
0.664536741212996,0.38476011288732875,0.5675641025641025
0.6980830670915367,0.3603010348064717,0.6342307692307693
0.6741214057497219,0.3885230479766914,0.6930769230769231
0.6821086261969934,0.37911571025328483,0.6971794871794871
0.6765175718839034,0.37253057384690025,0.695
0.6845047923311749,0.37817497648094417,0.6915384615384615
0.6781150159733577,0.3706491063022189,0.7085897435897436
0.6669329073471775,0.3838193791149881,0.5934615384615386
0.674920127794449,0.38946378174903207,0.6894871794871795
0.710063897762444,0.3480714957660431,0.6602564102564102
0.6892971245995378,0.3574788334894497,0.6506410256410257
0.6853035143759021,0.3753527751639222,0.6785897435897437
0.6884984025548108,0.35653809971710904,0.6387179487179486
0.7004792332257181,0.359360301034131,0.6162820512820512
0.6908945686889922,0.35559736594476843,0.6039743589743589
0.669329073481359,0.3941674506107353,0.6185897435897436
0.34025559105376957,0.7554092191895477,0.48717948717948717
0.33945686900904243,0.7507055503278444,0.5555128205128205
0.3378594249195881,0.7525870178725257,0.5534615384615384
0.3354632587854066,0.7460018814661411,0.6025641025641025
0.33626198083013376,0.7469426152384818,0.5538461538461539
0.3314696485617708,0.7450611476938005,0.6132051282051282
0.33067092651704366,0.7441204139214598,0.6092307692307691
0.332268370606498,0.7422389463767785,0.5861538461538461
0.3338658146959523,0.7478833490108224,0.6247435897435898
0.3346645367406795,0.7488240827831631,0.6089743589743589
0.33865814696431523,0.7497648165555038,0.5298717948717948
0.33706070287486095,0.7516462841001851,0.5846153846153845
0.3410543130984967,0.7563499529618883,0.532051282051282
0.3418530351432239,0.7535277516448664,0.47012820512820513
0.3530351437694041,0.7403574788320971,0.42948717948717946
0.33306709265122514,0.7431796801491192,0.5837179487179487
0.6150159744399121,0.2671683913447466,0.4914102564102564
0.669329073481359,0.3311382878639113,0.46794871794871795
0.31709265175668194,0.6726246472235698,0.4566666666666667
0.3162939297119548,0.6735653809959106,0.3932051282051282
0.3138977635777733,0.6688617121342072,0.4166666666666667
0.31549520766722766,0.6707431796788885,0.41576923076923084
0.31469648562250047,0.6716839134512292,0.5096153846153846
0.659744408944633,0.41298212605754847,0.5865384615384616
0.6613418530340873,0.4111006585128672,0.5384615384615384
0.9520766773147731,0.655691439321438,0.4974358974358974
0.9361022364202299,0.6745061147682512,0.5256410256410257
0.936900958464957,0.6754468485405918,0.5448717948717948
0.9345047923307755,0.6763875823129325,0.48717948717948717
0.9656549520751347,0.6415804327363281,0.28205128205128205
0.9337060702860485,0.6792097836299544,0.48717948717948717
0.9353035143755027,0.6773283160852731,0.44551282051282054
0.9321086261965941,0.6810912511746358,0.45294871794871794
0.9560702875384088,0.6528692380044161,0.5128205128205128
0.9552715654936816,0.6519285042320754,0.5028205128205128
0.9576677316278631,0.6509877704597348,0.4905128205128206
0.9544728434489546,0.6547507055490974,0.5185897435897436
0.9297124600624126,0.6820319849469765,0.39487179487179486
0.9528753993595002,0.6566321730937786,0.4957692307692308
0.9592651757173175,0.6491063029150534,0.5939743589743589
0.9289137380176855,0.6848541862639984,0.4423076923076923
0.9305111821071398,0.6829727187193171,0.45641025641025634
0.9281150159729583,0.6839134524916578,0.3632051282051282
0.9329073482413213,0.6782690498576138,0.47012820512820513
0.9584664536725903,0.6481655691427127,0.46666666666666673
0.926517571883504,0.685794920036339,0.38461538461538464
0.9536741214042274,0.6538099717767567,0.5262820512820513
0.931309904151867,0.6801505174022952,0.45641025641025634
0.956869009583136,0.650047036687394,0.520128205128205
0.9600638977620446,0.6462841015980315,0.45294871794871794
0.34025559105376957,0.7422389463767785,0.5192307692307693
0.3410543130984967,0.7431796801491192,0.532051282051282
0.33706070287486095,0.7460018814661411,0.5512820512820513
0.3314696485617708,0.754468485417207,0.6217948717948718
0.33306709265122514,0.7563499529618883,0.5923076923076923
0.3346645367406795,0.7507055503278444,0.658076923076923
0.33865814696431523,0.7478833490108224,0.5153846153846154
0.332268370606498,0.7554092191895477,0.5705128205128205
0.3354632587854066,0.7516462841001851,0.5683333333333334
0.3194888178908634,0.7102539981171961,0.6282051282051282
0.3338658146959523,0.7497648165555038,0.6080769230769232
0.3418530351432239,0.7441204139214598,0.5384615384615384
0.33626198083013376,0.7525870178725257,0.6161538461538462
0.3218849840250449,0.7055503292554929,0.7051282051282052
0.33945686900904243,0.7488240827831631,0.5128205128205128
0.3378594249195881,0.7469426152384818,0.5426923076923077
0.6541533546315429,0.3226716839128454,0.4358974358974359
0.6517571884973614,0.3254938852298674,0.4230769230769231
0.644568690094817,0.3189087488234828,0.5939743589743589
0.6389776357817268,0.31044214487241684,0.5352564102564102
0.6509584664526342,0.32643461900220805,0.6392307692307693
0.6501597444079071,0.3273753527745487,0.6410256410256411
0.659744408944633,0.3311382878639113,0.5982051282051282
0.6333865814686368,0.3019755409213509,0.5128205128205128
0.6573482428104516,0.3339604891809333,0.6417948717948718
0.6581469648551787,0.33301975540859263,0.6252564102564102
0.6589456868999058,0.33207902163625197,0.6284615384615384
0.6613418530340873,0.32925682031923,0.6089743589743589
0.6381789137369998,0.3113828786447575,0.5128205128205128
0.6461661341842713,0.3170272812788015,0.6496153846153846
0.6605431309893601,0.33019755409157064,0.5679487179487179
0.6565495207657244,0.33490122295327396,0.6378205128205128
0.6437699680500898,0.3198494825958234,0.5943589743589743
0.6549520766762701,0.32173095014050473,0.6153846153846154
0.6453674121395442,0.31796801505114214,0.5705128205128205
0.6525559105420886,0.3245531514575267,0.532051282051282
0.6533546325868157,0.32361241768518606,0.47115384615384615
0.11022364217234788,0.005644402634043943,0.47435897435897434
0.11421725239598368,0.031044214487241685,0.3534615384615384
0.10063897763562199,0.01693320790213183,0.5416666666666666
0.10942492012762073,0.010348071495747228,0.5184615384615384
0.1062300319487121,0.014111006585109857,0.4917948717948718
0.10543130990398493,0.015051740357450515,0.5051282051282052
0.1078274760381664,0.008466603951065915,0.4942307692307692
0.10702875399343925,0.00940733772340657,0.4921794871794872
0.10862619808289357,0.011288805268087886,0.4973076923076924
0.10303514376980347,0.017873941674472486,0.47294871794871796
0.10143769968034914,0.01599247412979117,0.46858974358974353
0.10463258785925778,0.012229539040428544,0.5247435897435898
0.1022364217250763,0.01881467544681314,0.5726923076923077
0.10383386581453062,0.0131702728127692,0.4542307692307693
0.11741214057489231,0.027281279397879058,0.4538461538461539
0.1118210862618022,0.007525870178725257,0.3782051282051282
0.11821086261961947,0.03010348071490103,0.4166666666666667
0.115814696485438,0.032925682031923004,0.3675641025641026
0.11661341853016516,0.028222013170219714,0.35384615384615375
0.11261980830652936,0.0065851364063846,0.46794871794871795
0.019169329073451806,0.9952963311364152,0.5128205128205128
0.10383386581453062,0.06585136406384601,0.38461538461538464
0.10463258785925778,0.06491063029150534,0.41025641025641024
0.11741214057489231,0.07996237064895585,0.358974358974359
0.1118210862618022,0.07525870178725257,0.28525641025641024
0.11022364217234788,0.07337723424257125,0.3837179487179488
0.11661341853016516,0.08090310442129652,0.41025641025641024
0.09265175718835039,0.11288805268087886,0.3269230769230769
0.11341853035125653,0.08466603951065914,0.34871794871794876
0.10862619808289357,0.0790216368766152,0.33474358974358975
0.11421725239598368,0.08372530573831849,0.3932051282051282
0.11102236421707505,0.0724365004702306,0.3076923076923077
0.10702875399343925,0.07714016933193389,0.3675641025641026
0.10942492012762073,0.07808090310427454,0.4380769230769231
0.1078274760381664,0.07619943555959323,0.3865384615384616
0.11261980830652936,0.07431796801491192,0.3108974358974359
0.10063897763562199,0.06961429915320863,0.4957692307692308
0.3218849840250449,0.7356538099703939,0.47692307692307695
0.3226837060697721,0.7365945437427346,0.3974358974358974
0.32667731629340785,0.7337723424257125,0.6196153846153846
0.32108626198031776,0.7347130761980533,0.5769230769230769
0.31709265175668194,0.7450611476938005,0.46576923076923077
0.32507987220395357,0.7318908748810312,0.6342307692307693
0.3314696485617708,0.724365004702306,0.5641025641025641
0.32747603833813504,0.727187206019328,0.5687179487179487
0.3258785942486807,0.7328316086533719,0.6528205128205128
0.31549520766722766,0.7431796801491192,0.4957692307692308
0.3242811501592264,0.7309501411086906,0.6262820512820512
0.3194888178908634,0.7403574788320971,0.5
0.3282747603828622,0.7281279397916687,0.5932051282051282
0.3290734824275893,0.7290686735640093,0.5897435897435898
0.3298722044723165,0.73000940733635,0.6062820512820514
0.332268370606498,0.7253057384746466,0.5555128205128205
0.32348242811449923,0.7375352775150752,0.6538461538461539
0.6621405750788145,0.3857008466596694,0.5252564102564102
0.6261980830660924,0.35841956726179036,0.4892307692307692
0.6573482428104516,0.3838193791149881,0.584871794871795
0.624600638976638,0.3603010348064717,0.4823076923076924
0.6557507987209972,0.39322671683839466,0.47858974358974354
0.6285942492002738,0.365004703668175,0.5205128205128204
0.6309904153344553,0.35277516462774644,0.4402564102564103
0.6549520766762701,0.39228598306605406,0.5544871794871795
0.659744408944633,0.3866415804320101,0.5416666666666666
0.6253993610213652,0.36124176857881235,0.47089743589743593
0.6341853035133639,0.35653809971710904,0.47038461538461535
0.6277955271555467,0.36406396989583434,0.4943589743589744
0.6365814696475454,0.35559736594476843,0.4435897435897435
0.6605431309893601,0.38758231420435074,0.5467948717948719
0.6269968051108195,0.359360301034131,0.4893589743589744
0.6325878594239096,0.3508936970830651,0.4807692307692308
0.6357827476028183,0.35465663217242777,0.41282051282051285
0.6333865814686368,0.3518344308554058,0.4419230769230769
0.6349840255580911,0.3574788334894497,0.4542307692307693
0.6293929712450009,0.362182502351153,0.4943589743589744
0.6589456868999058,0.3819379115703068,0.5780769230769232
0.6613418530340873,0.38476011288732875,0.5311538461538462
0.6317891373791824,0.3537158984000871,0.4566666666666667
0.6301916932897281,0.3631232361234937,0.4942307692307692
0.6581469648551787,0.38099717779796616,0.5874358974358973
0.12220447284325527,0.07431796801491192,0.27564102564102566
0.12060702875380094,0.0724365004702306,0.33974358974358976
0.115814696485438,0.06679209783618666,0.3351282051282051
0.11741214057489231,0.06867356538086797,0.3782051282051282
0.11501597444071084,0.06773283160852732,0.3358974358974359
0.10383386581453062,0.08466603951065914,0.3897435897435898
0.11980830670907379,0.07337723424257125,0.35128205128205137
0.10463258785925778,0.08372530573831849,0.3533333333333334
0.11900958466434663,0.07055503292554928,0.34615384615384615
0.10303514376980347,0.08184383819363718,0.34397435897435896
0.1062300319487121,0.0856067732829998,0.3632051282051282
0.1078274760381664,0.08748824082768111,0.3525641025641026
0.1022364217250763,0.08278457196597783,0.3782051282051282
0.11821086261961947,0.07149576669788994,0.34871794871794876
0.11661341853016516,0.06961429915320863,0.34192307692307694
0.6325878594239096,0.36782690498519693,0.4578205128205127
0.6341853035133639,0.36970837252987826,0.46794871794871795
0.6317891373791824,0.36688617121285627,0.4261538461538461
0.6309904153344553,0.3659454374405156,0.45551282051282055
0.6621405750788145,0.3424270931319992,0.6111538461538462
0.6453674121395442,0.35277516462774644,0.5961538461538461
0.6613418530340873,0.34148635935965854,0.6405128205128204
0.6509584664526342,0.34430856067668053,0.625
0.6549520766762701,0.3490122295383838,0.5641025641025641
0.644568690094817,0.3518344308554058,0.4935897435897436
0.6501597444079071,0.34336782690433987,0.5865384615384616
0.659744408944633,0.3396048918149772,0.6211538461538462
0.6581469648551787,0.3377234242702959,0.6265384615384616
0.6573482428104516,0.3367826904979553,0.6089743589743589
0.6565495207657244,0.3358419567256146,0.6182051282051282
0.6605431309893601,0.3405456255873179,0.6192307692307691
0.6541533546315429,0.3480714957660431,0.6025641025641025
0.6589456868999058,0.33866415804263655,0.6187179487179488
0.6557507987209972,0.34995296331072445,0.5717948717948718
0.6373801916922726,0.35841956726179036,0.4358974358974359
0.6517571884973614,0.3452492944490212,0.5993589743589743
0.6525559105420886,0.34619002822136186,0.6346153846153846
0.6333865814686368,0.3687676387575376,0.4715384615384616
0.6972843450468095,0.4082784571958452,0.4957692307692308
0.6924920127784465,0.39887111947243864,0.5362820512820513
0.7020766773151724,0.4176857949192518,0.5342307692307693
0.6892971245995378,0.40263405456180124,0.5333333333333332
0.6964856230020823,0.40733772342350455,0.5239743589743591
0.7028753993598996,0.4148635936022298,0.5576923076923077
0.690095846644265,0.3998118532447793,0.5503846153846155
0.7012779552704452,0.4167450611469111,0.5160256410256411
0.6980830670915367,0.4054562558788232,0.5256410256410257
0.6884984025548108,0.40169332078946063,0.5473076923076923
0.7052715654940811,0.41392285982988913,0.5448717948717948
0.7076677316282626,0.42427093132563637,0.4807692307692308
0.6908945686889922,0.40075258701711997,0.5298717948717948
0.694888178912628,0.4092191909681859,0.5226923076923077
0.6932907348231737,0.39604891815541665,0.5461538461538461
0.6956869009573552,0.41015992474052654,0.5673076923076923
0.6940894568679008,0.3969896519277573,0.5897435897435898
0.10702875399343925,0.0037629350893626286,0.6153846153846154
0.1078274760381664,0.0028222013170219715,0.4551282051282051
0.9305111821071398,0.6895578551257017,0.38461538461538464
0.956869009583136,0.6434619002810095,0.391025641025641
0.9376996805096842,0.6810912511746358,0.40602564102564104
0.9440894568675015,0.65851364063846,0.5683333333333334
0.9656549520751347,0.6481655691427127,0.36538461538461536
0.9241214057493226,0.6820319849469765,0.3974358974358974
0.9584664536725903,0.6415804327363281,0.4230769230769231
0.9353035143755027,0.6688617121342072,0.5183333333333334
0.9361022364202299,0.6679209783618666,0.5247435897435898
0.9576677316278631,0.6425211665086689,0.38461538461538464
0.936900958464957,0.6669802445895259,0.5228205128205128
0.9496805111805916,0.6519285042320754,0.5588461538461539
0.9329073482413213,0.6716839134512292,0.5015384615384616
0.9345047923307755,0.6698024459065479,0.5078205128205128
0.9337060702860485,0.6707431796788885,0.5037179487179488
0.9680511182093162,0.6453433678256908,0.34615384615384615
0.9480830670911372,0.6538099717767567,0.5342307692307693
0.9281150159729583,0.6923800564427237,0.358974358974359
0.931309904151867,0.6735653809959106,0.4935897435897436
0.9488817891358644,0.6528692380044161,0.5855128205128205
0.9273162939282311,0.6933207902150643,0.4358974358974359
0.9632587859409533,0.6509877704597348,0.42128205128205126
0.9321086261965941,0.6726246472235698,0.5102564102564102
0.3242811501592264,0.7431796801491192,0.6089743589743589
0.32108626198031776,0.754468485417207,0.46153846153846156
0.32507987220395357,0.7422389463767785,0.5897435897435898
0.31709265175668194,0.7328316086533719,0.5801282051282052
0.3218849840250449,0.7535277516448664,0.4630769230769231
0.3298722044723165,0.7478833490108224,0.6538461538461539
0.3186900958461363,0.7497648165555038,0.486025641025641
0.3226837060697721,0.7563499529618883,0.49538461538461537
0.32667731629340785,0.7441204139214598,0.5439743589743591
0.32348242811449923,0.7554092191895477,0.5406410256410257
0.3258785942486807,0.7450611476938005,0.5
0.31789137380140914,0.7507055503278444,0.4435897435897435
0.3202875399355906,0.7516462841001851,0.47269230769230774
0.32747603833813504,0.7469426152384818,0.6025641025641025
0.3282747603828622,0.7460018814661411,0.617948717948718
0.3290734824275893,0.7488240827831631,0.6923076923076923
0.3194888178908634,0.7525870178725257,0.5
0.9712460063882249,0.6491063029150534,0.3782051282051282
0.9696485622987705,0.6509877704597348,0.391025641025641
0.972044728432952,0.6481655691427127,0.4401282051282051
0.7212460063886242,0.34148635935965854,0.3974358974358974
0.7244408945675328,0.3377234242702959,0.46153846153846156
0.12220447284325527,0.06020696142980206,0.34615384615384615
0.12300319488798242,0.061147695202142714,0.4230769230769231
0.11261980830652936,0.048918156161714174,0.2564102564102564
0.11980830670907379,0.07619943555959323,0.3333333333333333
0.1269968051116182,0.054562558795758116,0.38461538461538464
0.10702875399343925,0.09125117591704375,0.24358974358974358
0.1062300319487121,0.08278457196597783,0.373974358974359
0.11900958466434663,0.06773283160852732,0.35474358974358977
0.11821086261961947,0.06679209783618666,0.3641025641025642
0.10303514376980347,0.08654750705534046,0.358974358974359
0.1022364217250763,0.0856067732829998,0.34935897435897434
0.11741214057489231,0.06585136406384601,0.2692307692307692
0.10543130990398493,0.08184383819363718,0.3675641025641026
0.10463258785925778,0.08090310442129652,0.33974358974358976
0.10063897763562199,0.08372530573831849,0.3076923076923077
0.11022364217234788,0.08748824082768111,0.3375641025641025
0.1078274760381664,0.0921919096893844,0.2692307692307692
0.11661341853016516,0.06491063029150534,0.3534615384615384
0.10143769968034914,0.08466603951065914,0.3717948717948718
0.11341853035125653,0.06867356538086797,0.34435897435897433
0.115814696485438,0.07149576669788994,0.28205128205128205
0.11421725239598368,0.06961429915320863,0.3256410256410257
0.12220447284325527,0.028222013170219714,0.3333333333333333
0.10463258785925778,0.011288805268087886,0.48294871794871796
0.1118210862618022,0.01599247412979117,0.4348717948717949
0.1062300319487121,0.00940733772340657,0.47115384615384615
0.11261980830652936,0.01693320790213183,0.4243589743589743
0.11421725239598368,0.022577610536175772,0.3183333333333333
0.10702875399343925,0.014111006585109857,0.4974358974358974
0.1078274760381664,0.015051740357450515,0.498974358974359
0.11102236421707505,0.01881467544681314,0.39833333333333326
0.10383386581453062,0.010348071495747228,0.5096153846153846
0.10942492012762073,0.0131702728127692,0.4956410256410256
0.10862619808289357,0.012229539040428544,0.5057692307692309
0.11341853035125653,0.021636876763835116,0.3641025641025642
0.12380191693270959,0.03386641580426366,0.47435897435897434
0.11741214057489231,0.0263405456255384,0.375
0.11022364217234788,0.017873941674472486,0.5085897435897436
0.10543130990398493,0.008466603951065915,0.47205128205128194
0.11261980830652936,0.03198494825958234,0.3333333333333333
0.1022364217250763,0.0197554092191538,0.3974358974358974
0.9305111821071398,0.6650987770448447,0.4573076923076923
0.9345047923307755,0.6415804327363281,0.47217948717948716
0.9392971245991385,0.6472248353703721,0.6261538461538462
0.94169329073332,0.6481655691427127,0.6511538461538462
0.9408945686885928,0.6491063029150534,0.6265384615384616
0.9400958466438657,0.6462841015980315,0.6255128205128206
0.9432907348227743,0.650047036687394,0.6187179487179488
0.9424920127780472,0.6509877704597348,0.6305128205128206
0.936900958464957,0.6425211665086689,0.4350000000000001
0.9361022364202299,0.6434619002810095,0.48961538461538456
0.9376996805096842,0.6453433678256908,0.5841025641025641
0.9289137380176855,0.6632173095001633,0.5256410256410257
0.9281150159729583,0.6641580432725039,0.5769230769230769
0.9384984025544114,0.6444026340533502,0.6128205128205128
0.9353035143755027,0.6406396989639875,0.4692307692307692
0.9297124600624126,0.6660395108171853,0.5384615384615384
0.7244408945675328,0.3396048918149772,0.38461538461538464
0.7260383386569872,0.34148635935965854,0.41884615384615387
0.7220447284333513,0.33866415804263655,0.41025641025641024
0.6581469648551787,0.3857008466596694,0.5641025641025641
0.6301916932897281,0.35841956726179036,0.4730769230769232
0.6341853035133639,0.3537158984000871,0.4358974358974359
0.6277955271555467,0.36124176857881235,0.4955128205128206
0.6317891373791824,0.35653809971710904,0.4566666666666667
0.6309904153344553,0.3574788334894497,0.45141025641025634
0.6325878594239096,0.35559736594476843,0.4348717948717949
0.6565495207657244,0.38758231420435074,0.5128205128205128
0.659744408944633,0.3838193791149881,0.5246153846153846
0.6605431309893601,0.3828786453426475,0.5441025641025641
0.6573482428104516,0.3866415804320101,0.5106410256410256
0.624600638976638,0.365004703668175,0.4847435897435898
0.6293929712450009,0.359360301034131,0.498974358974359
0.6357827476028183,0.3518344308554058,0.5
0.6285942492002738,0.3603010348064717,0.4857692307692308
0.6269968051108195,0.362182502351153,0.46769230769230774
0.6333865814686368,0.35465663217242777,0.45294871794871794
0.6253993610213652,0.36406396989583434,0.47628205128205137
0.6349840255580911,0.35277516462774644,0.42948717948717946
0.6373801916922726,0.3800564440256255,0.5448717948717948
0.6589456868999058,0.38476011288732875,0.5342307692307693
0.6261980830660924,0.3631232361234937,0.45397435897435895
0.6613418530340873,0.3819379115703068,0.5533333333333333
0.6621405750788145,0.38099717779796616,0.6161538461538462
0.6557507987209972,0.3885230479766914,0.5705128205128205
0.6493610223631799,0.3659454374405156,0.5512820512820513
0.9384984025544114,0.6378174976469656,0.4893589743589744
0.9321086261965941,0.6453433678256908,0.6185897435897436
0.9392971245991385,0.6387582314193062,0.4847435897435898
0.936900958464957,0.6509877704597348,0.6025641025641025
0.9257188498387768,0.6528692380044161,0.6067948717948718
0.931309904151867,0.6444026340533502,0.7371794871794872
0.926517571883504,0.6538099717767567,0.623974358974359
0.9432907348227743,0.6434619002810095,0.5726923076923077
0.9400958466438657,0.6396989651916468,0.5176923076923077
0.9408945686885928,0.6406396989639875,0.5391025641025641
0.94169329073332,0.6415804327363281,0.5647435897435897
0.9424920127780472,0.6425211665086689,0.5755128205128205
0.9249201277940496,0.6519285042320754,0.5128205128205128
0.9353035143755027,0.6491063029150534,0.6217948717948718
0.3442492012774054,0.7375352775150752,0.5897435897435898
0.33865814696431523,0.7422389463767785,0.6217948717948718
0.33706070287486095,0.7441204139214598,0.5983333333333334
0.3378594249195881,0.7450611476938005,0.5939743589743589
0.34265175718795104,0.7469426152384818,0.532051282051282
0.3226837060697721,0.7083725305725148,0.6410256410256411
0.33945686900904243,0.7431796801491192,0.5705128205128205
0.3218849840250449,0.7111947318895369,0.6602564102564102
0.33306709265122514,0.7507055503278444,0.5910256410256409
0.33626198083013376,0.754468485417207,0.5923076923076923
0.3346645367406795,0.7563499529618883,0.6025641025641025
0.3202875399355906,0.7055503292554929,0.6538461538461539
0.332268370606498,0.7497648165555038,0.6076923076923078
0.3354632587854066,0.7535277516448664,0.5829487179487179
0.3338658146959523,0.7554092191895477,0.607948717948718
0.3314696485617708,0.7525870178725257,0.5811538461538461
0.3418530351432239,0.7460018814661411,0.6762820512820513
0.33067092651704366,0.7516462841001851,0.665
0.6613418530340873,0.4063969896511639,0.5342307692307693
0.659744408944633,0.40451552210648256,0.5769230769230769
0.36341853035085714,0.7535277516448664,0.5512820512820513
0.6525559105420886,0.40169332078946063,0.5064102564102564
0.3658146964850386,0.7507055503278444,0.44448717948717953
0.3666134185297658,0.7497648165555038,0.47115384615384615
0.6581469648551787,0.41015992474052654,0.5737179487179487
0.3682108626192201,0.7516462841001851,0.42948717948717946
0.6589456868999058,0.4092191909681859,0.5342307692307693
0.6621405750788145,0.4054562558788232,0.5673076923076923
0.3258785942486807,0.78739416744913,0.5214102564102564
0.3442492012774054,0.7676387582299762,0.4775641025641026
0.3378594249195881,0.7751646284087015,0.5053846153846154
0.3434504792326782,0.7666980244576356,0.5192307692307693
0.3514376996799498,0.7572906867342291,0.46153846153846156
0.34025559105376957,0.7779868297257234,0.48717948717948717
0.33865814696431523,0.7723424270916796,0.5085897435897436
0.34824281150104114,0.7685794920023169,0.5615384615384615
0.33706070287486095,0.7742238946363609,0.5544871794871795
0.35463258785885843,0.7610536218235916,0.47782051282051274
0.3498402555904955,0.7591721542789103,0.4964102564102564
0.35543130990358557,0.7619943555959323,0.4976923076923076
0.3530351437694041,0.7629350893682729,0.5176923076923077
0.347444089456314,0.7714016933193388,0.5371794871794873
0.3450479233221325,0.7648165569129542,0.48294871794871796
0.3538338658141313,0.7638758231406136,0.5128205128205128
0.34584664536685966,0.765757290685295,0.47858974358974354
0.35223642172467695,0.7582314205065697,0.4834615384615384
0.332268370606498,0.7798682972704047,0.44871794871794873
0.34904153354576833,0.7695202257746575,0.4775641025641026
0.33945686900904243,0.7732831608640202,0.5475641025641025
0.3506389776352226,0.760112888051251,0.47884615384615375
0.34664536741158686,0.7704609595469982,0.5658974358974359
0.33067092651704366,0.7817497648150861,0.42628205128205127
0.3410543130984967,0.7789275634980641,0.5256410256410257
0.34265175718795104,0.7770460959533828,0.5576923076923077
0.3418530351432239,0.7761053621810422,0.5256410256410257
0.33306709265122514,0.7808090310427455,0.5534615384615384
0.3138977635777733,0.6735653809959106,0.5
0.3130990415330462,0.6726246472235698,0.5214102564102564
0.312300319488319,0.6716839134512292,0.5256410256410257
0.31549520766722766,0.6679209783618666,0.3475641025641026
0.09025559105416892,0.04139228598298891,0.47435897435897434
0.09984025559089482,0.045155221072351544,0.35717948717948717
0.09904153354616767,0.04421448730001089,0.34846153846153854
0.09824281150144051,0.04327375352767023,0.34615384615384615
0.08386581469635165,0.06396989651916468,0.5769230769230769
0.09185303514362324,0.03574788334894497,0.34615384615384615
0.09744408945671335,0.04233301975532957,0.358974358974359
0.08785942491998745,0.038570084665966946,0.5384615384615384
0.34265175718795104,0.7582314205065697,0.47948717948717956
0.34824281150104114,0.7798682972704047,0.4538461538461539
0.3418530351432239,0.7572906867342291,0.5512820512820513
0.33626198083013376,0.765757290685295,0.5791025641025641
0.3378594249195881,0.7638758231406136,0.6242307692307693
0.33945686900904243,0.7619943555959323,0.5833333333333334
0.34904153354576833,0.7808090310427455,0.4401282051282051
0.3410543130984967,0.760112888051251,0.5989743589743589
0.34025559105376957,0.7591721542789103,0.6073076923076923
0.33865814696431523,0.7610536218235916,0.5753846153846153
0.33306709265122514,0.7695202257746575,0.41025641025641024
0.3314696485617708,0.7714016933193388,0.4978205128205128
0.3346645367406795,0.7676387582299762,0.5298717948717948
0.3338658146959523,0.7666980244576356,0.5015384615384616
0.34664536741158686,0.7817497648150861,0.5358974358974359
0.33706070287486095,0.7629350893682729,0.6519230769230768
0.33067092651704366,0.7704609595469982,0.5448717948717948
0.3506389776352226,0.7789275634980641,0.38461538461538464
0.332268370606498,0.7685794920023169,0.5128205128205128
0.3354632587854066,0.7648165569129542,0.5584615384615385
0.08706070287526028,0.022577610536175772,0.5358974358974359
0.08386581469635165,0.0263405456255384,0.5974358974358973
0.08067092651744302,0.03010348071490103,0.6089743589743589
0.0830670926516245,0.025399811853197743,0.5384615384615384
0.6437699680500898,0.3226716839128454,0.5433333333333332
0.6389776357817268,0.3283160865468893,0.5641025641025641
0.6421725239606355,0.33207902163625197,0.5576923076923077
0.6469648562289985,0.32643461900220805,0.6084615384615384
0.639776357826454,0.32925682031923,0.5897435897435898
0.6493610223631799,0.3254938852298674,0.612948717948718
0.6485623003184527,0.3245531514575267,0.6057692307692307
0.6477635782737257,0.3273753527745487,0.6361538461538462
0.644568690094817,0.32361241768518606,0.5778205128205127
0.6461661341842713,0.32173095014050473,0.5887179487179487
0.6453674121395442,0.32079021636816407,0.5676923076923077
0.6429712460053627,0.33301975540859263,0.515
0.6533546325868157,0.3189087488234828,0.5961538461538461
0.9704472843434977,0.6472248353703721,0.265
0.9824281150144051,0.661335841955482,0.4358974358974359
0.7244408945675328,0.3424270931319992,0.42628205128205127
0.9696485622987705,0.6462841015980315,0.3632051282051282
0.9480830670911372,0.6208842897448337,0.44871794871794873
0.09904153354616767,0.06679209783618666,0.4166666666666667
0.08865814696471461,0.07714016933193389,0.44871794871794873
0.035942492012722135,0.022577610536175772,0.2564102564102564
0.694888178912628,0.35277516462774644,0.5961538461538461
0.6972843450468095,0.3518344308554058,0.6135897435897436
0.6861022364206293,0.37253057384690025,0.6798717948717948
0.6725239616602675,0.3866415804320101,0.6885897435897436
0.6988817891362638,0.3574788334894497,0.6356410256410256
0.690095846644265,0.35841956726179036,0.6076923076923078
0.6789137380180849,0.37911571025328483,0.6907692307692307
0.6869009584653564,0.36970837252987826,0.6824358974358975
0.6884984025548108,0.3603010348064717,0.6938461538461539
0.6709265175708132,0.38099717779796616,0.6398717948717948
0.669329073481359,0.3828786453426475,0.612051282051282
0.6781150159733577,0.3744120413915816,0.7029487179487179
0.6916932907337193,0.36406396989583434,0.6574358974358975
0.664536741212996,0.3885230479766914,0.5307692307692309
0.699680511180991,0.35465663217242777,0.657051282051282
0.6892971245995378,0.36124176857881235,0.6979487179487179
0.6773162939286305,0.3734713076192409,0.695
0.6829073482417206,0.3687676387575376,0.6696153846153846
0.674920127794449,0.3857008466596694,0.6939743589743589
0.6805111821075391,0.3772342427086035,0.6958974358974359
0.6797124600628119,0.3800564440256255,0.6696153846153846
0.6629392971235416,0.39040451552137273,0.5160256410256411
0.6757188498391762,0.3753527751639222,0.6893589743589743
0.6653354632577231,0.38946378174903207,0.5388461538461539
0.6853035143759021,0.3715898400745596,0.6857692307692307
0.6637380191682688,0.3913452492937134,0.5038461538461538
0.6733226837049947,0.38758231420435074,0.6971794871794871
0.6845047923311749,0.36688617121285627,0.6852564102564103
0.6908945686889922,0.359360301034131,0.6770512820512821
0.6717252396155404,0.3819379115703068,0.6435897435897436
0.6813099041522663,0.37817497648094417,0.6925641025641025
0.6924920127784465,0.365004703668175,0.6405128205128204
0.6940894568679008,0.3631232361234937,0.6492307692307693
0.6741214057497219,0.38476011288732875,0.6674358974358975
0.670127795526086,0.3838193791149881,0.623974358974359
0.6765175718839034,0.37629350893626284,0.6757692307692307
0.6876996805100836,0.3706491063022189,0.6752564102564103
0.6837060702864478,0.3659454374405156,0.6693589743589743
0.6685303514366318,0.39322671683839466,0.5512820512820513
0.6980830670915367,0.35653809971710904,0.607948717948718
0.6821086261969934,0.36782690498519693,0.6803846153846153
0.6661341853024503,0.3941674506107353,0.45641025641025634
0.6677316293919046,0.39228598306605406,0.5769230769230769
0.6932907348231737,0.362182502351153,0.6466666666666666
0.7004792332257181,0.35559736594476843,0.6282051282051282
0.6956869009573552,0.3537158984000871,0.617948717948718
0.6206070287530022,0.28033866415751585,0.5032051282051282
0.6549520766762701,0.3283160865468893,0.6
0.6373801916922726,0.3189087488234828,0.4967948717948718
0.639776357826454,0.31796801505114214,0.5961538461538461
0.6381789137369998,0.3198494825958234,0.5205128205128204
0.6557507987209972,0.32925682031923,0.5864102564102563
0.6413738019159083,0.3160865475064608,0.522051282051282
0.6573482428104516,0.3273753527745487,0.5833333333333334
0.6525559105420886,0.33301975540859263,0.6234615384615384
0.6509584664526342,0.33490122295327396,0.6141025641025641
0.6565495207657244,0.32643461900220805,0.5860256410256409
0.6517571884973614,0.33207902163625197,0.6434615384615384
0.6533546325868157,0.33019755409157064,0.6334615384615384
0.6405750798711812,0.31514581373412015,0.523076923076923
0.6541533546315429,0.3311382878639113,0.6366666666666666
0.619808306708275,0.2793979303851752,0.5128205128205128
0.6501597444079071,0.3339604891809333,0.6171794871794872
0.6389776357817268,0.3170272812788015,0.48717948717948717
0.6581469648551787,0.3245531514575267,0.559871794871795
0.6605431309893601,0.32361241768518606,0.5384615384615384
0.6437699680500898,0.3113828786447575,0.44871794871794873
0.9696485622987705,0.6434619002810095,0.3525641025641026
0.9632587859409533,0.6359360301022843,0.3782051282051282
0.7260383386569872,0.34336782690433987,0.38884615384615384
0.7012779552704452,0.36406396989583434,0.625
0.7092651757177169,0.35465663217242777,0.7115384615384616
0.6892971245995378,0.34995296331072445,0.6346153846153846
0.7028753993598996,0.362182502351153,0.5641025641025641
0.6789137380180849,0.39040451552137273,0.6258974358974358
0.6741214057497219,0.3659454374405156,0.6920512820512821
0.6685303514366318,0.3744120413915816,0.6779487179487179
0.6813099041522663,0.38946378174903207,0.6223076923076923
0.6757188498391762,0.3941674506107353,0.622051282051282
0.6765175718839034,0.395108184383076,0.618974358974359
0.6725239616602675,0.36782690498519693,0.6873076923076923
0.669329073481359,0.3715898400745596,0.6815384615384615
0.6805111821075391,0.3885230479766914,0.6246153846153846
0.6653354632577231,0.37817497648094417,0.6373076923076922
0.6829073482417206,0.38758231420435074,0.6184615384615384
0.6853035143759021,0.3828786453426475,0.6852564102564103
0.6661341853024503,0.3753527751639222,0.6546153846153846
0.6821086261969934,0.3866415804320101,0.6343589743589744
0.6709265175708132,0.36970837252987826,0.6879487179487179
0.6797124600628119,0.3913452492937134,0.6235897435897436
0.674920127794449,0.36688617121285627,0.6896153846153847
0.6837060702864478,0.38476011288732875,0.6714102564102564
0.6717252396155404,0.3706491063022189,0.675128205128205
0.670127795526086,0.37253057384690025,0.6853846153846153
0.6773162939286305,0.39228598306605406,0.6251282051282052
0.6845047923311749,0.3857008466596694,0.6706410256410257
0.6637380191682688,0.3800564440256255,0.6043589743589743
0.6733226837049947,0.3687676387575376,0.6867948717948718
0.6629392971235416,0.37911571025328483,0.6228205128205128
0.6781150159733577,0.39322671683839466,0.6102564102564102
0.664536741212996,0.3772342427086035,0.6730769230769231
0.6669329073471775,0.37629350893626284,0.6234615384615384
0.6876996805100836,0.3819379115703068,0.6223076923076923
0.6677316293919046,0.3734713076192409,0.6844871794871795
0.7052715654940811,0.36124176857881235,0.6602564102564102
0.7036741214046267,0.3631232361234937,0.6025641025641025
0.6869009584653564,0.38099717779796616,0.6608974358974359
0.6861022364206293,0.3838193791149881,0.6794871794871795
0.3186900958461363,0.6792097836299544,0.46474358974358976
0.31469648562250047,0.6820319849469765,0.47012820512820513
0.31789137380140914,0.6782690498576138,0.2467948717948718
0.9225239616598682,0.6538099717767567,0.5512820512820513
0.9345047923307755,0.6396989651916468,0.47435897435897434
0.9400958466438657,0.6481655691427127,0.637948717948718
0.9392971245991385,0.6491063029150534,0.6485897435897436
0.94169329073332,0.6462841015980315,0.6067948717948718
0.9424920127780472,0.6453433678256908,0.6015384615384616
0.9376996805096842,0.6509877704597348,0.6014102564102564
0.931309904151867,0.6434619002810095,0.6538461538461539
0.9432907348227743,0.6444026340533502,0.612051282051282
0.9384984025544114,0.650047036687394,0.6497435897435898
0.9321086261965941,0.6425211665086689,0.6666666666666666
0.9408945686885928,0.6472248353703721,0.648076923076923
0.9353035143755027,0.6387582314193062,0.4230769230769231
0.08706070287526028,0.03668861712128563,0.6346153846153846
0.32108626198031776,0.7497648165555038,0.5207692307692309
0.3107028753988647,0.7375352775150752,0.5192307692307693
0.3282747603828622,0.7431796801491192,0.625
0.3186900958461363,0.754468485417207,0.47115384615384615
0.3290734824275893,0.7441204139214598,0.6466666666666666
0.3298722044723165,0.7450611476938005,0.6752564102564103
0.3258785942486807,0.7478833490108224,0.5435897435897437
0.3226837060697721,0.7516462841001851,0.5414102564102564
0.32507987220395357,0.7469426152384818,0.5384615384615384
0.32747603833813504,0.7422389463767785,0.6188461538461538
0.3218849840250449,0.7507055503278444,0.5096153846153846
0.32348242811449923,0.7525870178725257,0.4792307692307692
0.32667731629340785,0.7488240827831631,0.5192307692307693
0.31789137380140914,0.7535277516448664,0.5128205128205128
0.3242811501592264,0.7460018814661411,0.44871794871794873
0.010383386581453062,0.9943555973640746,0.48717948717948717
0.009584664536725903,0.9952963311364152,0.5192307692307693
0.007188498402544427,0.990592662274712,0.532051282051282
0.3354632587854066,0.7808090310427455,0.5128205128205128
0.33865814696431523,0.7770460959533828,0.48461538461538456
0.3410543130984967,0.7742238946363609,0.5416666666666666
0.3530351437694041,0.760112888051251,0.49012820512820515
0.3418530351432239,0.7732831608640202,0.5407692307692309
0.3450479233221325,0.7695202257746575,0.5192307692307693
0.34265175718795104,0.7723424270916796,0.532051282051282
0.3506389776352226,0.7629350893682729,0.5087179487179488
0.3514376996799498,0.7619943555959323,0.5025641025641026
0.34664536741158686,0.7676387582299762,0.4917948717948718
0.33945686900904243,0.7761053621810422,0.5051282051282052
0.3498402555904955,0.7638758231406136,0.492051282051282
0.35223642172467695,0.7610536218235916,0.515
0.34904153354576833,0.7648165569129542,0.4906410256410256
0.34824281150104114,0.765757290685295,0.5128205128205128
0.3538338658141313,0.7591721542789103,0.46794871794871795
0.347444089456314,0.7666980244576356,0.5115384615384616
0.34025559105376957,0.7751646284087015,0.47858974358974354
0.3442492012774054,0.7704609595469982,0.46153846153846156
0.3434504792326782,0.7714016933193388,0.47217948717948716
0.34584664536685966,0.7685794920023169,0.4943589743589744
0.3378594249195881,0.7779868297257234,0.5051282051282052
0.3346645367406795,0.7817497648150861,0.5769230769230769
0.10143769968034914,0.04327375352767023,0.3525641025641026
0.11821086261961947,0.06302916274682403,0.3119230769230769
0.10063897763562199,0.04233301975532957,0.2906410256410257
0.1253993610221639,0.05644402634043943,0.32051282051282054
0.9488817891358644,0.655691439321438,0.47435897435897434
0.931309904151867,0.6688617121342072,0.4948717948717948
0.9361022364202299,0.6707431796788885,0.5282051282051282
0.936900958464957,0.6716839134512292,0.5192307692307693
0.926517571883504,0.6895578551257017,0.4401282051282051
0.9456869009569557,0.6519285042320754,0.5934615384615386
0.9472843450464101,0.6575729068661194,0.3717948717948718
0.9448881789122286,0.6547507055490974,0.7115384615384616
0.9496805111805916,0.6566321730937786,0.48717948717948717
0.9688498402540434,0.6491063029150534,0.41025641025641024
0.9337060702860485,0.6679209783618666,0.5261538461538462
0.9576677316278631,0.6396989651916468,0.3333333333333333
0.9345047923307755,0.6726246472235698,0.5176923076923077
0.9664536741198619,0.650047036687394,0.44871794871794873
0.9464856230016829,0.6528692380044161,0.6153846153846154
0.9329073482413213,0.6669802445895259,0.5210256410256411
0.9321086261965941,0.6698024459065479,0.5293589743589744
0.9680511182093162,0.6481655691427127,0.42948717948717946
0.9257188498387768,0.6923800564427237,0.41025641025641024
0.9281150159729583,0.6952022577597456,0.3974358974358974
0.9273162939282311,0.6904985888980424,0.40166666666666667
0.9353035143755027,0.6735653809959106,0.48615384615384616
0.9440894568675015,0.6538099717767567,0.6858974358974359
0.36341853035085714,0.7507055503278444,0.5641025641025641
0.36421725239558433,0.7516462841001851,0.4423076923076923
0.6613418530340873,0.4092191909681859,0.5705128205128205
0.6621405750788145,0.41015992474052654,0.5426923076923077
0.6605431309893601,0.4082784571958452,0.5897435897435898
0.6876996805100836,0.3518344308554058,0.6858974358974359
0.7004792332257181,0.36688617121285627,0.6185897435897436
0.6956869009573552,0.37253057384690025,0.5769230769230769
0.6972843450468095,0.3706491063022189,0.5705128205128205
0.6988817891362638,0.3687676387575376,0.5064102564102564
0.6924920127784465,0.37629350893626284,0.6346153846153846
0.6853035143759021,0.35277516462774644,0.6282051282051282
0.690095846644265,0.3772342427086035,0.7339743589743589
0.6685303514366318,0.34430856067668053,0.6378205128205128
0.6861022364206293,0.3537158984000871,0.6465384615384616
0.6940894568679008,0.3744120413915816,0.6367948717948718
0.7012779552704452,0.3941674506107353,0.5448717948717948
0.6653354632577231,0.3480714957660431,0.5683333333333334
0.6829073482417206,0.3574788334894497,0.6769230769230768
0.6797124600628119,0.36124176857881235,0.7041025641025641
0.7108626198071711,0.3828786453426475,0.5983333333333334
0.6629392971235416,0.3490122295383838,0.5776923076923077
0.6637380191682688,0.34995296331072445,0.6080769230769232
0.7124600638966255,0.38099717779796616,0.6282051282051282
0.694888178912628,0.3715898400745596,0.623974358974359
0.6964856230020823,0.36970837252987826,0.6153846153846154
0.6773162939286305,0.362182502351153,0.675128205128205
0.6821086261969934,0.35653809971710904,0.6578205128205129
0.6892971245995378,0.3800564440256255,0.6394871794871795
0.6884984025548108,0.37911571025328483,0.6223076923076923
0.6781150159733577,0.3631232361234937,0.6987179487179487
0.6765175718839034,0.365004703668175,0.6943589743589743
0.6805111821075391,0.35841956726179036,0.6292307692307693
0.6661341853024503,0.3452492944490212,0.6410256410256411
0.6757188498391762,0.36406396989583434,0.7062820512820513
0.664536741212996,0.34713076199370246,0.591923076923077
0.6789137380180849,0.3603010348064717,0.6646153846153846
0.6916932907337193,0.3753527751639222,0.6735897435897437
0.6813099041522663,0.359360301034131,0.6338461538461538
0.699680511180991,0.3659454374405156,0.63
0.6845047923311749,0.35559736594476843,0.657051282051282
0.6677316293919046,0.34336782690433987,0.5974358974358973
0.6980830670915367,0.36782690498519693,0.6153846153846154
0.6837060702864478,0.35465663217242777,0.6755128205128205
0.6669329073471775,0.34619002822136186,0.5855128205128205
0.6908945686889922,0.37817497648094417,0.625
0.6932907348231737,0.3734713076192409,0.6057692307692307
0.7052715654940811,0.3913452492937134,0.6602564102564102
0.33706070287486095,0.7347130761980533,0.6089743589743589
0.3450479233221325,0.7441204139214598,0.5512820512820513
0.34824281150104114,0.7478833490108224,0.7051282051282052
0.3298722044723165,0.7262464722469874,0.5555128205128205
0.3290734824275893,0.7253057384746466,0.5576923076923077
0.3258785942486807,0.721542803385284,0.5747435897435897
0.32667731629340785,0.7224835371576247,0.6282051282051282
0.3242811501592264,0.7196613358406028,0.6217948717948718
0.3218849840250449,0.7168391345235807,0.5534615384615384
0.32747603833813504,0.7234242709299653,0.5641025641025641
0.32348242811449923,0.718720602068262,0.559871794871795
0.3378594249195881,0.7356538099703939,0.4914102564102564
0.347444089456314,0.7469426152384818,0.6708974358974359
0.35543130990358557,0.7563499529618883,0.532051282051282
0.34904153354576833,0.7488240827831631,0.6538461538461539
0.3498402555904955,0.7497648165555038,0.5939743589743589
0.3226837060697721,0.7177798682959214,0.5705128205128205
0.33067092651704366,0.727187206019328,0.5656410256410257
0.35223642172467695,0.7525870178725257,0.5342307692307693
0.3506389776352226,0.7507055503278444,0.5897435897435898
0.3538338658141313,0.754468485417207,0.46794871794871795
0.3314696485617708,0.7281279397916687,0.5085897435897436
0.3338658146959523,0.7309501411086906,0.6217948717948718
0.3282747603828622,0.724365004702306,0.5608974358974359
0.3354632587854066,0.7328316086533719,0.5512820512820513
0.3514376996799498,0.7516462841001851,0.41346153846153844
0.6853035143759021,0.3518344308554058,0.657051282051282
0.6964856230020823,0.37253057384690025,0.6452564102564102
0.7012779552704452,0.39322671683839466,0.5448717948717948
0.7004792332257181,0.36782690498519693,0.5961538461538461
0.6677316293919046,0.34619002822136186,0.5192307692307693
0.6924920127784465,0.3734713076192409,0.6442307692307693
0.6821086261969934,0.35559736594476843,0.6624358974358975
0.6797124600628119,0.35841956726179036,0.6912820512820513
0.6789137380180849,0.359360301034131,0.6905128205128205
0.6653354632577231,0.3490122295383838,0.6396153846153846
0.690095846644265,0.3800564440256255,0.6256410256410256
0.6837060702864478,0.3574788334894497,0.6821794871794871
0.6876996805100836,0.35277516462774644,0.6510256410256411
0.6637380191682688,0.34713076199370246,0.6111538461538462
0.664536741212996,0.34995296331072445,0.5825641025641025
0.6805111821075391,0.36124176857881235,0.6678205128205129
0.6932907348231737,0.37629350893626284,0.6175641025641025
0.6757188498391762,0.3631232361234937,0.6961538461538461
0.6765175718839034,0.362182502351153,0.7257692307692307
0.6629392971235416,0.3480714957660431,0.5816666666666668
0.6661341853024503,0.34430856067668053,0.5769230769230769
0.6669329073471775,0.34336782690433987,0.46794871794871795
0.694888178912628,0.3706491063022189,0.6452564102564102
0.6781150159733577,0.36406396989583434,0.6735897435897437
0.6869009584653564,0.3537158984000871,0.6098717948717948
0.6908945686889922,0.37911571025328483,0.5589743589743589
0.6813099041522663,0.3603010348064717,0.685
0.6884984025548108,0.37817497648094417,0.6508974358974359
0.6892971245995378,0.3772342427086035,0.7060256410256409
0.6916932907337193,0.3744120413915816,0.6282051282051282
0.6773162939286305,0.365004703668175,0.7116666666666668
0.6988817891362638,0.3659454374405156,0.6089743589743589
0.6972843450468095,0.3715898400745596,0.5342307692307693
0.6829073482417206,0.35465663217242777,0.6587179487179486
0.6980830670915367,0.36688617121285627,0.5961538461538461
0.6845047923311749,0.35653809971710904,0.6933333333333334
0.6956869009573552,0.36970837252987826,0.6410256410256411
0.6429712460053627,0.31514581373412015,0.5448717948717948
0.6413738019159083,0.3132643461894388,0.5384615384615384
0.6501597444079071,0.33301975540859263,0.6202564102564102
0.6541533546315429,0.3283160865468893,0.5983333333333334
0.6533546325868157,0.32925682031923,0.6405128205128204
0.6525559105420886,0.3339604891809333,0.6334615384615384
0.6549520766762701,0.3311382878639113,0.6237179487179488
0.6509584664526342,0.33207902163625197,0.6241025641025642
0.619808306708275,0.2822201317021971,0.5
0.6557507987209972,0.33019755409157064,0.616025641025641
0.6573482428104516,0.3245531514575267,0.5769230769230769
0.6421725239606355,0.3160865475064608,0.5512820512820513
0.6565495207657244,0.3254938852298674,0.48435897435897435
0.6206070287530022,0.2812793979298565,0.4358974358974359
0.6405750798711812,0.3142050799617795,0.5384615384615384
0.6517571884973614,0.33490122295327396,0.6156410256410256
0.6309904153344553,0.29539040451496634,0.4230769230769231
0.6381789137369998,0.3170272812788015,0.5342307692307693
0.6589456868999058,0.32643461900220805,0.5608974358974359
0.6581469648551787,0.3273753527745487,0.6051282051282052
0.694888178912628,0.42238946378095504,0.5358974358974359
0.6980830670915367,0.41862652869159245,0.5175641025641026
0.6964856230020823,0.42427093132563637,0.5814102564102563
0.6916932907337193,0.4111006585128672,0.5283333333333332
0.690095846644265,0.4167450611469111,0.5143589743589744
0.6956869009573552,0.4233301975532957,0.5491025641025641
0.6892971245995378,0.41580432737457046,0.5210256410256411
0.7004792332257181,0.4214487300086144,0.5224358974358975
0.6972843450468095,0.42521166509797703,0.6101282051282052
0.6932907348231737,0.41298212605754847,0.5462820512820513
0.699680511180991,0.4205079962362738,0.5393589743589743
0.6924920127784465,0.4120413922852078,0.5275641025641027
0.6908945686889922,0.4176857949192518,0.5026923076923077
0.6884984025548108,0.4148635936022298,0.52
0.6940894568679008,0.41392285982988913,0.5353846153846155
0.6988817891362638,0.4195672624639331,0.5225641025641027
0.7028753993598996,0.4054562558788232,0.5256410256410257
0.690095846644265,0.4205079962362738,0.5137179487179486
0.6980830670915367,0.4148635936022298,0.5128205128205128
0.7004792332257181,0.4176857949192518,0.5064102564102564
0.699680511180991,0.4167450611469111,0.5219230769230768
0.6884984025548108,0.41862652869159245,0.5202564102564102
0.6940894568679008,0.42521166509797703,0.5801282051282052
0.6956869009573552,0.4120413922852078,0.5423076923076923
0.6932907348231737,0.42427093132563637,0.5512820512820513
0.6924920127784465,0.4233301975532957,0.5288461538461539
0.6908945686889922,0.4214487300086144,0.535
0.6837060702864478,0.428033866414999,0.4551282051282051
0.6964856230020823,0.41298212605754847,0.5547435897435897
0.6892971245995378,0.4195672624639331,0.5182051282051282
0.694888178912628,0.4111006585128672,0.5335897435897436
0.6916932907337193,0.42238946378095504,0.5076923076923077
0.6988817891362638,0.41580432737457046,0.5342307692307693
0.7052715654940811,0.4082784571958452,0.5128205128205128
0.7060702875388082,0.4092191909681859,0.5128205128205128
0.6972843450468095,0.41392285982988913,0.5238461538461539
0.7220447284333513,0.34336782690433987,0.34294871794871795
0.7180511182097156,0.3424270931319992,0.3974358974358974
0.31709265175668194,0.7525870178725257,0.532051282051282
0.3298722044723165,0.7375352775150752,0.6242307692307693
0.3194888178908634,0.7328316086533719,0.5589743589743589
0.31789137380140914,0.7309501411086906,0.5448717948717948
0.3186900958461363,0.7318908748810312,0.5352564102564102
0.32108626198031776,0.727187206019328,0.5833333333333334
0.3218849840250449,0.7281279397916687,0.6182051282051282
0.32747603833813504,0.7347130761980533,0.5858974358974359
0.31150159744359185,0.7535277516448664,0.4230769230769231
0.2539936102232364,0.685794920036339,0.4935897435897436
0.3282747603828622,0.7356538099703939,0.6182051282051282
0.3290734824275893,0.7365945437427346,0.6184615384615384
0.3258785942486807,0.7403574788320971,0.5641025641025641
0.3202875399355906,0.7337723424257125,0.5541025641025641
0.32348242811449923,0.73000940733635,0.639102564102564
0.3162939297119548,0.7516462841001851,0.46153846153846156
0.3226837060697721,0.7290686735640093,0.6083333333333334
0.32667731629340785,0.7412982126044378,0.5426923076923077
0.32507987220395357,0.7394167450597565,0.5705128205128205
0.6789137380180849,0.34995296331072445,0.6987179487179487
0.6805111821075391,0.3480714957660431,0.6730769230769231
0.6813099041522663,0.34713076199370246,0.5298717948717948
0.6972843450468095,0.38099717779796616,0.5769230769230769
0.6988817891362638,0.3866415804320101,0.6602564102564102
0.6797124600628119,0.3490122295383838,0.623076923076923
0.6924920127784465,0.3941674506107353,0.5512820512820513
0.669329073481359,0.3537158984000871,0.7307692307692307
0.6916932907337193,0.395108184383076,0.559871794871795
0.674920127794449,0.35465663217242777,0.694871794871795
0.6773162939286305,0.34430856067668053,0.46794871794871795
0.6733226837049947,0.35653809971710904,0.6892307692307693
0.6940894568679008,0.39228598306605406,0.5076923076923077
0.6629392971235416,0.36124176857881235,0.6769230769230768
0.6653354632577231,0.35841956726179036,0.6778205128205129
0.6669329073471775,0.36406396989583434,0.7020512820512821
0.6741214057497219,0.35559736594476843,0.6756410256410257
0.6964856230020823,0.3819379115703068,0.6708974358974359
0.6932907348231737,0.39322671683839466,0.6858974358974359
0.6884984025548108,0.3913452492937134,0.5784615384615385
0.6677316293919046,0.3631232361234937,0.6888461538461539
0.664536741212996,0.359360301034131,0.7123076923076923
0.6661341853024503,0.365004703668175,0.6957692307692307
0.6637380191682688,0.3603010348064717,0.6730769230769231
0.670127795526086,0.35277516462774644,0.6666666666666666
0.6685303514366318,0.362182502351153,0.6933333333333334
0.6709265175708132,0.3518344308554058,0.6987179487179487
0.6725239616602675,0.3574788334894497,0.6346153846153846
0.7044728434493539,0.3800564440256255,0.48871794871794877
0.7060702875388082,0.37817497648094417,0.6089743589743589
0.7036741214046267,0.3734713076192409,0.5641025641025641
0.7084664536729897,0.36782690498519693,0.5576923076923077
0.6908945686889922,0.3885230479766914,0.6307692307692309
0.6892971245995378,0.39040451552137273,0.5576923076923077
0.7028753993598996,0.3744120413915816,0.6025641025641025
0.6821086261969934,0.33866415804263655,0.6987179487179487
0.690095846644265,0.38946378174903207,0.6025641025641025
0.6956869009573552,0.3828786453426475,0.6282051282051282
0.694888178912628,0.3838193791149881,0.6506410256410257
0.6757188498391762,0.34619002822136186,0.7051282051282052
0.3138977635777733,0.6839134524916578,0.5
0.3194888178908634,0.6773283160852731,0.44871794871794873
0.31549520766722766,0.685794920036339,0.3942307692307692
0.3202875399355906,0.6763875823129325,0.4807692307692308
0.007987220447271586,0.9999999999981185,0.5192307692307693
0.11821086261961947,0.06396989651916468,0.3269230769230769
0.11341853035125653,0.05832549388512075,0.3269230769230769
0.11661341853016516,0.06208842897448337,0.3226923076923077
0.11900958466434663,0.06302916274682403,0.3525641025641026
0.08865814696471461,0.01599247412979117,0.5512820512820513
0.08466453674107881,0.020696142991494457,0.2606410256410256
0.08386581469635165,0.025399811853197743,0.5214102564102564
0.0830670926516245,0.0263405456255384,0.5284615384615384
0.08626198083053313,0.022577610536175772,0.5855128205128205
0.08067092651744302,0.029162746942560373,0.6602564102564102
0.09664536741198619,0.03198494825958234,0.3525641025641026
0.08865814696471461,0.0263405456255384,0.5493589743589743
0.09025559105416892,0.024459078080857087,0.5285897435897436
0.09265175718835039,0.0197554092191538,0.5064102564102564
0.09345047923307756,0.020696142991494457,0.48871794871794877
0.08785942491998745,0.025399811853197743,0.5261538461538462
0.09424920127780471,0.032925682031923004,0.46153846153846156
0.08945686900944176,0.023518344308516428,0.5519230769230768
0.09185303514362324,0.022577610536175772,0.5552564102564103
0.09105431309889608,0.021636876763835116,0.5414102564102564
0.08146964856217018,0.017873941674472486,0.46666666666666673
0.10543130990398493,0.07149576669788994,0.36538461538461536
0.10702875399343925,0.07337723424257125,0.35641025641025637
0.1078274760381664,0.0724365004702306,0.38461538461538464
0.11501597444071084,0.08278457196597783,0.3782051282051282
0.11341853035125653,0.08090310442129652,0.391025641025641
0.10942492012762073,0.07431796801491192,0.3683333333333334
0.11421725239598368,0.07996237064895585,0.3966666666666666
0.1118210862618022,0.0790216368766152,0.34615384615384615
0.11102236421707505,0.07619943555959323,0.3632051282051282
0.11261980830652936,0.07808090310427454,0.3871794871794872
0.10862619808289357,0.07525870178725257,0.38461538461538464
0.10383386581453062,0.06961429915320863,0.3717948717948718
0.10303514376980347,0.06679209783618666,0.3974358974358974
0.1062300319487121,0.07055503292554928,0.3269230769230769
0.008785942491998745,0.9896519285023713,0.5512820512820513
0.007987220447271586,0.9887111947300307,0.49038461538461536
0.0047923322683629515,0.984948259640668,0.4391025641025641
0.12460063897743674,0.03668861712128563,0.4551282051282051
0.10942492012762073,0.05644402634043943,0.3188461538461539
0.10862619808289357,0.05550329256809877,0.28410256410256407
0.10702875399343925,0.05362182502341746,0.3141025641025641
0.10543130990398493,0.0592662276574614,0.391025641025641
0.12300319488798242,0.034807149576604315,0.44871794871794873
0.11102236421707505,0.050799623706395486,0.2916666666666667
0.1118210862618022,0.05174035747873614,0.3076923076923077
0.12380191693270959,0.03574788334894497,0.44871794871794873
0.1078274760381664,0.054562558795758116,0.2578205128205128
0.11261980830652936,0.0526810912510768,0.27564102564102566
0.1253993610221639,0.03762935089362628,0.5448717948717948
0.6349840255580911,0.3113828786447575,0.5833333333333334
0.6365814696475454,0.30950141110007623,0.4230769230769231
0.6357827476028183,0.31044214487241684,0.4519230769230769
0.6429712460053627,0.35559736594476843,0.5384615384615384
0.6253993610213652,0.3687676387575376,0.47435897435897434
0.624600638976638,0.36782690498519693,0.46884615384615375
0.659744408944633,0.3490122295383838,0.584871794871795
0.6525559105420886,0.3367826904979553,0.6264102564102564
0.6589456868999058,0.34430856067668053,0.6141025641025641
0.6573482428104516,0.34619002822136186,0.5932051282051282
0.6541533546315429,0.3424270931319992,0.58
0.6517571884973614,0.3358419567256146,0.6255128205128206
0.6533546325868157,0.34148635935965854,0.5633333333333334
0.6621405750788145,0.3480714957660431,0.6042307692307691
0.6581469648551787,0.34336782690433987,0.6157692307692307
0.6557507987209972,0.3405456255873179,0.6143589743589744
0.6549520766762701,0.3396048918149772,0.616923076923077
0.639776357826454,0.3518344308554058,0.4423076923076923
0.6261980830660924,0.3659454374405156,0.501025641025641
0.6613418530340873,0.34713076199370246,0.5603846153846153
0.6509584664526342,0.33866415804263655,0.5630769230769231
0.6293929712450009,0.36970837252987826,0.4807692307692308
0.6565495207657244,0.3452492944490212,0.6093589743589743
0.6269968051108195,0.36688617121285627,0.4948717948717948
0.6501597444079071,0.3377234242702959,0.6474358974358975
0.6605431309893601,0.34995296331072445,0.632051282051282
0.6373801916922726,0.35277516462774644,0.5480769230769231
0.6301916932897281,0.3706491063022189,0.41025641025641024
0.6485623003184527,0.33301975540859263,0.5826923076923077
0.6413738019159083,0.32643461900220805,0.5032051282051282
0.6429712460053627,0.3245531514575267,0.5794871794871795
0.639776357826454,0.32079021636816407,0.4358974358974359
0.6493610223631799,0.33207902163625197,0.5942307692307691
0.644568690094817,0.33019755409157064,0.5064102564102564
0.6421725239606355,0.3254938852298674,0.5256410256410257
0.6469648562289985,0.33490122295327396,0.44448717948717953
0.6381789137369998,0.3226716839128454,0.5328205128205129
0.6477635782737257,0.3339604891809333,0.5608974358974359
0.6405750798711812,0.3273753527745487,0.45641025641025634
0.6437699680500898,0.3311382878639113,0.4551282051282051
0.6461661341842713,0.3283160865468893,0.6067948717948718
0.6373801916922726,0.32361241768518606,0.5769230769230769
0.6389776357817268,0.32173095014050473,0.5192307692307693
0.6797124600628119,0.43085606773202095,0.5
0.6884984025548108,0.4111006585128672,0.5452564102564103
0.6972843450468095,0.4214487300086144,0.5529487179487179
0.6956869009573552,0.4195672624639331,0.5243589743589744
0.699680511180991,0.42427093132563637,0.5425641025641025
0.6940894568679008,0.4176857949192518,0.5235897435897436
0.690095846644265,0.41298212605754847,0.5403846153846155
0.6964856230020823,0.4205079962362738,0.5365384615384615
0.6988817891362638,0.4233301975532957,0.5743589743589743
0.6980830670915367,0.42238946378095504,0.5701282051282052
0.7004792332257181,0.42521166509797703,0.5538461538461539
0.6908945686889922,0.41392285982988913,0.5448717948717948
0.6932907348231737,0.4167450611469111,0.5375641025641027
0.6924920127784465,0.41580432737457046,0.520128205128205
0.694888178912628,0.41862652869159245,0.5324358974358975
0.6916932907337193,0.4148635936022298,0.5248717948717948
0.6892971245995378,0.4120413922852078,0.5311538461538462
0.6757188498391762,0.40169332078946063,0.5583333333333333
0.6932907348231737,0.4412041392277682,0.5064102564102564
0.6685303514366318,0.4120413922852078,0.7435897435897436
0.6829073482417206,0.41015992474052654,0.5679487179487179
0.6765175718839034,0.40263405456180124,0.5576923076923077
0.6845047923311749,0.4082784571958452,0.55
0.6805111821075391,0.39604891815541665,0.6103846153846154
0.7052715654940811,0.4289746001873397,0.6153846153846154
0.6876996805100836,0.40451552210648256,0.5358974358974359
0.6869009584653564,0.4035747883341419,0.5534615384615384
0.6821086261969934,0.4092191909681859,0.5569230769230769
0.6813099041522663,0.3969896519277573,0.5806410256410257
0.6853035143759021,0.4054562558788232,0.5610256410256411
0.7028753993598996,0.42991533395968035,0.559871794871795
0.6797124600628119,0.39887111947243864,0.5906410256410256
0.6837060702864478,0.40733772342350455,0.5528205128205129
0.6773162939286305,0.3998118532447793,0.602051282051282
0.7044728434493539,0.428033866414999,0.5641025641025641
0.6781150159733577,0.40075258701711997,0.5439743589743591
0.6789137380180849,0.397930385700098,0.5825641025641025
0.6861022364206293,0.4063969896511639,0.5369230769230768
0.6661341853024503,0.41298212605754847,0.6410256410256411
0.6501597444079071,0.3226716839128454,0.5801282051282052
0.6437699680500898,0.31514581373412015,0.5426923076923077
0.6525559105420886,0.32173095014050473,0.5256410256410257
0.6493610223631799,0.31796801505114214,0.3141025641025641
0.6357827476028183,0.3019755409213509,0.5042307692307693
0.6557507987209972,0.3254938852298674,0.5678205128205129
0.6565495207657244,0.33019755409157064,0.615897435897436
0.6469648562289985,0.3189087488234828,0.5256410256410257
0.6573482428104516,0.3311382878639113,0.622948717948718
0.6373801916922726,0.3076199435553949,0.48717948717948717
0.659744408944633,0.3339604891809333,0.6264102564102564
0.6605431309893601,0.33490122295327396,0.5860256410256409
0.6381789137369998,0.30856067732773557,0.5384615384615384
0.6405750798711812,0.3113828786447575,0.5705128205128205
0.6589456868999058,0.32925682031923,0.5997435897435898
0.6613418530340873,0.33207902163625197,0.5830769230769232
0.6341853035133639,0.30385700846603225,0.44448717948717953
0.6349840255580911,0.3047977422383729,0.5192307692307693
0.6581469648551787,0.3283160865468893,0.6147435897435898
0.6621405750788145,0.33301975540859263,0.5814102564102563
0.6509584664526342,0.32361241768518606,0.5833333333333334
0.6533546325868157,0.32643461900220805,0.5461538461538461
0.644568690094817,0.3160865475064608,0.5298717948717948
0.6541533546315429,0.3273753527745487,0.5685897435897436
0.6549520766762701,0.3245531514575267,0.5641025641025641
0.6477635782737257,0.3198494825958234,0.657051282051282
0.6461661341842713,0.31514581373412015,0.532051282051282
0.6525559105420886,0.3226716839128454,0.4583333333333333
0.6453674121395442,0.3160865475064608,0.5298717948717948
0.6485623003184527,0.3198494825958234,0.41346153846153844
0.6501597444079071,0.32173095014050473,0.47858974358974354
0.6389776357817268,0.30856067732773557,0.4957692307692308
0.6253993610213652,0.2906867356532631,0.34615384615384615
0.6549520766762701,0.3273753527745487,0.6124358974358974
0.6581469648551787,0.3311382878639113,0.635
0.6565495207657244,0.32925682031923,0.5815384615384616
0.6621405750788145,0.3339604891809333,0.4897435897435898
0.6613418530340873,0.33490122295327396,0.5912820512820514
0.6357827476028183,0.3047977422383729,0.5064102564102564
0.659744408944633,0.33301975540859263,0.6223076923076923
0.6605431309893601,0.33207902163625197,0.6028205128205127
0.6541533546315429,0.3245531514575267,0.5153846153846154
0.6573482428104516,0.3283160865468893,0.5957692307692307
0.6589456868999058,0.33019755409157064,0.6028205128205127
0.6373801916922726,0.30667920978305424,0.532051282051282
0.6238019169319109,0.28880526810858176,0.358974358974359
0.6333865814686368,0.30009407337666966,0.48717948717948717
0.6557507987209972,0.32643461900220805,0.6191025641025641
0.6533546325868157,0.3254938852298674,0.5448717948717948
0.6517571884973614,0.32361241768518606,0.5311538461538462
0.6477635782737257,0.3170272812788015,0.47435897435897434
0.6317891373791824,0.362182502351153,0.49089743589743595
0.6325878594239096,0.365004703668175,0.4501282051282051
0.6509584664526342,0.38476011288732875,0.7137179487179487
0.6301916932897281,0.35277516462774644,0.492051282051282
0.6605431309893601,0.3885230479766914,0.5324358974358975
0.6581469648551787,0.395108184383076,0.5256410256410257
0.6533546325868157,0.3819379115703068,0.41025641025641024
0.6293929712450009,0.3537158984000871,0.47487179487179493
0.6589456868999058,0.3941674506107353,0.5032051282051282
0.6621405750788145,0.39040451552137273,0.5214102564102564
0.6269968051108195,0.35653809971710904,0.4667948717948717
0.6309904153344553,0.3631232361234937,0.4974358974358974
0.6613418530340873,0.3913452492937134,0.532051282051282
0.659744408944633,0.38946378174903207,0.49089743589743595
0.6573482428104516,0.39228598306605406,0.5769230769230769
0.6525559105420886,0.3866415804320101,0.7564102564102564
0.6253993610213652,0.35465663217242777,0.47166666666666673
0.624600638976638,0.35559736594476843,0.4730769230769232
0.6285942492002738,0.3508936970830651,0.5128205128205128
0.6277955271555467,0.3518344308554058,0.517051282051282
0.6261980830660924,0.3574788334894497,0.47192307692307695
0.6341853035133639,0.359360301034131,0.45294871794871794
0.6349840255580911,0.35841956726179036,0.48717948717948717
0.6333865814686368,0.36406396989583434,0.49038461538461536
0.6357827476028183,0.36124176857881235,0.47012820512820513
0.09824281150144051,0.08278457196597783,0.3782051282051282
0.08546325878580598,0.06773283160852732,0.5192307692307693
0.0830670926516245,0.06867356538086797,0.4230769230769231
0.09984025559089482,0.08090310442129652,0.3717948717948718
0.09504792332253187,0.08654750705534046,0.21153846153846154
0.08386581469635165,0.06961429915320863,0.42948717948717946
0.08067092651744302,0.07337723424257125,0.4551282051282051
0.08466453674107881,0.06679209783618666,0.4358974358974359
0.32747603833813504,0.78739416744913,0.44871794871794873
0.3410543130984967,0.7732831608640202,0.5512820512820513
0.34664536741158686,0.7648165569129542,0.47269230769230774
0.33865814696431523,0.7779868297257234,0.5705128205128205
0.34265175718795104,0.7751646284087015,0.5298717948717948
0.34025559105376957,0.7723424270916796,0.532051282051282
0.3498402555904955,0.7610536218235916,0.4984615384615384
0.34824281150104114,0.7666980244576356,0.5296153846153846
0.3450479233221325,0.7704609595469982,0.5256410256410257
0.3338658146959523,0.7798682972704047,0.559871794871795
0.3418530351432239,0.7742238946363609,0.5705128205128205
0.35223642172467695,0.7638758231406136,0.5092307692307693
0.3434504792326782,0.7685794920023169,0.48717948717948717
0.34904153354576833,0.7676387582299762,0.4807692307692308
0.3538338658141313,0.7582314205065697,0.4519230769230769
0.3530351437694041,0.7572906867342291,0.5256410256410257
0.347444089456314,0.765757290685295,0.47217948717948716
0.3442492012774054,0.7695202257746575,0.5421794871794873
0.3514376996799498,0.7629350893682729,0.5062820512820512
0.3506389776352226,0.7619943555959323,0.497051282051282
0.34584664536685966,0.7714016933193388,0.514102564102564
0.35463258785885843,0.7591721542789103,0.491025641025641
0.3378594249195881,0.7770460959533828,0.4423076923076923
0.33706070287486095,0.7761053621810422,0.44448717948717953
0.3354632587854066,0.7817497648150861,0.47115384615384615
0.3314696485617708,0.7845719661321081,0.5705128205128205
0.09984025559089482,0.050799623706395486,0.2692307692307692
0.08706070287526028,0.03574788334894497,0.517051282051282
0.08626198083053313,0.034807149576604315,0.6153846153846154
0.3602236421719485,0.754468485417207,0.2916666666666667
0.3682108626192201,0.7488240827831631,0.46153846153846156
0.659744408944633,0.3998118532447793,0.5641025641025641
0.3594249201272214,0.7535277516448664,0.391025641025641
0.6565495207657244,0.39604891815541665,0.5128205128205128
0.6573482428104516,0.3969896519277573,0.6602564102564102
0.9257188498387768,0.6491063029150534,0.5576923076923077
0.9289137380176855,0.6453433678256908,0.7115384615384616
0.9424920127780472,0.661335841955482,0.6089743589743589
0.9376996805096842,0.6632173095001633,0.5516666666666666
0.9329073482413213,0.6575729068661194,0.6346153846153846
0.9361022364202299,0.6538099717767567,0.6062820512820514
0.9321086261965941,0.6566321730937786,0.5705128205128205
0.9384984025544114,0.6641580432725039,0.5529487179487179
0.9353035143755027,0.6528692380044161,0.6025641025641025
0.931309904151867,0.655691439321438,0.5512820512820513
0.936900958464957,0.6547507055490974,0.5938461538461538
0.9392971245991385,0.6650987770448447,0.3632051282051282
0.9408945686885928,0.6594543744108007,0.6324358974358975
0.312300319488319,0.6509877704597348,0.4519230769230769
0.08865814696471461,0.09313264346172506,0.358974358974359
0.08546325878580598,0.06679209783618666,0.48294871794871796
0.0790734824279887,0.07431796801491192,0.42948717948717946
0.07827476038326155,0.07525870178725257,0.4166666666666667
0.07987220447271585,0.07337723424257125,0.41025641025641024
0.08626198083053313,0.06585136406384601,0.5042307692307693
0.08226837060689733,0.07055503292554928,0.4337179487179487
0.08146964856217018,0.07149576669788994,0.45294871794871794
0.08067092651744302,0.0724365004702306,0.2906410256410257
0.9297124600624126,0.650047036687394,0.6474358974358975
0.9353035143755027,0.6566321730937786,0.5993589743589743
0.9424920127780472,0.6650987770448447,0.5426923076923077
0.9337060702860485,0.6547507055490974,0.5705128205128205
0.9321086261965941,0.6528692380044161,0.6067948717948718
0.9257188498387768,0.6453433678256908,0.6435897435897436
0.9281150159729583,0.6481655691427127,0.6346153846153846
0.9376996805096842,0.6594543744108007,0.5791025641025641
0.9361022364202299,0.6575729068661194,0.5887179487179487
0.9384984025544114,0.6603951081831413,0.5765384615384616
0.9392971245991385,0.661335841955482,0.5630769230769231
0.936900958464957,0.65851364063846,0.5997435897435898
0.9400958466438657,0.6622765757278226,0.5555128205128205
0.931309904151867,0.6519285042320754,0.6602564102564102
0.9345047923307755,0.655691439321438,0.5512820512820513
0.3194888178908634,0.7572906867342291,0.4230769230769231
0.3218849840250449,0.7638758231406136,0.47435897435897434
0.3282747603828622,0.7714016933193388,0.4358974358974359
0.312300319488319,0.7826904985874268,0.4230769230769231
0.3226837060697721,0.7610536218235916,0.6282051282051282
0.30750798721995604,0.7732831608640202,0.3782051282051282
0.3298722044723165,0.7695202257746575,0.49038461538461536
0.32108626198031776,0.7629350893682729,0.592948717948718
0.6357827476028183,0.31514581373412015,0.45897435897435895
0.6365814696475454,0.3160865475064608,0.5544871794871795
0.6629392971235416,0.32925682031923,0.4957692307692308
0.6669329073471775,0.33207902163625197,0.782051282051282
0.6653354632577231,0.33019755409157064,0.5064102564102564
0.6150159744399121,0.27281279397879055,0.48717948717948717
0.33626198083013376,0.7450611476938005,0.5406410256410257
0.3378594249195881,0.754468485417207,0.5915384615384616
0.34025559105376957,0.7497648165555038,0.4971794871794872
0.3338658146959523,0.7422389463767785,0.5641025641025641
0.33945686900904243,0.7563499529618883,0.5756410256410257
0.33865814696431523,0.7554092191895477,0.5739743589743589
0.33067092651704366,0.7460018814661411,0.6346153846153846
0.3410543130984967,0.7507055503278444,0.5760256410256411
0.3314696485617708,0.7469426152384818,0.637948717948718
0.33306709265122514,0.7488240827831631,0.5897435897435898
0.33706070287486095,0.7535277516448664,0.5883333333333334
0.3354632587854066,0.7441204139214598,0.5669230769230769
0.3418530351432239,0.7516462841001851,0.6346153846153846
0.332268370606498,0.7478833490108224,0.6506410256410257
0.3346645367406795,0.7431796801491192,0.5983333333333334
0.34265175718795104,0.7525870178725257,0.5747435897435897
0.3194888178908634,0.6726246472235698,0.5192307692307693
0.31789137380140914,0.6707431796788885,0.5064102564102564
0.6509584664526342,0.3537158984000871,0.6474358974358975
0.6533546325868157,0.35653809971710904,0.6025641025641025
0.6461661341842713,0.34430856067668053,0.6346153846153846
0.6413738019159083,0.3424270931319992,0.6794871794871795
0.6621405750788145,0.3631232361234937,0.6423076923076922
0.6573482428104516,0.36124176857881235,0.6666666666666666
0.6493610223631799,0.3480714957660431,0.5756410256410257
0.6613418530340873,0.362182502351153,0.709871794871795
0.6589456868999058,0.359360301034131,0.7076923076923077
0.6485623003184527,0.34713076199370246,0.6076923076923078
0.659744408944633,0.36406396989583434,0.6934615384615385
0.6605431309893601,0.365004703668175,0.6324358974358975
0.6565495207657244,0.3603010348064717,0.6717948717948719
0.6781150159733577,0.41015992474052654,0.5641025641025641
0.6757188498391762,0.40733772342350455,0.6410256410256411
0.6869009584653564,0.397930385700098,0.5392307692307693
0.6813099041522663,0.4063969896511639,0.5666666666666667
0.6797124600628119,0.40451552210648256,0.5491025641025641
0.6876996805100836,0.39887111947243864,0.5482051282051282
0.6853035143759021,0.39604891815541665,0.5594871794871795
0.6837060702864478,0.40169332078946063,0.5478205128205129
0.6805111821075391,0.4054562558788232,0.5576923076923077
0.6861022364206293,0.3969896519277573,0.5542307692307693
0.6845047923311749,0.40263405456180124,0.5676923076923077
0.6829073482417206,0.40075258701711997,0.5683333333333334
0.6789137380180849,0.4035747883341419,0.5817948717948718
0.6821086261969934,0.3998118532447793,0.5505128205128205
0.6773162939286305,0.4092191909681859,0.5555128205128205
0.6733226837049947,0.4120413922852078,0.5794871794871795
0.6765175718839034,0.4082784571958452,0.5512820512820513
0.669329073481359,0.4148635936022298,0.6153846153846154
0.670127795526086,0.41580432737457046,0.4423076923076923
0.674920127794449,0.41392285982988913,0.532051282051282
0.6725239616602675,0.4111006585128672,0.5448717948717948
0.6557507987209972,0.36124176857881235,0.6378205128205128
0.6469648562289985,0.3358419567256146,0.5358974358974359
0.6613418530340873,0.35277516462774644,0.6437179487179486
0.6589456868999058,0.3574788334894497,0.6941025641025641
0.6413738019159083,0.34430856067668053,0.4423076923076923
0.6485623003184527,0.3377234242702959,0.6410256410256411
0.6605431309893601,0.3518344308554058,0.5906410256410256
0.639776357826454,0.34995296331072445,0.4948717948717948
0.659744408944633,0.3508936970830651,0.6316666666666666
0.6389776357817268,0.3490122295383838,0.3717948717948718
0.6501597444079071,0.362182502351153,0.5512820512820513
0.6477635782737257,0.3367826904979553,0.5435897435897437
0.6182108626188207,0.36970837252987826,0.4935897435897436
0.6190095846635479,0.3706491063022189,0.5
0.6222044728424565,0.36688617121285627,0.49461538461538457
0.6581469648551787,0.35653809971710904,0.625
0.6230031948871837,0.36782690498519693,0.5102564102564102
0.6214057507977294,0.3659454374405156,0.47897435897435897
0.6565495207657244,0.35465663217242777,0.6589743589743591
0.6549520766762701,0.3603010348064717,0.6346153846153846
0.6461661341842713,0.3424270931319992,0.6634615384615384
0.6429712460053627,0.34619002822136186,0.5512820512820513
0.6621405750788145,0.3537158984000871,0.6706410256410257
0.6238019169319109,0.3687676387575376,0.46153846153846156
0.6453674121395442,0.34148635935965854,0.6538461538461539
0.08226837060689733,0.06585136406384601,0.46153846153846156
0.07827476038326155,0.07619943555959323,0.3974358974358974
0.0830670926516245,0.06679209783618666,0.482051282051282
0.08466453674107881,0.06867356538086797,0.4807692307692308
0.6557507987209972,0.362182502351153,0.7051282051282052
0.6453674121395442,0.3367826904979553,0.4273076923076923
0.6477635782737257,0.34148635935965854,0.5801282051282052
0.6613418530340873,0.35559736594476843,0.6466666666666666
0.6621405750788145,0.35465663217242777,0.7039743589743589
0.6206070287530022,0.3659454374405156,0.48717948717948717
0.6230031948871837,0.3706491063022189,0.4807692307692308
0.6238019169319109,0.36970837252987826,0.4897435897435898
0.6605431309893601,0.35653809971710904,0.6756410256410257
0.6182108626188207,0.3687676387575376,0.5128205128205128
0.6573482428104516,0.35277516462774644,0.5288461538461539
0.6581469648551787,0.3518344308554058,0.6196153846153846
0.6413738019159083,0.3490122295383838,0.5448717948717948
0.644568690094817,0.3377234242702959,0.532051282051282
0.659744408944633,0.3574788334894497,0.7692307692307693
0.6493610223631799,0.3396048918149772,0.5021794871794872
0.6589456868999058,0.3508936970830651,0.6538461538461539
0.6565495207657244,0.3537158984000871,0.6191025641025641
0.6549520766762701,0.3631232361234937,0.6196153846153846
0.9560702875384088,0.6688617121342072,0.5448717948717948
0.931309904151867,0.6641580432725039,0.5256410256410257
0.9273162939282311,0.6425211665086689,0.6196153846153846
0.926517571883504,0.6434619002810095,0.6346153846153846
0.9400958466438657,0.6575729068661194,0.5855128205128205
0.9361022364202299,0.6622765757278226,0.5507692307692307
0.9376996805096842,0.6566321730937786,0.6
0.9345047923307755,0.6603951081831413,0.5461538461538461
0.9384984025544114,0.655691439321438,0.5989743589743589
0.936900958464957,0.661335841955482,0.5674358974358975
0.9408945686885928,0.6528692380044161,0.5807692307692307
0.9392971245991385,0.65851364063846,0.5828205128205127
0.94169329073332,0.6519285042320754,0.6178205128205128
0.9424920127780472,0.6547507055490974,0.4982051282051282
0.9353035143755027,0.6594543744108007,0.5833333333333334
0.9337060702860485,0.6650987770448447,0.5452564102564103
0.9329073482413213,0.6660395108171853,0.49615384615384617
0.9432907348227743,0.6538099717767567,0.6410256410256411
0.3666134185297658,0.7507055503278444,0.48294871794871796
0.6589456868999058,0.41015992474052654,0.5192307692307693
0.6541533546315429,0.3969896519277573,0.7093589743589743
0.6573482428104516,0.4082784571958452,0.5641025641025641
0.6581469648551787,0.4092191909681859,0.5256410256410257
0.36741214057449295,0.7516462841001851,0.46153846153846156
0.36261980830613,0.7535277516448664,0.4358974358974359
0.36341853035085714,0.754468485417207,0.48294871794871796
0.6621405750788145,0.4063969896511639,0.5544871794871795
0.07987220447271585,0.03198494825958234,0.4807692307692308
0.08226837060689733,0.021636876763835116,0.3814102564102564
0.08546325878580598,0.025399811853197743,0.5282051282051282
0.08466453674107881,0.0263405456255384,0.507051282051282
0.08706070287526028,0.023518344308516428,0.5207692307692309
0.09824281150144051,0.010348071495747228,0.41884615384615387
0.08626198083053313,0.024459078080857087,0.5366666666666666
0.0830670926516245,0.06585136406384601,0.44871794871794873
0.08146964856217018,0.06773283160852732,0.46794871794871795
0.09744408945671335,0.08654750705534046,0.1282051282051282
0.08386581469635165,0.06491063029150534,0.47435897435897434
0.08226837060689733,0.06679209783618666,0.4923076923076924
0.31549520766722766,0.7582314205065697,0.3333333333333333
0.2507987220443278,0.6820319849469765,0.5085897435897436
0.25159744408905493,0.6829727187193171,0.47346153846153854
0.3298722044723165,0.7751646284087015,0.46153846153846156
0.32348242811449923,0.7826904985874268,0.482051282051282
0.3226837060697721,0.7817497648150861,0.5
0.6341853035133639,0.3160865475064608,0.5897435897435898
0.6357827476028183,0.3142050799617795,0.48294871794871796
0.6365814696475454,0.3132643461894388,0.45294871794871794
0.3314696485617708,0.765757290685295,0.4358974358974359
0.3498402555904955,0.7723424270916796,0.40384615384615385
0.34265175718795104,0.7638758231406136,0.5128205128205128
0.3450479233221325,0.7817497648150861,0.532051282051282
0.3346645367406795,0.7695202257746575,0.520128205128205
0.3434504792326782,0.7798682972704047,0.5683333333333334
0.33865814696431523,0.7591721542789103,0.5867948717948718
0.34025559105376957,0.7610536218235916,0.5915384615384616
0.33706070287486095,0.7572906867342291,0.5558974358974359
0.33945686900904243,0.760112888051251,0.5507692307692307
0.33067092651704366,0.7648165569129542,0.3301282051282051
0.3442492012774054,0.7808090310427455,0.48717948717948717
0.3418530351432239,0.7629350893682729,0.5734615384615385
0.3410543130984967,0.7619943555959323,0.617948717948718
0.3378594249195881,0.7582314205065697,0.5680769230769231
0.33626198083013376,0.7714016933193388,0.49192307692307696
0.34584664536685966,0.7826904985874268,0.5
0.33306709265122514,0.7676387582299762,0.44871794871794873
0.3338658146959523,0.7685794920023169,0.30128205128205127
0.3354632587854066,0.7704609595469982,0.48294871794871796
0.332268370606498,0.7666980244576356,0.5641025641025641
0.08546325878580598,0.0395108184383076,0.6111538461538462
0.09185303514362324,0.04421448730001089,0.44871794871794873
0.09424920127780471,0.04139228598298891,0.3932051282051282
0.09664536741198619,0.038570084665966946,0.38782051282051283
0.09504792332253187,0.04045155221064826,0.3333333333333333
0.6341853035133639,0.3057384760107136,0.44871794871794873
0.6333865814686368,0.31232361241709816,0.44871794871794873
0.6509584664526342,0.3424270931319992,0.5673076923076923
0.6301916932897281,0.36688617121285627,0.47858974358974354
0.6373801916922726,0.35653809971710904,0.5833333333333334
0.6605431309893601,0.34619002822136186,0.616025641025641
0.6533546325868157,0.3377234242702959,0.5791025641025641
0.6381789137369998,0.3574788334894497,0.6410256410256411
0.6261980830660924,0.36970837252987826,0.517948717948718
0.6565495207657244,0.3490122295383838,0.6367948717948718
0.6525559105420886,0.3405456255873179,0.5592307692307693
0.6293929712450009,0.3659454374405156,0.5153846153846154
0.6549520766762701,0.3358419567256146,0.597948717948718
0.6557507987209972,0.3367826904979553,0.5903846153846154
0.6541533546315429,0.33866415804263655,0.5857692307692307
0.6589456868999058,0.3480714957660431,0.5878205128205127
0.6621405750788145,0.34430856067668053,0.626025641025641
0.6573482428104516,0.34995296331072445,0.6256410256410256
0.6517571884973614,0.3396048918149772,0.5538461538461539
0.6581469648551787,0.34713076199370246,0.6025641025641025
0.659744408944633,0.3452492944490212,0.617948717948718
0.6277955271555467,0.36782690498519693,0.4583333333333333
0.6613418530340873,0.34336782690433987,0.6342307692307693
0.6501597444079071,0.34148635935965854,0.5875641025641025
0.6285942492002738,0.3687676387575376,0.47435897435897434
0.6493610223631799,0.359360301034131,0.47435897435897434
0.31709265175668194,0.6763875823129325,0.358974358974359
0.31549520766722766,0.6745061147682512,0.3867948717948718
0.31469648562250047,0.6754468485405918,0.4935897435897436
0.3162939297119548,0.6773283160852731,0.3735897435897436
0.11341853035125653,0.06396989651916468,0.3269230769230769
0.11501597444071084,0.06208842897448337,0.3291025641025641
0.12380191693270959,0.05174035747873614,0.3974358974358974
0.10463258785925778,0.05550329256809877,0.34935897435897434
0.11102236421707505,0.06302916274682403,0.3153846153846153
0.1022364217250763,0.050799623706395486,0.3269230769230769
0.1062300319487121,0.05362182502341746,0.3301282051282051
0.10702875399343925,0.06020696142980206,0.358974358974359
0.10862619808289357,0.05832549388512075,0.34615384615384615
0.10942492012762073,0.057384760112780084,0.3333333333333333
0.09744408945671335,0.017873941674472486,0.48717948717948717
0.08706070287526028,0.03198494825958234,0.49269230769230776
0.0830670926516245,0.027281279397879058,0.6051282051282052
0.09904153354616767,0.01599247412979117,0.3974358974358974
0.08386581469635165,0.028222013170219714,0.5256410256410257
0.09984025559089482,0.01693320790213183,0.5416666666666666
0.09824281150144051,0.01881467544681314,0.4982051282051282
0.08546325878580598,0.03386641580426366,0.47858974358974354
0.08626198083053313,0.031044214487241685,0.5534615384615384
0.08067092651744302,0.021636876763835116,0.32474358974358974
0.08226837060689733,0.031044214487241685,0.5641025641025641
0.08706070287526028,0.029162746942560373,0.5847435897435898
0.08626198083053313,0.03010348071490103,0.5865384615384616
0.08546325878580598,0.027281279397879058,0.5558974358974359
0.08466453674107881,0.028222013170219714,0.5815384615384616
0.09744408945671335,0.0131702728127692,0.5448717948717948
0.09904153354616767,0.015051740357450515,0.4287179487179487
0.09584664536725904,0.01881467544681314,0.4807692307692308
0.09984025559089482,0.014111006585109857,0.44448717948717953
0.08146964856217018,0.03198494825958234,0.5833333333333334
0.9472843450464101,0.6594543744108007,0.6025641025641025
0.9361022364202299,0.6763875823129325,0.46576923076923077
0.9576677316278631,0.6491063029150534,0.48717948717948717
0.9504792332253187,0.655691439321438,0.48717948717948717
0.956869009583136,0.6481655691427127,0.46153846153846156
0.931309904151867,0.6782690498576138,0.5046153846153846
0.9560702875384088,0.6547507055490974,0.507051282051282
0.9345047923307755,0.6745061147682512,0.5034615384615384
0.9305111821071398,0.6848541862639984,0.5085897435897436
0.9321086261965941,0.6792097836299544,0.4885897435897436
0.9353035143755027,0.6754468485405918,0.47435897435897434
0.9592651757173175,0.6509877704597348,0.4885897435897436
0.9536741214042274,0.6519285042320754,0.5
0.9544728434489546,0.6528692380044161,0.4875641025641026
0.9552715654936816,0.6538099717767567,0.4841025641025642
0.9376996805096842,0.6707431796788885,0.4948717948717948
0.9584664536725903,0.650047036687394,0.517948717948718
0.9289137380176855,0.6829727187193171,0.4166666666666667
0.9480830670911372,0.6603951081831413,0.5512820512820513
0.9297124600624126,0.6839134524916578,0.44448717948717953
0.9257188498387768,0.6867356538086797,0.3632051282051282
0.926517571883504,0.6876763875810203,0.3162820512820513
0.9273162939282311,0.6886171213533611,0.39230769230769225
0.9329073482413213,0.6801505174022952,0.5037179487179488
0.9680511182093162,0.6387582314193062,0.30128205128205127
0.9448881789122286,0.625587958606537,0.40384615384615385
0.7196485622991698,0.35277516462774644,0.5512820512820513
0.9712460063882249,0.65851364063846,0.4291025641025641
0.9464856230016829,0.6274694261512184,0.3828205128205128
0.9744408945671335,0.6547507055490974,0.3525641025641026
0.9792332268354964,0.6603951081831413,0.40602564102564104
0.9816293929696779,0.661335841955482,0.4358974358974359
0.9768370607013149,0.6632173095001633,0.46794871794871795
0.9440894568675015,0.6265286923788776,0.42948717948717946
0.9480830670911372,0.6218250235171744,0.532051282051282
0.9456869009569557,0.628410159923559,0.4034615384615384
0.7268370607017143,0.3405456255873179,0.4316666666666667
0.9472843450464101,0.622765757289515,0.35474358974358977
0.9696485622987705,0.6566321730937786,0.4230769230769231
0.9728434504776792,0.6528692380044161,0.46153846153846156
0.9704472843434977,0.655691439321438,0.4373076923076923
0.7188498402544428,0.3537158984000871,0.4358974358974359
0.972044728432952,0.6575729068661194,0.4225641025641025
0.9760383386565878,0.6641580432725039,0.44871794871794873
0.9776357827460421,0.6660395108171853,0.46576923076923077
0.9752396166118606,0.6538099717767567,0.40064102564102566
0.31709265175668194,0.7582314205065697,0.3632051282051282
0.3162939297119548,0.7572906867342291,0.3897435897435898
0.3282747603828622,0.7751646284087015,0.47435897435897434
0.25319488817850927,0.6829727187193171,0.4914102564102564
0.32667731629340785,0.7770460959533828,0.45294871794871794
0.3298722044723165,0.7732831608640202,0.5064102564102564
0.3290734824275893,0.7723424270916796,0.38038461538461543
0.32348242811449923,0.7808090310427455,0.5384615384615384
0.6309904153344553,0.31044214487241684,0.4935897435897436
0.6357827476028183,0.30856067732773557,0.4551282051282051
0.6365814696475454,0.3076199435553949,0.5416666666666666
0.3162939297119548,0.7619943555959323,0.3782051282051282
0.3218849840250449,0.7855126999044487,0.47435897435897434
0.25319488817850927,0.685794920036339,0.532051282051282
0.24999999999960065,0.6820319849469765,0.48717948717948717
0.32108626198031776,0.7864534336767893,0.4893589743589744
0.3138977635777733,0.7572906867342291,0.46794871794871795
0.3226837060697721,0.7845719661321081,0.47858974358974354
0.3290734824275893,0.7770460959533828,0.5
0.3099041533541375,0.7695202257746575,0.35474358974358977
0.3338658146959523,0.7619943555959323,0.4807692307692308
0.3354632587854066,0.7638758231406136,0.584871794871795
0.3442492012774054,0.7723424270916796,0.5333333333333332
0.332268370606498,0.760112888051251,0.4166666666666667
0.33945686900904243,0.7666980244576356,0.5784615384615385
0.3378594249195881,0.7648165569129542,0.6125641025641025
0.33626198083013376,0.7629350893682729,0.5833333333333334
0.34584664536685966,0.7742238946363609,0.47948717948717956
0.33067092651704366,0.7582314205065697,0.4935897435897436
0.3418530351432239,0.7714016933193388,0.4957692307692308
0.33706070287486095,0.765757290685295,0.6078205128205127
0.3498402555904955,0.7808090310427455,0.4316666666666667
0.3450479233221325,0.7751646284087015,0.5242307692307693
0.34664536741158686,0.7770460959533828,0.5589743589743589
0.34904153354576833,0.7779868297257234,0.4573076923076923
0.3506389776352226,0.7798682972704047,0.45294871794871794
0.34824281150104114,0.7789275634980641,0.4551282051282051
0.3434504792326782,0.7732831608640202,0.5192307692307693
0.347444089456314,0.7761053621810422,0.48461538461538456
0.33865814696431523,0.7676387582299762,0.5143589743589744
0.34025559105376957,0.7695202257746575,0.20512820512820512
0.3346645367406795,0.7610536218235916,0.5256410256410257
0.33306709265122514,0.7591721542789103,0.5897435897435898
0.115814696485438,0.0263405456255384,0.35038461538461535
0.11341853035125653,0.023518344308516428,0.3375641025641025
0.1078274760381664,0.01693320790213183,0.408974358974359
0.10303514376980347,0.011288805268087886,0.44871794871794873
0.1118210862618022,0.014111006585109857,0.4493589743589743
0.11102236421707505,0.0131702728127692,0.46884615384615375
0.11022364217234788,0.012229539040428544,0.4976923076923076
0.11421725239598368,0.024459078080857087,0.3333333333333333
0.10942492012762073,0.01881467544681314,0.41500000000000004
0.1062300319487121,0.007525870178725257,0.4442307692307693
0.11261980830652936,0.015051740357450515,0.38461538461538464
0.11980830670907379,0.031044214487241685,0.3525641025641026
0.10862619808289357,0.017873941674472486,0.3301282051282051
0.10702875399343925,0.01599247412979117,0.48128205128205137
0.10463258785925778,0.005644402634043943,0.44448717948717953
0.10543130990398493,0.0065851364063846,0.4347435897435897
0.33865814696431523,0.7535277516448664,0.6629487179487179
0.33306709265122514,0.7469426152384818,0.6115384615384616
0.332268370606498,0.7460018814661411,0.6097435897435898
0.3354632587854066,0.7422389463767785,0.5555128205128205
0.33067092651704366,0.7478833490108224,0.690128205128205
0.33706070287486095,0.7554092191895477,0.5792307692307693
0.3378594249195881,0.7563499529618883,0.5674358974358975
0.3346645367406795,0.7450611476938005,0.5801282051282052
0.3338658146959523,0.7441204139214598,0.5971794871794872
0.3314696485617708,0.7488240827831631,0.6657692307692309
0.3418530351432239,0.7497648165555038,0.47743589743589737
0.33945686900904243,0.754468485417207,0.5655128205128205
0.34025559105376957,0.7516462841001851,0.5014102564102564
0.34265175718795104,0.7507055503278444,0.6071794871794872
0.3410543130984967,0.7525870178725257,0.47435897435897434
0.3226837060697721,0.7394167450597565,0.5512820512820513
0.3242811501592264,0.73000940733635,0.6446153846153846
0.3202875399355906,0.7347130761980533,0.5589743589743589
0.3194888178908634,0.7356538099703939,0.5402564102564102
0.32747603833813504,0.7337723424257125,0.5565384615384615
0.3282747603828622,0.7328316086533719,0.616025641025641
0.3290734824275893,0.7318908748810312,0.6196153846153846
0.32667731629340785,0.727187206019328,0.5932051282051282
0.32507987220395357,0.7290686735640093,0.6153846153846154
0.3218849840250449,0.7403574788320971,0.4166666666666667
0.3258785942486807,0.7281279397916687,0.5816666666666668
0.3298722044723165,0.7309501411086906,0.6487179487179486
0.31549520766722766,0.7478833490108224,0.4551282051282051
0.31709265175668194,0.7460018814661411,0.4935897435897436
0.31469648562250047,0.7488240827831631,0.48717948717948717
0.6629392971235416,0.40451552210648256,0.5673076923076923
0.670127795526086,0.39604891815541665,0.6111538461538462
0.664536741212996,0.4063969896511639,0.5576923076923077
0.6757188498391762,0.4195672624639331,0.5128205128205128
0.6653354632577231,0.4054562558788232,0.5560256410256411
0.7084664536729897,0.4412041392277682,0.6153846153846154
0.6861022364206293,0.4148635936022298,0.5352564102564102
0.6661341853024503,0.4082784571958452,0.5897435897435898
0.6876996805100836,0.4167450611469111,0.5367948717948718
0.6821086261969934,0.4120413922852078,0.5641025641025641
0.6964856230020823,0.4289746001873397,0.6769230769230768
0.6677316293919046,0.41015992474052654,0.7307692307692307
0.6837060702864478,0.41392285982988913,0.5397435897435897
0.6869009584653564,0.4176857949192518,0.5342307692307693
0.6956869009573552,0.4261523988703177,0.5878205128205127
0.6709265175708132,0.39887111947243864,0.6135897435897436
0.6972843450468095,0.428033866414999,0.5976923076923077
0.6980830670915367,0.43085606773202095,0.5769230769230769
0.6924920127784465,0.4374412041384056,0.5096153846153846
0.6829073482417206,0.4111006585128672,0.5420512820512821
0.6884984025548108,0.4346190028213836,0.5128205128205128
0.7076677316282626,0.44214487300010885,0.5705128205128205
0.690095846644265,0.43650047036606493,0.517051282051282
0.694888178912628,0.42709313264265836,0.6303846153846154
0.674920127794449,0.40169332078946063,0.5784615384615385
0.6781150159733577,0.4205079962362738,0.5298717948717948
0.6853035143759021,0.41580432737457046,0.5461538461538461
0.6741214057497219,0.40263405456180124,0.5406410256410257
0.6845047923311749,0.41298212605754847,0.5335897435897436
0.35623003194831276,0.765757290685295,0.5833333333333334
0.6733226837049947,0.3998118532447793,0.6008974358974359
0.6717252396155404,0.397930385700098,0.6043589743589743
0.6765175718839034,0.41862652869159245,0.532051282051282
0.6725239616602675,0.40075258701711997,0.6296153846153846
0.6637380191682688,0.4035747883341419,0.6025641025641025
0.669329073481359,0.3969896519277573,0.6410256410256411
0.6437699680500898,0.32361241768518606,0.5833333333333334
0.6469648562289985,0.3273753527745487,0.5611538461538461
0.644568690094817,0.3226716839128454,0.5866666666666668
0.6493610223631799,0.3245531514575267,0.5966666666666668
0.6429712460053627,0.33207902163625197,0.5384615384615384
0.6453674121395442,0.32173095014050473,0.5973076923076923
0.6485623003184527,0.3254938852298674,0.623076923076923
0.6477635782737257,0.32643461900220805,0.6162820512820512
0.6461661341842713,0.32079021636816407,0.6058974358974359
0.6421725239606355,0.33301975540859263,0.5426923076923077
0.639776357826454,0.3283160865468893,0.5769230769230769
0.6533546325868157,0.3198494825958234,0.5769230769230769
0.9776357827460421,0.6650987770448447,0.48717948717948717
0.9696485622987705,0.655691439321438,0.42179487179487185
0.9800319488802236,0.6603951081831413,0.40602564102564104
0.9808306709249508,0.661335841955482,0.4401282051282051
0.9712460063882249,0.6575729068661194,0.40833333333333327
0.9448881789122286,0.6265286923788776,0.38461538461538464
0.9464856230016829,0.628410159923559,0.3915384615384616
0.9480830670911372,0.622765757289515,0.45897435897435895
0.9456869009569557,0.6274694261512184,0.42025641025641025
0.972044728432952,0.65851364063846,0.4193589743589743
0.9520766773147731,0.6349952963299436,0.38461538461538464
0.9760383386565878,0.6632173095001633,0.44871794871794873
0.7276357827464415,0.3405456255873179,0.391025641025641
0.9768370607013149,0.6641580432725039,0.4807692307692308
0.9744408945671335,0.6538099717767567,0.4198717948717949
0.9704472843434977,0.6566321730937786,0.4211538461538461
0.9752396166118606,0.6547507055490974,0.36538461538461536
0.11022364217234788,0.08466603951065914,0.3525641025641026
0.11741214057489231,0.07619943555959323,0.3717948717948718
0.11102236421707505,0.08372530573831849,0.3932051282051282
0.10702875399343925,0.08090310442129652,0.3814102564102564
0.12300319488798242,0.06961429915320863,0.32051282051282054
0.11661341853016516,0.07714016933193389,0.368076923076923
0.10143769968034914,0.08748824082768111,0.40294871794871806
0.115814696485438,0.07431796801491192,0.3666666666666666
0.11421725239598368,0.0724365004702306,0.3358974358974359
0.12060702875380094,0.06491063029150534,0.3333333333333333
0.1078274760381664,0.07996237064895585,0.28461538461538466
0.11501597444071084,0.07525870178725257,0.38038461538461543
0.10942492012762073,0.05832549388512075,0.36269230769230776
0.11022364217234788,0.06302916274682403,0.3675641025641026
0.10702875399343925,0.0592662276574614,0.36217948717948717
0.1062300319487121,0.054562558795758116,0.3773076923076924
0.10862619808289357,0.057384760112780084,0.33846153846153854
0.1078274760381664,0.06020696142980206,0.3525641025641026
0.10383386581453062,0.05550329256809877,0.34615384615384615
0.10463258785925778,0.05644402634043943,0.34615384615384615
0.3298722044723165,0.7845719661321081,0.5076923076923077
0.31709265175668194,0.7695202257746575,0.5
0.3186900958461363,0.7751646284087015,0.5384615384615384
0.32507987220395357,0.7826904985874268,0.4893589743589744
0.32667731629340785,0.7808090310427455,0.4551282051282051
0.3138977635777733,0.765757290685295,0.391025641025641
0.3290734824275893,0.7836312323597674,0.5064102564102564
0.32747603833813504,0.7855126999044487,0.5384615384615384
0.31469648562250047,0.7704609595469982,0.4807692307692308
0.31549520766722766,0.7714016933193388,0.28205128205128205
0.6916932907337193,0.4082784571958452,0.5248717948717948
0.694888178912628,0.3969896519277573,0.5794871794871795
0.6956869009573552,0.39604891815541665,0.5538461538461539
0.6884984025548108,0.40451552210648256,0.5384615384615384
0.6924920127784465,0.40733772342350455,0.5441025641025641
0.6908945686889922,0.4054562558788232,0.5491025641025641
0.7012779552704452,0.4195672624639331,0.5456410256410257
0.6932907348231737,0.41015992474052654,0.5326923076923077
0.7020766773151724,0.41862652869159245,0.5224358974358975
0.6988817891362638,0.3998118532447793,0.5426923076923077
0.6892971245995378,0.4035747883341419,0.5448717948717948
0.7028753993598996,0.4214487300086144,0.5732051282051281
0.6972843450468095,0.397930385700098,0.6153846153846154
0.690095846644265,0.4063969896511639,0.5452564102564103
0.699680511180991,0.40263405456180124,0.5576923076923077
0.6940894568679008,0.4092191909681859,0.5756410256410257
0.9736421725224064,0.6547507055490974,0.4307692307692307
0.9440894568675015,0.6274694261512184,0.3974358974358974
0.9776357827460421,0.6632173095001633,0.42948717948717946
0.9728434504776792,0.6538099717767567,0.47692307692307695
0.9472843450464101,0.6237064910618557,0.3782051282051282
0.9816293929696779,0.6603951081831413,0.42948717948717946
0.9704472843434977,0.65851364063846,0.40717948717948727
0.9792332268354964,0.661335841955482,0.4423076923076923
0.9696485622987705,0.6575729068661194,0.4347435897435897
0.972044728432952,0.6566321730937786,0.3897435897435898
0.9784345047907693,0.6641580432725039,0.46153846153846156
0.9456869009569557,0.625587958606537,0.42858974358974367
0.9800319488802236,0.6622765757278226,0.42948717948717946
0.9752396166118606,0.6528692380044161,0.4358974358974359
0.7180511182097156,0.3537158984000871,0.34615384615384615
0.9464856230016829,0.6265286923788776,0.3932051282051282
0.9448881789122286,0.628410159923559,0.43025641025641026
0.9712460063882249,0.655691439321438,0.44320512820512814
0.9496805111805916,0.6547507055490974,0.5384615384615384
0.9281150159729583,0.6895578551257017,0.40705128205128205
0.9576677316278631,0.6415804327363281,0.3269230769230769
0.936900958464957,0.6698024459065479,0.5410256410256411
0.9688498402540434,0.6472248353703721,0.5
0.9488817891358644,0.6538099717767567,0.6107692307692307
0.9353035143755027,0.6679209783618666,0.5407692307692309
0.9345047923307755,0.6669802445895259,0.5207692307692309
0.9480830670911372,0.6528692380044161,0.5974358974358973
0.9321086261965941,0.6716839134512292,0.5221794871794873
0.9329073482413213,0.6726246472235698,0.4994871794871794
0.9361022364202299,0.6688617121342072,0.5256410256410257
0.9337060702860485,0.6735653809959106,0.4905128205128206
0.9440894568675015,0.655691439321438,0.47115384615384615
0.9305111821071398,0.6923800564427237,0.3932051282051282
0.9289137380176855,0.6904985888980424,0.4358974358974359
0.931309904151867,0.6707431796788885,0.4538461538461539
0.9648562300304075,0.650047036687394,0.47435897435897434
0.9472843450464101,0.6519285042320754,0.6111538461538462
0.9656549520751347,0.6509877704597348,0.4423076923076923
0.9792332268354964,0.6650987770448447,0.44871794871794873
0.9800319488802236,0.6660395108171853,0.5
0.9744408945671335,0.655691439321438,0.3974358974358974
0.9752396166118606,0.6566321730937786,0.4166666666666667
0.9736421725224064,0.65851364063846,0.38782051282051283
0.9696485622987705,0.6538099717767567,0.4301282051282051
0.9504792332253187,0.6312323612405809,0.3932051282051282
0.9448881789122286,0.6246472248341963,0.2906410256410257
0.9472843450464101,0.6274694261512184,0.3997435897435898
0.9464856230016829,0.622765757289515,0.40384615384615385
0.9704472843434977,0.6547507055490974,0.42000000000000004
0.9768370607013149,0.6622765757278226,0.4598717948717949
0.9728434504776792,0.6575729068661194,0.44525641025641033
0.9488817891358644,0.625587958606537,0.3974358974358974
0.9512779552700459,0.6321730950129216,0.41025641025641024
0.9712460063882249,0.6519285042320754,0.4230769230769231
0.9760383386565878,0.661335841955482,0.4273076923076923
0.9480830670911372,0.628410159923559,0.4273076923076923
0.9784345047907693,0.6603951081831413,0.4461538461538461
0.6541533546315429,0.41580432737457046,0.4935897435897436
0.6357827476028183,0.3198494825958234,0.4957692307692308
0.6365814696475454,0.3189087488234828,0.5439743589743591
0.6349840255580911,0.3170272812788015,0.5256410256410257
0.967252396164589,0.650047036687394,0.46153846153846156
0.9305111821071398,0.6933207902150643,0.46794871794871795
0.9680511182093162,0.6491063029150534,0.38461538461538464
0.9440894568675015,0.6547507055490974,0.5983333333333334
0.9273162939282311,0.6895578551257017,0.4358974358974359
0.931309904151867,0.6698024459065479,0.5358974358974359
0.9488817891358644,0.6566321730937786,0.5833333333333334
0.9321086261965941,0.6688617121342072,0.5085897435897436
0.9329073482413213,0.6679209783618666,0.5243589743589744
0.9480830670911372,0.6575729068661194,0.6794871794871795
0.9456869009569557,0.6528692380044161,0.5655128205128205
0.9353035143755027,0.6726246472235698,0.4935897435897436
0.9576677316278631,0.6387582314193062,0.3119230769230769
0.9361022364202299,0.6716839134512292,0.5210256410256411
0.9337060702860485,0.6669802445895259,0.5165384615384616
0.9345047923307755,0.6735653809959106,0.5115384615384616
0.936900958464957,0.6707431796788885,0.5192307692307693
0.9664536741198619,0.6509877704597348,0.3333333333333333
0.9297124600624126,0.6942615239874049,0.3333333333333333
0.9496805111805916,0.655691439321438,0.5160256410256411
0.9448881789122286,0.6538099717767567,0.6025641025641025
0.9464856230016829,0.6519285042320754,0.5820512820512821
0.926517571883504,0.6904985888980424,0.4423076923076923
0.699680511180991,0.3518344308554058,0.5897435897435898
0.670127795526086,0.3866415804320101,0.6101282051282052
0.6972843450468095,0.35465663217242777,0.6820512820512821
0.6869009584653564,0.36688617121285627,0.6653846153846155
0.6789137380180849,0.37629350893626284,0.6991025641025641
0.669329073481359,0.38758231420435074,0.6207692307692307
0.6805111821075391,0.3744120413915816,0.7170512820512821
0.6892971245995378,0.36406396989583434,0.6647435897435897
0.6797124600628119,0.3753527751639222,0.7067948717948718
0.6908945686889922,0.362182502351153,0.6483333333333332
0.6916932907337193,0.36124176857881235,0.6605128205128205
0.6741214057497219,0.3819379115703068,0.6464102564102564
0.6709265175708132,0.3857008466596694,0.6358974358974359
0.6725239616602675,0.3838193791149881,0.6525641025641027
0.6829073482417206,0.3715898400745596,0.6874358974358975
0.6781150159733577,0.3772342427086035,0.6866666666666666
0.674920127794449,0.38099717779796616,0.6489743589743591
0.6845047923311749,0.36970837252987826,0.6708974358974359
0.6853035143759021,0.3687676387575376,0.670128205128205
0.6876996805100836,0.3659454374405156,0.6528205128205128
0.6661341853024503,0.3913452492937134,0.5512820512820513
0.6717252396155404,0.38476011288732875,0.6547435897435897
0.6765175718839034,0.37911571025328483,0.675
0.6773162939286305,0.37817497648094417,0.6538461538461539
0.6861022364206293,0.36782690498519693,0.5780769230769232
0.6813099041522663,0.3734713076192409,0.6942307692307693
0.6677316293919046,0.38946378174903207,0.5071794871794872
0.664536741212996,0.39322671683839466,0.4391025641025641
0.6837060702864478,0.3706491063022189,0.6887179487179487
0.6757188498391762,0.3800564440256255,0.6621794871794873
0.6733226837049947,0.3828786453426475,0.653076923076923
0.6685303514366318,0.3885230479766914,0.611923076923077
0.6940894568679008,0.35841956726179036,0.6746153846153847
0.6956869009573552,0.35653809971710904,0.6507692307692309
0.6932907348231737,0.359360301034131,0.6643589743589743
0.6821086261969934,0.37253057384690025,0.7057692307692307
0.6924920127784465,0.3603010348064717,0.6621794871794873
0.6653354632577231,0.39228598306605406,0.5219230769230768
0.6964856230020823,0.35559736594476843,0.6655128205128205
0.6988817891362638,0.35277516462774644,0.6496153846153846
0.690095846644265,0.3631232361234937,0.6794871794871795
0.7004792332257181,0.3508936970830651,0.6474358974358975
0.694888178912628,0.3574788334894497,0.6892307692307693
0.6884984025548108,0.365004703668175,0.6912820512820513
0.6980830670915367,0.3537158984000871,0.6602564102564102
0.6669329073471775,0.39040451552137273,0.5439743589743591
0.9408945686885928,0.6331138287852622,0.4230769230769231
0.9400958466438657,0.6321730950129216,0.483974358974359
0.94169329073332,0.634054562557603,0.4410256410256411
0.9424920127780472,0.6349952963299436,0.525
0.9432907348227743,0.6359360301022843,0.520128205128205
0.886581469647146,0.5691439322660976,0.40602564102564104
0.9392971245991385,0.6312323612405809,0.48717948717948717
0.32667731629340785,0.7478833490108224,0.5284615384615384
0.3218849840250449,0.7497648165555038,0.5051282051282052
0.32348242811449923,0.7516462841001851,0.48717948717948717
0.3186900958461363,0.7535277516448664,0.4551282051282051
0.3298722044723165,0.7441204139214598,0.6397435897435898
0.3242811501592264,0.7469426152384818,0.44871794871794873
0.32747603833813504,0.7431796801491192,0.5352564102564102
0.3282747603828622,0.7422389463767785,0.616923076923077
0.3226837060697721,0.7525870178725257,0.47794871794871796
0.32108626198031776,0.7507055503278444,0.5
0.3290734824275893,0.7450611476938005,0.625
0.32507987220395357,0.7460018814661411,0.5641025641025641
0.31150159744359185,0.7723424270916796,0.4807692307692308
0.3258785942486807,0.7591721542789103,0.5106410256410256
0.3186900958461363,0.765757290685295,0.45897435897435895
0.312300319488319,0.7732831608640202,0.5128205128205128
0.32507987220395357,0.7582314205065697,0.5897435897435898
0.3290734824275893,0.7629350893682729,0.40166666666666667
0.3298722044723165,0.7638758231406136,0.4401282051282051
0.3242811501592264,0.7572906867342291,0.517051282051282
0.3410543130984967,0.7441204139214598,0.6538461538461539
0.3450479233221325,0.7394167450597565,0.6196153846153846
0.3346645367406795,0.7516462841001851,0.6041025641025641
0.33067092651704366,0.7563499529618883,0.5205128205128204
0.332268370606498,0.754468485417207,0.6447435897435898
0.33306709265122514,0.7535277516448664,0.6128205128205128
0.3202875399355906,0.7083725305725148,0.717948717948718
0.3354632587854066,0.7507055503278444,0.6224358974358974
0.3314696485617708,0.7554092191895477,0.5608974358974359
0.3338658146959523,0.7525870178725257,0.6282051282051282
0.3218849840250449,0.7064910630278335,0.6153846153846154
0.32108626198031776,0.7074317968001742,0.6474358974358975
0.33706070287486095,0.7488240827831631,0.5923076923076923
0.34025559105376957,0.7450611476938005,0.5298717948717948
0.3378594249195881,0.7478833490108224,0.5769230769230769
0.33945686900904243,0.7460018814661411,0.5
0.33626198083013376,0.7497648165555038,0.5714102564102563
0.9696485622987705,0.650047036687394,0.44871794871794873
0.9704472843434977,0.6509877704597348,0.4573076923076923
0.7228434504780785,0.3405456255873179,0.34615384615384615
0.690095846644265,0.3170272812788015,0.5128205128205128
0.7260383386569872,0.3367826904979553,0.5085897435897436
0.7140575079860798,0.3490122295383838,0.6666666666666666
0.6677316293919046,0.3339604891809333,0.5897435897435898
0.6637380191682688,0.32925682031923,0.5448717948717948
0.6669329073471775,0.33301975540859263,0.4807692307692308
0.659744408944633,0.3772342427086035,0.6153846153846154
0.6214057507977294,0.362182502351153,0.45294871794871794
0.6533546325868157,0.36970837252987826,0.5076923076923077
0.6525559105420886,0.3687676387575376,0.4461538461538461
0.6613418530340873,0.37911571025328483,0.6575641025641027
0.6541533546315429,0.3706491063022189,0.6
0.6581469648551787,0.3753527751639222,0.5717948717948718
0.6589456868999058,0.37629350893626284,0.5897435897435898
0.6357827476028183,0.3490122295383838,0.47012820512820513
0.6517571884973614,0.36782690498519693,0.4717948717948718
0.6238019169319109,0.365004703668175,0.49
0.6206070287530022,0.36124176857881235,0.47897435897435897
0.6365814696475454,0.34995296331072445,0.41448717948717945
0.6549520766762701,0.3715898400745596,0.5705128205128205
0.6230031948871837,0.36406396989583434,0.46769230769230774
0.6222044728424565,0.3631232361234937,0.47512820512820514
0.6565495207657244,0.3734713076192409,0.6506410256410257
0.6573482428104516,0.3744120413915816,0.6111538461538462
0.6621405750788145,0.3800564440256255,0.5944871794871796
0.6605431309893601,0.37817497648094417,0.6192307692307691
0.6349840255580911,0.3480714957660431,0.4957692307692308
0.6557507987209972,0.37253057384690025,0.6794871794871795
0.6150159744399121,0.35465663217242777,0.3291025641025641
0.6501597444079071,0.3659454374405156,0.42948717948717946
0.9384984025544114,0.6368767638746249,0.46153846153846156
0.9400958466438657,0.6387582314193062,0.4971794871794872
0.9392971245991385,0.6396989651916468,0.4834615384615384
0.9257188498387768,0.6519285042320754,0.6346153846153846
0.931309904151867,0.6453433678256908,0.6730769230769231
0.936900958464957,0.650047036687394,0.6089743589743589
0.9432907348227743,0.6425211665086689,0.560128205128205
0.9424920127780472,0.6434619002810095,0.5755128205128205
0.94169329073332,0.6406396989639875,0.5517948717948719
0.9408945686885928,0.6415804327363281,0.5387179487179486
0.9321086261965941,0.6444026340533502,0.6432051282051282
0.9353035143755027,0.6481655691427127,0.47435897435897434
0.9376996805096842,0.6378174976469656,0.4641025641025641
0.08706070287526028,0.038570084665966946,0.5737179487179487
0.6365814696475454,0.31044214487241684,0.4551282051282051
0.6357827476028183,0.30950141110007623,0.44871794871794873
0.7036741214046267,0.3424270931319992,0.3162820512820513
0.710063897762444,0.34995296331072445,0.6410256410256411
0.6940894568679008,0.3537158984000871,0.6410256410256411
0.7124600638966255,0.3452492944490212,0.5256410256410257
0.6932907348231737,0.35277516462774644,0.6474358974358975
0.690095846644265,0.35653809971710904,0.6624358974358975
0.6924920127784465,0.3518344308554058,0.6987179487179487
0.6892971245995378,0.35559736594476843,0.6201282051282052
0.6653354632577231,0.38758231420435074,0.5560256410256411
0.6677316293919046,0.3828786453426475,0.5935897435897436
0.6773162939286305,0.3715898400745596,0.7044871794871795
0.6685303514366318,0.3838193791149881,0.6015384615384616
0.6813099041522663,0.3687676387575376,0.6788461538461539
0.6845047923311749,0.3800564440256255,0.7066666666666668
0.6805111821075391,0.36782690498519693,0.6985897435897436
0.6964856230020823,0.36406396989583434,0.6346153846153846
0.6765175718839034,0.3706491063022189,0.6826923076923077
0.6781150159733577,0.37253057384690025,0.6830769230769231
0.6629392971235416,0.38476011288732875,0.5474358974358975
0.6669329073471775,0.3819379115703068,0.6088461538461538
0.674920127794449,0.3913452492937134,0.6438461538461538
0.699680511180991,0.3603010348064717,0.6282051282051282
0.6733226837049947,0.38946378174903207,0.6821794871794871
0.6884984025548108,0.35465663217242777,0.6628205128205129
0.6869009584653564,0.3753527751639222,0.6780769230769231
0.6709265175708132,0.3941674506107353,0.6698717948717948
0.6741214057497219,0.39040451552137273,0.6794871794871795
0.6821086261969934,0.3772342427086035,0.6842307692307693
0.664536741212996,0.3866415804320101,0.5503846153846155
0.6637380191682688,0.3857008466596694,0.5437179487179487
0.6861022364206293,0.3744120413915816,0.6773076923076923
0.6837060702864478,0.37911571025328483,0.7117948717948718
0.694888178912628,0.362182502351153,0.653076923076923
0.6876996805100836,0.37629350893626284,0.6666666666666666
0.6717252396155404,0.395108184383076,0.5988461538461538
0.6956869009573552,0.3631232361234937,0.637051282051282
0.6789137380180849,0.3659454374405156,0.6956410256410257
0.6972843450468095,0.365004703668175,0.6474358974358975
0.6829073482417206,0.37817497648094417,0.7061538461538461
0.6797124600628119,0.36688617121285627,0.6770512820512821
0.6757188498391762,0.36970837252987826,0.6896153846153847
0.6661341853024503,0.38099717779796616,0.6074358974358974
0.6908945686889922,0.3574788334894497,0.5803846153846154
0.6853035143759021,0.3734713076192409,0.6784615384615384
0.7004792332257181,0.36124176857881235,0.6282051282051282
0.6725239616602675,0.3885230479766914,0.6869230769230769
0.670127795526086,0.39322671683839466,0.5426923076923077
0.669329073481359,0.39228598306605406,0.5384615384615384
0.6980830670915367,0.35841956726179036,0.6573076923076923
0.6988817891362638,0.359360301034131,0.6367948717948718
0.6916932907337193,0.3508936970830651,0.6474358974358975
0.30591054313050176,0.7883349012214707,0.46794871794871795
0.3346645367406795,0.7619943555959323,0.5961538461538461
0.3434504792326782,0.7723424270916796,0.5214102564102564
0.3410543130984967,0.7695202257746575,0.4807692307692308
0.3498402555904955,0.7798682972704047,0.5085897435897436
0.3314696485617708,0.7582314205065697,0.532051282051282
0.33945686900904243,0.7676387582299762,0.3814102564102564
0.33626198083013376,0.7638758231406136,0.5983333333333334
0.34265175718795104,0.7714016933193388,0.44871794871794873
0.3450479233221325,0.7742238946363609,0.5484615384615384
0.332268370606498,0.7591721542789103,0.5564102564102564
0.33865814696431523,0.7666980244576356,0.5543589743589743
0.34904153354576833,0.7789275634980641,0.4230769230769231
0.347444089456314,0.7770460959533828,0.46794871794871795
0.3442492012774054,0.7732831608640202,0.5439743589743591
0.33306709265122514,0.760112888051251,0.6025641025641025
0.3378594249195881,0.765757290685295,0.5558974358974359
0.34025559105376957,0.7685794920023169,0.5384615384615384
0.33706070287486095,0.7648165569129542,0.584871794871795
0.3354632587854066,0.7629350893682729,0.5256410256410257
0.34584664536685966,0.7751646284087015,0.5057692307692309
0.34664536741158686,0.7761053621810422,0.48871794871794877
0.34824281150104114,0.7779868297257234,0.46474358974358976
0.3338658146959523,0.7610536218235916,0.5833333333333334
0.936900958464957,0.6378174976469656,0.3974358974358974
0.931309904151867,0.6425211665086689,0.7093589743589743
0.9337060702860485,0.6415804327363281,0.559871794871795
0.9424920127780472,0.6444026340533502,0.5861538461538461
0.9400958466438657,0.6491063029150534,0.6375641025641026
0.926517571883504,0.6632173095001633,0.3076923076923077
0.94169329073332,0.6472248353703721,0.6203846153846154
0.9408945686885928,0.6462841015980315,0.610897435897436
0.9432907348227743,0.6453433678256908,0.601923076923077
0.9392971245991385,0.6481655691427127,0.6275641025641026
0.9384984025544114,0.6509877704597348,0.6334615384615384
0.9353035143755027,0.6396989651916468,0.4410256410256411
0.9321086261965941,0.6434619002810095,0.6437179487179486
0.9361022364202299,0.6368767638746249,0.5448717948717948
0.9376996805096842,0.650047036687394,0.620897435897436
0.9329073482413213,0.6406396989639875,0.5683333333333334
0.9600638977620446,0.6453433678256908,0.5128205128205128
0.9512779552700459,0.655691439321438,0.623974358974359
0.9648562300304075,0.6434619002810095,0.5512820512820513
0.9608626198067718,0.6444026340533502,0.4423076923076923
0.9345047923307755,0.6754468485405918,0.48128205128205137
0.9337060702860485,0.6801505174022952,0.391025641025641
0.9305111821071398,0.6839134524916578,0.44871794871794873
0.9560702875384088,0.6538099717767567,0.47987179487179493
0.9552715654936816,0.6547507055490974,0.5333333333333332
0.9273162939282311,0.6876763875810203,0.3692307692307692
0.9544728434489546,0.6519285042320754,0.4997435897435898
0.9536741214042274,0.6528692380044161,0.5017948717948718
0.9289137380176855,0.6820319849469765,0.4551282051282051
0.9321086261965941,0.6782690498576138,0.49115384615384616
0.9353035143755027,0.6745061147682512,0.5342307692307693
0.956869009583136,0.6491063029150534,0.4897435897435898
0.9329073482413213,0.6810912511746358,0.46153846153846156
0.9233226837045954,0.6923800564427237,0.358974358974359
0.9576677316278631,0.6481655691427127,0.4641025641025641
0.931309904151867,0.6792097836299544,0.46153846153846156
0.9297124600624126,0.6848541862639984,0.4307692307692307
0.9584664536725903,0.6509877704597348,0.4807692307692308
0.9281150159729583,0.6829727187193171,0.48717948717948717
0.9592651757173175,0.650047036687394,0.45641025641025634
0.9376996805096842,0.6716839134512292,0.4807692307692308
0.32108626198031776,0.7619943555959323,0.5384615384615384
0.32667731629340785,0.7666980244576356,0.4166666666666667
0.3194888178908634,0.760112888051251,0.5224358974358975
0.3202875399355906,0.7591721542789103,0.5214102564102564
0.3290734824275893,0.7714016933193388,0.5384615384615384
0.3218849840250449,0.7610536218235916,0.6641025641025641
0.6325878594239096,0.3631232361234937,0.4543589743589743
0.6605431309893601,0.39040451552137273,0.5106410256410256
0.6557507987209972,0.38099717779796616,0.35474358974358977
0.6293929712450009,0.3518344308554058,0.5271794871794873
0.6261980830660924,0.35559736594476843,0.46576923076923077
0.6309904153344553,0.365004703668175,0.47346153846153854
0.6589456868999058,0.39228598306605406,0.45294871794871794
0.6573482428104516,0.3941674506107353,0.5801282051282052
0.6581469648551787,0.39322671683839466,0.5833333333333334
0.6533546325868157,0.3838193791149881,0.265
0.624600638976638,0.3574788334894497,0.466025641025641
0.6565495207657244,0.395108184383076,0.46153846153846156
0.6549520766762701,0.3819379115703068,0.5128205128205128
0.6269968051108195,0.35465663217242777,0.47974358974358977
0.6621405750788145,0.3885230479766914,0.5406410256410257
0.6253993610213652,0.35653809971710904,0.47666666666666674
0.6461661341842713,0.3772342427086035,0.46153846153846156
0.659744408944633,0.3913452492937134,0.5288461538461539
0.6613418530340873,0.38946378174903207,0.5225641025641027
0.6317891373791824,0.36406396989583434,0.46346153846153854
0.6285942492002738,0.35277516462774644,0.49269230769230776
0.6301916932897281,0.3508936970830651,0.517948717948718
0.6493610223631799,0.3734713076192409,0.517051282051282
0.6349840255580911,0.3603010348064717,0.45294871794871794
0.6277955271555467,0.3537158984000871,0.4935897435897436
0.6341853035133639,0.36124176857881235,0.517051282051282
0.6333865814686368,0.362182502351153,0.44525641025641033
0.6365814696475454,0.35841956726179036,0.3675641025641026
0.33306709265122514,0.724365004702306,0.5342307692307693
0.32108626198031776,0.7365945437427346,0.47012820512820513
0.3194888178908634,0.7384760112874159,0.46576923076923077
0.32507987220395357,0.7337723424257125,0.642051282051282
0.3226837060697721,0.7347130761980533,0.5993589743589743
0.32667731629340785,0.7318908748810312,0.6062820512820514
0.3298722044723165,0.7281279397916687,0.5680769230769231
0.3258785942486807,0.7309501411086906,0.5802564102564103
0.32747603833813504,0.7290686735640093,0.5902564102564103
0.3290734824275893,0.727187206019328,0.5396153846153846
0.3242811501592264,0.7328316086533719,0.645128205128205
0.33067092651704366,0.7253057384746466,0.5298717948717948
0.32348242811449923,0.7356538099703939,0.5983333333333334
0.3314696485617708,0.7262464722469874,0.5641025641025641
0.3282747603828622,0.73000940733635,0.6
0.3218849840250449,0.7375352775150752,0.41025641025641024
0.332268370606498,0.7234242709299653,0.5512820512820513
0.31549520766722766,0.7704609595469982,0.4358974358974359
0.31469648562250047,0.7714016933193388,0.5298717948717948
0.3298722044723165,0.7836312323597674,0.5576923076923077
0.32507987220395357,0.7817497648150861,0.5032051282051282
0.31709265175668194,0.7685794920023169,0.42948717948717946
0.32747603833813504,0.7864534336767893,0.4273076923076923
0.3242811501592264,0.7826904985874268,0.517051282051282
0.3282747603828622,0.7855126999044487,0.5576923076923077
0.3162939297119548,0.7695202257746575,0.517051282051282
0.11821086261961947,0.08090310442129652,0.3141025641025641
0.1022364217250763,0.06961429915320863,0.3076923076923077
0.10383386581453062,0.06773283160852732,0.3034615384615385
0.11261980830652936,0.0724365004702306,0.33705128205128215
0.10702875399343925,0.0790216368766152,0.35384615384615375
0.10862619808289357,0.07714016933193389,0.3864102564102564
0.1118210862618022,0.07337723424257125,0.40384615384615385
0.115814696485438,0.08372530573831849,0.358974358974359
0.10942492012762073,0.07619943555959323,0.39051282051282044
0.11022364217234788,0.07525870178725257,0.39230769230769225
0.1078274760381664,0.07808090310427454,0.3557692307692308
0.11102236421707505,0.07431796801491192,0.38230769230769224
0.3690095846639473,0.7535277516448664,0.46794871794871795
0.6613418530340873,0.41298212605754847,0.47692307692307695
0.6605431309893601,0.4120413922852078,0.5
0.659744408944633,0.4111006585128672,0.48538461538461536
0.6565495207657244,0.4148635936022298,0.5
0.007188498402544427,0.9887111947300307,0.5234615384615384
0.0047923322683629515,0.98777046095769,0.38461538461538464
0.00559105431309011,0.9868297271853493,0.48717948717948717
0.33706070287486095,0.7394167450597565,0.5641025641025641
0.3442492012774054,0.7460018814661411,0.6282051282051282
0.32747603833813504,0.7206020696129434,0.5512820512820513
0.3450479233221325,0.7488240827831631,0.6410256410256411
0.3434504792326782,0.7469426152384818,0.6794871794871795
0.34664536741158686,0.7431796801491192,0.34615384615384615
0.3298722044723165,0.721542803385284,0.5512820512820513
0.3338658146959523,0.7281279397916687,0.517051282051282
0.34584664536685966,0.7478833490108224,0.6153846153846154
0.3242811501592264,0.724365004702306,0.5711538461538461
0.3258785942486807,0.7262464722469874,0.5797435897435897
0.33865814696431523,0.7412982126044378,0.5128205128205128
0.3314696485617708,0.7309501411086906,0.5214102564102564
0.32667731629340785,0.7253057384746466,0.5942307692307691
0.33067092651704366,0.7318908748810312,0.5678205128205129
0.32507987220395357,0.7234242709299653,0.5912820512820514
0.332268370606498,0.7337723424257125,0.5726923076923077
0.34904153354576833,0.7441204139214598,0.5448717948717948
0.347444089456314,0.7422389463767785,0.5256410256410257
0.34824281150104114,0.7450611476938005,0.6185897435897436
0.31549520766722766,0.6735653809959106,0.47435897435897434
0.31709265175668194,0.6716839134512292,0.47435897435897434
0.3162939297119548,0.6707431796788885,0.46948717948717955
0.312300319488319,0.6698024459065479,0.32051282051282054
0.31469648562250047,0.6726246472235698,0.3814102564102564
0.3138977635777733,0.6679209783618666,0.49038461538461536
0.1118210862618022,0.0197554092191538,0.38782051282051283
0.10862619808289357,0.023518344308516428,0.40384615384615385
0.10383386581453062,0.029162746942560373,0.3269230769230769
0.11102236421707505,0.022577610536175772,0.3269230769230769
0.11341853035125653,0.017873941674472486,0.41025641025641024
0.11261980830652936,0.020696142991494457,0.46153846153846156
0.6821086261969934,0.3377234242702959,0.6871794871794871
0.6757188498391762,0.3452492944490212,0.6794871794871795
0.7020766773151724,0.37629350893626284,0.5256410256410257
0.6813099041522663,0.3480714957660431,0.6858974358974359
0.670127795526086,0.3537158984000871,0.6512820512820513
0.6964856230020823,0.38099717779796616,0.6153846153846154
0.6797124600628119,0.34995296331072445,0.6465384615384616
0.6884984025548108,0.39040451552137273,0.6324358974358975
0.6709265175708132,0.3508936970830651,0.7025641025641025
0.6924920127784465,0.395108184383076,0.5737179487179487
0.669329073481359,0.35277516462774644,0.6442307692307693
0.674920127794449,0.35559736594476843,0.6806410256410257
0.6932907348231737,0.39228598306605406,0.4957692307692308
0.6629392971235416,0.3603010348064717,0.6839743589743589
0.6653354632577231,0.359360301034131,0.6964102564102563
0.664536741212996,0.35841956726179036,0.6923076923076923
0.6669329073471775,0.365004703668175,0.6834615384615385
0.6637380191682688,0.36124176857881235,0.6864102564102564
0.6725239616602675,0.35653809971710904,0.6594871794871795
0.6661341853024503,0.36406396989583434,0.6791025641025641
0.6908945686889922,0.38946378174903207,0.6666666666666666
0.6789137380180849,0.3490122295383838,0.6987179487179487
0.6685303514366318,0.3631232361234937,0.6980769230769232
0.6733226837049947,0.3574788334894497,0.7115384615384616
0.6916932907337193,0.3941674506107353,0.5626923076923077
0.6677316293919046,0.362182502351153,0.7006410256410257
0.7036741214046267,0.3744120413915816,0.5683333333333334
0.7028753993598996,0.3734713076192409,0.5705128205128205
0.7132587859413526,0.3706491063022189,0.4914102564102564
0.6892971245995378,0.3913452492937134,0.6698717948717948
0.6876996805100836,0.3405456255873179,0.5705128205128205
0.699680511180991,0.38476011288732875,0.5897435897435898
0.694888178912628,0.3828786453426475,0.6217948717948718
0.6717252396155404,0.3518344308554058,0.7243589743589743
0.690095846644265,0.3885230479766914,0.6730769230769231
0.7084664536729897,0.3687676387575376,0.5512820512820513
0.6741214057497219,0.35465663217242777,0.6132051282051282
0.7052715654940811,0.3800564440256255,0.46153846153846156
0.7044728434493539,0.37911571025328483,0.5042307692307693
0.08626198083053313,0.07525870178725257,0.6153846153846154
0.09345047923307756,0.08184383819363718,0.38884615384615384
0.07667731629380722,0.07149576669788994,0.46153846153846156
0.09744408945671335,0.08842897460002178,0.19230769230769232
0.09824281150144051,0.08748824082768111,0.3025641025641025
0.09904153354616767,0.09031044214470309,0.2991025641025641
0.09984025559089482,0.08936970837236242,0.30397435897435887
0.3506389776352226,0.7855126999044487,0.48717948717948717
0.34824281150104114,0.7732831608640202,0.5692307692307693
0.3378594249195881,0.7704609595469982,0.5192307692307693
0.34584664536685966,0.7761053621810422,0.47012820512820513
0.33626198083013376,0.7572906867342291,0.5611538461538461
0.3338658146959523,0.760112888051251,0.5683333333333334
0.3450479233221325,0.7770460959533828,0.48461538461538456
0.3354632587854066,0.7582314205065697,0.5817948717948718
0.347444089456314,0.7742238946363609,0.5416666666666666
0.33706070287486095,0.7714016933193388,0.5271794871794873
0.3418530351432239,0.765757290685295,0.532051282051282
0.3442492012774054,0.7779868297257234,0.46717948717948715
0.3346645367406795,0.7591721542789103,0.6043589743589743
0.34664536741158686,0.7751646284087015,0.4982051282051282
0.33945686900904243,0.7685794920023169,0.532051282051282
0.34265175718795104,0.7648165569129542,0.46666666666666673
0.34025559105376957,0.7676387582299762,0.517948717948718
0.34904153354576833,0.7723424270916796,0.5534615384615384
0.3410543130984967,0.7666980244576356,0.5291025641025641
0.33865814696431523,0.7695202257746575,0.46153846153846156
0.33067092651704366,0.7638758231406136,0.36538461538461536
0.332268370606498,0.7619943555959323,0.35128205128205137
0.3258785942486807,0.7497648165555038,0.4358974358974359
0.32667731629340785,0.7507055503278444,0.6025641025641025
0.3242811501592264,0.7516462841001851,0.5234615384615384
0.32348242811449923,0.7469426152384818,0.49089743589743595
0.32507987220395357,0.7525870178725257,0.5135897435897436
0.32747603833813504,0.7554092191895477,0.5042307692307693
0.3226837060697721,0.7460018814661411,0.48294871794871796
0.3282747603828622,0.7563499529618883,0.5544871794871795
0.3218849840250449,0.7488240827831631,0.5051282051282052
0.32108626198031776,0.7478833490108224,0.5102564102564102
0.31709265175668194,0.7394167450597565,0.5256410256410257
0.9329073482413213,0.6622765757278226,0.5769230769230769
0.9408945686885928,0.6566321730937786,0.6221794871794872
0.9337060702860485,0.661335841955482,0.5512820512820513
0.9345047923307755,0.6641580432725039,0.54
0.9400958466438657,0.6538099717767567,0.5996153846153846
0.9361022364202299,0.6660395108171853,0.535
0.94169329073332,0.655691439321438,0.6410256410256411
0.9353035143755027,0.6632173095001633,0.5685897435897436
0.9392971245991385,0.6547507055490974,0.6066666666666666
0.9384984025544114,0.6519285042320754,0.635
0.936900958464957,0.6650987770448447,0.5366666666666666
0.9297124600624126,0.6434619002810095,0.595
0.9305111821071398,0.6425211665086689,0.6564102564102564
0.9376996805096842,0.6528692380044161,0.6112820512820514
0.9281150159729583,0.6415804327363281,0.6217948717948718
0.9704472843434977,0.6641580432725039,0.40384615384615385
0.9768370607013149,0.6566321730937786,0.3717948717948718
0.9728434504776792,0.6594543744108007,0.4396153846153847
0.9744408945671335,0.661335841955482,0.44871794871794873
0.9472843450464101,0.6293508936958996,0.4174358974358975
0.9448881789122286,0.634054562557603,0.46423076923076917
0.9440894568675015,0.6331138287852622,0.46641025641025635
0.9456869009569557,0.6349952963299436,0.4875641025641026
0.9480830670911372,0.6302916274682403,0.4307692307692307
0.9752396166118606,0.6622765757278226,0.44871794871794873
0.9464856230016829,0.6359360301022843,0.4914102564102564
0.714856230030807,0.3631232361234937,0.5064102564102564
0.9736421725224064,0.6603951081831413,0.44448717948717953
0.9488817891358644,0.6312323612405809,0.42948717948717946
0.9496805111805916,0.6321730950129216,0.4358974358974359
0.6573482428104516,0.37911571025328483,0.6987179487179487
0.6317891373791824,0.3490122295383838,0.46794871794871795
0.6613418530340873,0.3744120413915816,0.6757692307692307
0.6565495207657244,0.3800564440256255,0.4273076923076923
0.6501597444079071,0.37253057384690025,0.3525641025641026
0.6190095846635479,0.36406396989583434,0.47012820512820513
0.6238019169319109,0.35841956726179036,0.48
0.6557507987209972,0.3659454374405156,0.657051282051282
0.6206070287530022,0.362182502351153,0.4458974358974359
0.6222044728424565,0.3603010348064717,0.48435897435897435
0.619808306708275,0.3631232361234937,0.47115384615384615
0.6230031948871837,0.359360301034131,0.4717948717948718
0.6182108626188207,0.365004703668175,0.4230769230769231
0.6621405750788145,0.3734713076192409,0.6847435897435897
0.6214057507977294,0.36124176857881235,0.4807692307692308
0.6525559105420886,0.36970837252987826,0.44448717948717953
0.6605431309893601,0.3753527751639222,0.6487179487179486
0.6581469648551787,0.37817497648094417,0.6125641025641025
0.6309904153344553,0.34995296331072445,0.5
0.6589456868999058,0.3772342427086035,0.6062820512820514
0.659744408944633,0.37629350893626284,0.5923076923076923
0.09025559105416892,0.03668861712128563,0.4166666666666667
0.08865814696471461,0.034807149576604315,0.5737179487179487
0.09504792332253187,0.04233301975532957,0.3782051282051282
0.09824281150144051,0.0460959548446922,0.33653846153846156
0.08945686900944176,0.03762935089362628,0.5384615384615384
0.08785942491998745,0.03574788334894497,0.40602564102564104
0.931309904151867,0.6660395108171853,0.5384615384615384
0.9345047923307755,0.6622765757278226,0.5352564102564102
0.94169329073332,0.6538099717767567,0.5930769230769232
0.9432907348227743,0.6519285042320754,0.6361538461538462
0.9376996805096842,0.65851364063846,0.5928205128205127
0.9408945686885928,0.6547507055490974,0.6066666666666666
0.9329073482413213,0.6641580432725039,0.5641025641025641
0.9384984025544114,0.6575729068661194,0.6041025641025641
0.936900958464957,0.6594543744108007,0.5935897435897436
0.9400958466438657,0.655691439321438,0.5797435897435897
0.9392971245991385,0.6566321730937786,0.604871794871795
0.9424920127780472,0.6528692380044161,0.6474358974358975
0.9361022364202299,0.6603951081831413,0.5737179487179487
0.9321086261965941,0.6650987770448447,0.5448717948717948
0.9353035143755027,0.661335841955482,0.5841025641025641
0.9337060702860485,0.6632173095001633,0.5512820512820513
0.3043130990410474,0.7779868297257234,0.2948717948717949
0.7036741214046267,0.3452492944490212,0.6730769230769231
0.6972843450468095,0.35277516462774644,0.6089743589743589
0.7004792332257181,0.35653809971710904,0.6496153846153846
0.6956869009573552,0.3508936970830651,0.5512820512820513
0.694888178912628,0.3518344308554058,0.6282051282051282
0.6709265175708132,0.3838193791149881,0.635
0.6821086261969934,0.36688617121285627,0.6774358974358975
0.6781150159733577,0.3753527751639222,0.7082051282051282
0.6773162939286305,0.37629350893626284,0.7065384615384616
0.6908945686889922,0.3603010348064717,0.6791025641025641
0.6884984025548108,0.359360301034131,0.6510256410256411
0.690095846644265,0.36124176857881235,0.6932051282051281
0.6932907348231737,0.365004703668175,0.650128205128205
0.6916932907337193,0.3631232361234937,0.6525641025641027
0.6797124600628119,0.3772342427086035,0.7091025641025641
0.6853035143759021,0.3706491063022189,0.6597435897435897
0.669329073481359,0.3819379115703068,0.6221794871794872
0.6869009584653564,0.37253057384690025,0.6585897435897436
0.6940894568679008,0.36406396989583434,0.6594871794871795
0.6717252396155404,0.3828786453426475,0.6446153846153846
0.6757188498391762,0.3744120413915816,0.6817948717948719
0.6765175718839034,0.3734713076192409,0.6683333333333332
0.6892971245995378,0.35841956726179036,0.6571794871794873
0.6733226837049947,0.38476011288732875,0.6764102564102564
0.674920127794449,0.3866415804320101,0.6934615384615385
0.6876996805100836,0.3715898400745596,0.6521794871794873
0.6789137380180849,0.37817497648094417,0.6717948717948719
0.6837060702864478,0.3687676387575376,0.6866666666666666
0.670127795526086,0.38099717779796616,0.6346153846153846
0.6813099041522663,0.37911571025328483,0.694871794871795
0.6861022364206293,0.36970837252987826,0.6870512820512821
0.6845047923311749,0.36782690498519693,0.6725641025641025
0.6629392971235416,0.38946378174903207,0.5242307692307693
0.6637380191682688,0.3885230479766914,0.5217948717948718
0.6805111821075391,0.3800564440256255,0.6870512820512821
0.6725239616602675,0.3857008466596694,0.6808974358974359
0.6741214057497219,0.38758231420435074,0.6767948717948719
0.6829073482417206,0.3659454374405156,0.6906410256410257
0.6980830670915367,0.35559736594476843,0.6428205128205128
0.664536741212996,0.3913452492937134,0.5128205128205128
0.6988817891362638,0.35465663217242777,0.6371794871794872
0.6924920127784465,0.362182502351153,0.6410256410256411
0.6685303514366318,0.3941674506107353,0.6666666666666666
0.6677316293919046,0.395108184383076,0.5833333333333334
0.6653354632577231,0.39040451552137273,0.5410256410256411
0.6669329073471775,0.39228598306605406,0.5641025641025641
0.6661341853024503,0.39322671683839466,0.5833333333333334
0.699680511180991,0.3574788334894497,0.6367948717948718
0.6964856230020823,0.3537158984000871,0.6435897435897436
0.11261980830652936,0.023518344308516428,0.34615384615384615
0.11341853035125653,0.015051740357450515,0.45641025641025634
0.10942492012762073,0.0197554092191538,0.4282051282051283
0.10862619808289357,0.020696142991494457,0.41025641025641024
0.08706070287526028,0.07714016933193389,0.5128205128205128
0.08067092651744302,0.06961429915320863,0.41448717948717945
0.09904153354616767,0.09125117591704375,0.23076923076923078
0.07987220447271585,0.06867356538086797,0.34615384615384615
0.6509584664526342,0.3518344308554058,0.6025641025641025
0.6429712460053627,0.3424270931319992,0.6474358974358975
0.6605431309893601,0.3631232361234937,0.6637179487179486
0.659744408944633,0.362182502351153,0.6556410256410257
0.6581469648551787,0.3603010348064717,0.6987179487179487
0.6613418530340873,0.36406396989583434,0.7037179487179487
0.6501597444079071,0.3508936970830651,0.5897435897435898
0.6469648562289985,0.34713076199370246,0.6794871794871795
0.6533546325868157,0.35465663217242777,0.5855128205128205
0.6621405750788145,0.365004703668175,0.652051282051282
0.6485623003184527,0.3490122295383838,0.5641025641025641
0.6461661341842713,0.34619002822136186,0.5384615384615384
0.6565495207657244,0.35841956726179036,0.6624358974358975
0.6557507987209972,0.3574788334894497,0.6923076923076923
0.644568690094817,0.34430856067668053,0.6538461538461539
0.6134185303504578,0.36782690498519693,0.48717948717948717
0.6437699680500898,0.34336782690433987,0.6624358974358975
0.6573482428104516,0.359360301034131,0.717948717948718
0.6589456868999058,0.36124176857881235,0.6794871794871795
0.6525559105420886,0.3537158984000871,0.6410256410256411
0.6477635782737257,0.3160865475064608,0.4358974358974359
0.6541533546315429,0.32361241768518606,0.5256410256410257
0.614217252395185,0.28033866415751585,0.47435897435897434
0.639776357826454,0.31044214487241684,0.5214102564102564
0.6621405750788145,0.32925682031923,0.6185897435897436
0.6573482428104516,0.33490122295327396,0.6298717948717948
0.6589456868999058,0.33301975540859263,0.6207692307692307
0.6501597444079071,0.32643461900220805,0.6197435897435898
0.6461661341842713,0.31796801505114214,0.6496153846153846
0.6214057507977294,0.2850423330192191,0.4423076923076923
0.659744408944633,0.33019755409157064,0.5591025641025641
0.6605431309893601,0.3311382878639113,0.5934615384615386
0.6381789137369998,0.31232361241709816,0.4923076923076924
0.6509584664526342,0.3273753527745487,0.6485897435897436
0.6581469648551787,0.33207902163625197,0.6311538461538462
0.6285942492002738,0.293508936970285,0.46153846153846156
0.6373801916922726,0.3113828786447575,0.4914102564102564
0.6565495207657244,0.3339604891809333,0.636025641025641
0.6333865814686368,0.3029162746936916,0.4423076923076923
0.6437699680500898,0.3189087488234828,0.5637179487179487
0.644568690094817,0.3198494825958234,0.5828205128205127
0.6613418530340873,0.3283160865468893,0.6858974358974359
0.6533546325868157,0.3226716839128454,0.6025641025641025
0.6557507987209972,0.32173095014050473,0.6153846153846154
0.6549520766762701,0.32079021636816407,0.5448717948717948
0.6525559105420886,0.3254938852298674,0.5737179487179487
0.6517571884973614,0.3245531514575267,0.5615384615384615
0.10702875399343925,0.06961429915320863,0.391025641025641
0.10463258785925778,0.0724365004702306,0.3717948717948718
0.1062300319487121,0.07431796801491192,0.34871794871794876
0.1269968051116182,0.0460959548446922,0.33974358974358976
0.1118210862618022,0.06773283160852732,0.35038461538461535
0.10862619808289357,0.07149576669788994,0.35166666666666674
0.10543130990398493,0.07525870178725257,0.3034615384615385
0.10942492012762073,0.07055503292554928,0.3517948717948718
0.10143769968034914,0.07619943555959323,0.23717948717948717
0.7020766773151724,0.36124176857881235,0.5993589743589743
0.7036741214046267,0.359360301034131,0.6516666666666666
0.7012779552704452,0.3603010348064717,0.5920512820512821
0.6861022364206293,0.38758231420435074,0.6546153846153846
0.6853035143759021,0.3866415804320101,0.6471794871794873
0.6765175718839034,0.3913452492937134,0.6439743589743591
0.6773162939286305,0.3885230479766914,0.633076923076923
0.6916932907337193,0.3490122295383838,0.6025641025641025
0.6797124600628119,0.395108184383076,0.6035897435897436
0.6813099041522663,0.39322671683839466,0.5993589743589743
0.6837060702864478,0.38099717779796616,0.6410256410256411
0.6829073482417206,0.3838193791149881,0.6476923076923077
0.674920127794449,0.3706491063022189,0.6929487179487179
0.6733226837049947,0.37253057384690025,0.6920512820512821
0.6805111821075391,0.39228598306605406,0.6301282051282052
0.6717252396155404,0.36688617121285627,0.699871794871795
0.6741214057497219,0.36970837252987826,0.6832051282051282
0.6725239616602675,0.3715898400745596,0.6952564102564103
0.6661341853024503,0.37911571025328483,0.6503846153846154
0.6709265175708132,0.3659454374405156,0.7038461538461539
0.670127795526086,0.3687676387575376,0.6946153846153847
0.669329073481359,0.36782690498519693,0.6957692307692307
0.6653354632577231,0.3744120413915816,0.6757692307692307
0.7052715654940811,0.365004703668175,0.6089743589743589
0.664536741212996,0.3734713076192409,0.665128205128205
0.6876996805100836,0.3857008466596694,0.6556410256410257
0.6685303514366318,0.37817497648094417,0.655128205128205
0.6845047923311749,0.3819379115703068,0.6556410256410257
0.6757188498391762,0.39040451552137273,0.6678205128205129
0.6821086261969934,0.3828786453426475,0.6432051282051282
0.6789137380180849,0.3941674506107353,0.6214102564102564
0.6669329073471775,0.3800564440256255,0.6102564102564102
0.6677316293919046,0.3772342427086035,0.6543589743589744
0.6637380191682688,0.37629350893626284,0.6642307692307693
0.6781150159733577,0.38946378174903207,0.6461538461538462
0.6629392971235416,0.3753527751639222,0.6592307692307693
0.6869009584653564,0.38476011288732875,0.6496153846153846
0.7044728434493539,0.36406396989583434,0.6708974358974359
0.6924920127784465,0.34995296331072445,0.6153846153846154
0.710063897762444,0.3518344308554058,0.717948717948718
0.7028753993598996,0.35841956726179036,0.5794871794871795
0.8889776357813275,0.5663217309490756,0.4807692307692308
0.6309904153344553,0.3518344308554058,0.5102564102564102
0.6317891373791824,0.3508936970830651,0.4526923076923077
0.624600638976638,0.359360301034131,0.47589743589743594
0.6581469648551787,0.3838193791149881,0.48461538461538456
0.6605431309893601,0.38476011288732875,0.5739743589743589
0.6285942492002738,0.362182502351153,0.47128205128205136
0.6293929712450009,0.365004703668175,0.4971794871794872
0.659744408944633,0.3857008466596694,0.5058974358974359
0.6533546325868157,0.39322671683839466,0.6196153846153846
0.6573482428104516,0.38099717779796616,0.6089743589743589
0.6565495207657244,0.3819379115703068,0.4435897435897435
0.6253993610213652,0.35841956726179036,0.4698717948717949
0.6349840255580911,0.35465663217242777,0.5512820512820513
0.6325878594239096,0.3537158984000871,0.4433333333333333
0.6277955271555467,0.3631232361234937,0.47551282051282057
0.6333865814686368,0.35277516462774644,0.4332051282051283
0.6269968051108195,0.3603010348064717,0.47961538461538455
0.6621405750788145,0.3866415804320101,0.5211538461538462
0.6613418530340873,0.38758231420435074,0.527051282051282
0.6301916932897281,0.36406396989583434,0.47217948717948716
0.6341853035133639,0.35559736594476843,0.46282051282051273
0.6261980830660924,0.36124176857881235,0.47564102564102556
0.6493610223631799,0.3715898400745596,0.47435897435897434
0.6589456868999058,0.3828786453426475,0.5820512820512821
0.08706070287526028,0.0395108184383076,0.5448717948717948
0.6916932907337193,0.3537158984000871,0.6282051282051282
0.7004792332257181,0.35841956726179036,0.6126923076923078
0.6685303514366318,0.38099717779796616,0.617051282051282
0.6813099041522663,0.3659454374405156,0.690128205128205
0.6956869009573552,0.36406396989583434,0.636025641025641
0.6725239616602675,0.3913452492937134,0.6730769230769231
0.674920127794449,0.3885230479766914,0.6938461538461539
0.6932907348231737,0.3518344308554058,0.5576923076923077
0.6988817891362638,0.3603010348064717,0.6416666666666666
0.6661341853024503,0.3838193791149881,0.5765384615384616
0.6853035143759021,0.37629350893626284,0.6896153846153847
0.6845047923311749,0.3772342427086035,0.6892307692307693
0.6972843450468095,0.362182502351153,0.6251282051282052
0.669329073481359,0.395108184383076,0.5865384615384616
0.6829073482417206,0.37911571025328483,0.6880769230769231
0.6653354632577231,0.38476011288732875,0.5652564102564103
0.6781150159733577,0.36970837252987826,0.7123076923076923
0.6797124600628119,0.36782690498519693,0.7028205128205127
0.6861022364206293,0.3753527751639222,0.6678205128205129
0.6869009584653564,0.3744120413915816,0.6773076923076923
0.6837060702864478,0.37817497648094417,0.7094871794871795
0.6741214057497219,0.38946378174903207,0.6844871794871795
0.6876996805100836,0.3734713076192409,0.6707692307692307
0.6805111821075391,0.36688617121285627,0.6847435897435897
0.664536741212996,0.3857008466596694,0.5602564102564103
0.6773162939286305,0.3706491063022189,0.6891025641025641
0.6980830670915367,0.36124176857881235,0.6575641025641027
0.6964856230020823,0.3631232361234937,0.648076923076923
0.6629392971235416,0.38758231420435074,0.528076923076923
0.6884984025548108,0.3574788334894497,0.6778205128205129
0.6733226837049947,0.39040451552137273,0.6615384615384615
0.6765175718839034,0.3715898400745596,0.6905128205128205
0.6637380191682688,0.3866415804320101,0.5206410256410257
0.6821086261969934,0.3800564440256255,0.6676923076923077
0.6669329073471775,0.3828786453426475,0.5946153846153845
0.6677316293919046,0.3819379115703068,0.6115384615384616
0.6757188498391762,0.37253057384690025,0.6819230769230769
0.6789137380180849,0.3687676387575376,0.7244871794871796
0.670127795526086,0.3941674506107353,0.6121794871794872
0.699680511180991,0.359360301034131,0.6035897435897436
0.694888178912628,0.365004703668175,0.6426923076923077
0.7076677316282626,0.34995296331072445,0.6025641025641025
0.690095846644265,0.35559736594476843,0.6337179487179488
0.6892971245995378,0.35653809971710904,0.6055128205128205
0.6709265175708132,0.39322671683839466,0.6708974358974359
0.6717252396155404,0.39228598306605406,0.6346153846153846
0.6908945686889922,0.35465663217242777,0.6435897435897436
0.6924920127784465,0.35277516462774644,0.6757692307692307
0.10862619808289357,0.09501411100640637,0.1858974358974359
0.08386581469635165,0.06585136406384601,0.49089743589743595
0.08146964856217018,0.06679209783618666,0.4573076923076923
0.0830670926516245,0.06491063029150534,0.4957692307692308
0.670127795526086,0.4063969896511639,0.5416666666666666
0.6717252396155404,0.40451552210648256,0.532051282051282
0.6773162939286305,0.4111006585128672,0.592948717948718
0.6629392971235416,0.397930385700098,0.5487179487179487
0.6972843450468095,0.4346190028213836,0.4957692307692308
0.6805111821075391,0.4148635936022298,0.5769230769230769
0.6765175718839034,0.41392285982988913,0.5
0.6876996805100836,0.4233301975532957,0.5128205128205128
0.6797124600628119,0.4176857949192518,0.5512820512820513
0.6685303514366318,0.40075258701711997,0.6666666666666666
0.6757188498391762,0.41298212605754847,0.6346153846153846
0.6861022364206293,0.42521166509797703,0.5512820512820513
0.6892971245995378,0.4289746001873397,0.5589743589743589
0.6932907348231737,0.42991533395968035,0.523076923076923
0.6884984025548108,0.428033866414999,0.5641025641025641
0.6908945686889922,0.42709313264265836,0.5641025641025641
0.694888178912628,0.43555973659372427,0.5064102564102564
0.6916932907337193,0.4317968015043616,0.46153846153846156
0.6677316293919046,0.3998118532447793,0.6089743589743589
0.6709265175708132,0.4035747883341419,0.5146153846153846
0.690095846644265,0.4261523988703177,0.6496153846153846
0.3594249201272214,0.7629350893682729,0.5769230769230769
0.6964856230020823,0.43367826904904294,0.4957692307692308
0.6924920127784465,0.4327375352767023,0.5256410256410257
0.6940894568679008,0.43085606773202095,0.5384615384615384
0.6789137380180849,0.4167450611469111,0.5897435897435898
0.6988817891362638,0.4402634054554275,0.6730769230769231
0.674920127794449,0.4082784571958452,0.5897435897435898
0.6653354632577231,0.3969896519277573,0.5769230769230769
0.6821086261969934,0.4205079962362738,0.5608974358974359
0.6956869009573552,0.43650047036606493,0.5402564102564102
0.6845047923311749,0.4195672624639331,0.5589743589743589
0.6869009584653564,0.42238946378095504,0.5512820512820513
0.6781150159733577,0.4120413922852078,0.5470512820512821
0.6837060702864478,0.41862652869159245,0.5032051282051282
0.6733226837049947,0.41015992474052654,0.5769230769230769
0.6741214057497219,0.40733772342350455,0.6153846153846154
0.669329073481359,0.4054562558788232,0.6025641025641025
0.6813099041522663,0.41580432737457046,0.5160256410256411
0.6661341853024503,0.40169332078946063,0.5833333333333334
0.3186900958461363,0.7685794920023169,0.5042307692307693
0.32667731629340785,0.7629350893682729,0.5085897435897436
0.32747603833813504,0.7582314205065697,0.5384615384615384
0.32507987220395357,0.7610536218235916,0.5641025641025641
0.3202875399355906,0.7704609595469982,0.47435897435897434
0.3282747603828622,0.7572906867342291,0.5641025641025641
0.3290734824275893,0.760112888051251,0.45294871794871794
0.31549520766722766,0.7723424270916796,0.41346153846153844
0.9273162939282311,0.6952022577597456,0.41025641025641024
0.9496805111805916,0.6538099717767567,0.5705128205128205
0.9688498402540434,0.6462841015980315,0.41448717948717945
0.9361022364202299,0.6698024459065479,0.5335897435897436
0.9321086261965941,0.6707431796788885,0.5184615384615384
0.9656549520751347,0.650047036687394,0.4551282051282051
0.9329073482413213,0.6735653809959106,0.4978205128205128
0.9472843450464101,0.6528692380044161,0.6097435897435898
0.931309904151867,0.6716839134512292,0.5073076923076922
0.9353035143755027,0.6669802445895259,0.5364102564102564
0.9337060702860485,0.6726246472235698,0.5166666666666666
0.9480830670911372,0.6519285042320754,0.5816666666666668
0.936900958464957,0.6688617121342072,0.5298717948717948
0.9680511182093162,0.6472248353703721,0.42948717948717946
0.967252396164589,0.6444026340533502,0.42948717948717946
0.9305111821071398,0.691439322670383,0.3897435897435898
0.9297124600624126,0.6923800564427237,0.3974358974358974
0.9648562300304075,0.6509877704597348,0.4401282051282051
0.9345047923307755,0.6679209783618666,0.5311538461538462
0.9281150159729583,0.6904985888980424,0.41256410256410264
0.9632587859409533,0.6491063029150534,0.48294871794871796
0.33865814696431523,0.7817497648150861,0.46576923076923077
0.3346645367406795,0.7770460959533828,0.5384615384615384
0.3314696485617708,0.7732831608640202,0.47012820512820513
0.34664536741158686,0.7610536218235916,0.4978205128205128
0.3186900958461363,0.7883349012214707,0.4307692307692307
0.3530351437694041,0.7685794920023169,0.5298717948717948
0.3506389776352226,0.765757290685295,0.5066666666666666
0.33067092651704366,0.7723424270916796,0.5128205128205128
0.3442492012774054,0.7582314205065697,0.6282051282051282
0.3450479233221325,0.7591721542789103,0.5328205128205129
0.3498402555904955,0.7648165569129542,0.4985897435897436
0.34904153354576833,0.7638758231406136,0.492051282051282
0.3514376996799498,0.7666980244576356,0.5189743589743591
0.347444089456314,0.7619943555959323,0.49538461538461537
0.3194888178908634,0.7892756349938114,0.4807692307692308
0.34584664536685966,0.760112888051251,0.5410256410256411
0.34824281150104114,0.7629350893682729,0.502948717948718
0.35223642172467695,0.7676387582299762,0.4957692307692308
0.33626198083013376,0.7789275634980641,0.5224358974358975
0.3338658146959523,0.7761053621810422,0.5641025641025641
0.3378594249195881,0.7808090310427455,0.5256410256410257
0.3354632587854066,0.7779868297257234,0.517051282051282
0.01198083067090738,0.9971777986810966,0.4358974358974359
0.01118210862618022,0.996237064908756,0.5
0.012779552715634537,0.9943555973640746,0.4358974358974359
0.0,0.9793038570066241,0.46153846153846156
0.32507987220395357,0.760112888051251,0.5128205128205128
0.32667731629340785,0.7582314205065697,0.532051282051282
0.3258785942486807,0.7572906867342291,0.47269230769230774
0.3242811501592264,0.7591721542789103,0.5833333333333334
0.3282747603828622,0.7638758231406136,0.2606410256410256
0.22523961661305872,0.6425211665086689,0.44871794871794873
0.2156549520763328,0.6462841015980315,0.41025641025641024
0.3338658146959523,0.7356538099703939,0.6307692307692309
0.35543130990358557,0.7441204139214598,0.5384615384615384
0.33626198083013376,0.7365945437427346,0.5512820512820513
0.3506389776352226,0.7460018814661411,0.6076923076923078
0.3498402555904955,0.7469426152384818,0.5064102564102564
0.3194888178908634,0.7262464722469874,0.42948717948717946
0.33067092651704366,0.7394167450597565,0.6153846153846154
0.3314696485617708,0.7384760112874159,0.6065384615384616
0.3226837060697721,0.7224835371576247,0.5629487179487179
0.3354632587854066,0.7375352775150752,0.5983333333333334
0.332268370606498,0.7412982126044378,0.5746153846153845
0.347444089456314,0.7497648165555038,0.6987179487179487
0.34664536741158686,0.7507055503278444,0.6730769230769231
0.3434504792326782,0.754468485417207,0.49038461538461536
0.3530351437694041,0.7431796801491192,0.38038461538461543
0.33306709265122514,0.7403574788320971,0.5883333333333334
0.3442492012774054,0.7535277516448664,0.5
0.9488817891358644,0.6293508936958996,0.47435897435897434
0.9768370607013149,0.65851364063846,0.42948717948717946
0.9784345047907693,0.6566321730937786,0.40602564102564104
0.9760383386565878,0.6575729068661194,0.4358974358974359
0.9472843450464101,0.6312323612405809,0.44320512820512814
0.7156549520755341,0.362182502351153,0.40384615384615385
0.9744408945671335,0.6594543744108007,0.4543589743589743
0.9480830670911372,0.6321730950129216,0.5
0.9440894568675015,0.6349952963299436,0.46576923076923077
0.9456869009569557,0.6331138287852622,0.4915384615384616
0.9448881789122286,0.6359360301022843,0.49012820512820515
0.9752396166118606,0.6603951081831413,0.4198717948717949
0.9464856230016829,0.634054562557603,0.4519230769230769
0.9712460063882249,0.6632173095001633,0.44871794871794873
0.9728434504776792,0.661335841955482,0.44448717948717953
0.9736421725224064,0.6622765757278226,0.4166666666666667
0.6509584664526342,0.34619002822136186,0.5470512820512821
0.6325878594239096,0.3659454374405156,0.4526923076923077
0.659744408944633,0.34148635935965854,0.6246153846153846
0.6573482428104516,0.33866415804263655,0.6356410256410256
0.6581469648551787,0.3358419567256146,0.6032051282051282
0.6517571884973614,0.34336782690433987,0.6082051282051282
0.6613418530340873,0.3396048918149772,0.5855128205128205
0.6333865814686368,0.36688617121285627,0.41794871794871785
0.6501597444079071,0.3452492944490212,0.5426923076923077
0.6557507987209972,0.3480714957660431,0.6267948717948718
0.6365814696475454,0.3706491063022189,0.48717948717948717
0.6565495207657244,0.3377234242702959,0.6126923076923078
0.6533546325868157,0.3490122295383838,0.5961538461538461
0.6589456868999058,0.3367826904979553,0.6132051282051282
0.6541533546315429,0.34995296331072445,0.6153846153846154
0.6605431309893601,0.3424270931319992,0.6087179487179488
0.6309904153344553,0.36782690498519693,0.47589743589743594
0.6549520766762701,0.34713076199370246,0.5935897435897436
0.6621405750788145,0.3405456255873179,0.5932051282051282
0.6525559105420886,0.34430856067668053,0.5051282051282052
0.6357827476028183,0.36970837252987826,0.3291025641025641
0.31789137380140914,0.7450611476938005,0.4423076923076923
0.3298722044723165,0.7535277516448664,0.41025641025641024
0.3290734824275893,0.754468485417207,0.6282051282051282
0.32747603833813504,0.7563499529618883,0.48294871794871796
0.3258785942486807,0.7507055503278444,0.5589743589743589
0.3242811501592264,0.7525870178725257,0.5052564102564102
0.32507987220395357,0.7516462841001851,0.527948717948718
0.32348242811449923,0.7460018814661411,0.483974358974359
0.3282747603828622,0.7554092191895477,0.5192307692307693
0.3226837060697721,0.7469426152384818,0.4773076923076924
0.32667731629340785,0.7497648165555038,0.5669230769230769
0.3218849840250449,0.7478833490108224,0.497051282051282
0.32108626198031776,0.7488240827831631,0.4944871794871794
0.3186900958461363,0.7441204139214598,0.5
0.12779552715634537,0.034807149576604315,0.42948717948717946
0.115814696485438,0.08090310442129652,0.4230769230769231
0.1078274760381664,0.07525870178725257,0.3756410256410256
0.1118210862618022,0.07619943555959323,0.38782051282051283
0.10862619808289357,0.0724365004702306,0.34935897435897434
0.11501597444071084,0.07996237064895585,0.39358974358974363
0.09105431309889608,0.11571025399790083,0.33974358974358976
0.11421725239598368,0.08278457196597783,0.41025641025641024
0.11022364217234788,0.07808090310427454,0.373974358974359
0.11341853035125653,0.08184383819363718,0.3628205128205128
0.11102236421707505,0.0790216368766152,0.36217948717948717
0.11261980830652936,0.07714016933193389,0.3188461538461539
0.10942492012762073,0.07337723424257125,0.41025641025641024
0.1062300319487121,0.06961429915320863,0.391025641025641
0.7260383386569872,0.34619002822136186,0.7435897435897436
0.7236421725228057,0.34336782690433987,0.40166666666666667
0.6980830670915367,0.4111006585128672,0.5352564102564102
0.690095846644265,0.42427093132563637,0.5342307692307693
0.7036741214046267,0.41015992474052654,0.5384615384615384
0.6916932907337193,0.41862652869159245,0.4974358974358974
0.7004792332257181,0.41392285982988913,0.559871794871795
0.699680511180991,0.41298212605754847,0.5538461538461539
0.694888178912628,0.4148635936022298,0.5364102564102564
0.6972843450468095,0.4176857949192518,0.5552564102564103
0.6869009584653564,0.428033866414999,0.5384615384615384
0.6908945686889922,0.42521166509797703,0.5128205128205128
0.6892971245995378,0.4233301975532957,0.5214102564102564
0.6924920127784465,0.4195672624639331,0.5047435897435898
0.6940894568679008,0.4214487300086144,0.5256410256410257
0.6956869009573552,0.41580432737457046,0.550128205128205
0.6964856230020823,0.4167450611469111,0.5184615384615384
0.6932907348231737,0.4205079962362738,0.5242307692307693
0.6884984025548108,0.42238946378095504,0.5717948717948718
0.6876996805100836,0.4289746001873397,0.46794871794871795
0.6988817891362638,0.4120413922852078,0.5298717948717948
0.3130990415330462,0.6716839134512292,0.34615384615384615
0.31150159744359185,0.6735653809959106,0.5342307692307693
0.3162939297119548,0.6679209783618666,0.5288461538461539
0.3138977635777733,0.6707431796788885,0.4957692307692308
0.31549520766722766,0.6688617121342072,0.3333333333333333
0.31469648562250047,0.6698024459065479,0.48717948717948717
0.3498402555904955,0.7460018814661411,0.5641025641025641
0.33945686900904243,0.7337723424257125,0.5352564102564102
0.33626198083013376,0.7375352775150752,0.47435897435897434
0.3506389776352226,0.7469426152384818,0.4914102564102564
0.3338658146959523,0.7347130761980533,0.5897435897435898
0.34584664536685966,0.7563499529618883,0.532051282051282
0.3314696485617708,0.7394167450597565,0.5889743589743589
0.32348242811449923,0.7224835371576247,0.5911538461538461
0.32507987220395357,0.7168391345235807,0.6474358974358975
0.33067092651704366,0.7384760112874159,0.6025641025641025
0.3218849840250449,0.7206020696129434,0.594871794871795
0.3354632587854066,0.7365945437427346,0.6196153846153846
0.3226837060697721,0.721542803385284,0.565
0.33306709265122514,0.7412982126044378,0.5906410256410256
0.332268370606498,0.7403574788320971,0.5705128205128205
0.3442492012774054,0.754468485417207,0.5160256410256411
0.3434504792326782,0.7535277516448664,0.5576923076923077
0.3202875399355906,0.7262464722469874,0.4935897435897436
0.3346645367406795,0.7356538099703939,0.48461538461538456
0.347444089456314,0.7507055503278444,0.5256410256410257
0.34664536741158686,0.7497648165555038,0.7051282051282052
0.3514376996799498,0.7478833490108224,0.46576923076923077
0.347444089456314,0.7441204139214598,0.6871794871794871
0.33626198083013376,0.727187206019328,0.5
0.3258785942486807,0.724365004702306,0.5769230769230769
0.3434504792326782,0.7488240827831631,0.6987179487179487
0.32507987220395357,0.7253057384746466,0.5791025641025641
0.3242811501592264,0.7262464722469874,0.5811538461538461
0.32667731629340785,0.7234242709299653,0.6282051282051282
0.3498402555904955,0.7563499529618883,0.46153846153846156
0.33865814696431523,0.7394167450597565,0.45294871794871794
0.34664536741158686,0.7450611476938005,0.6602564102564102
0.3202875399355906,0.7158984007512401,0.5705128205128205
0.33067092651704366,0.7337723424257125,0.6867948717948718
0.3506389776352226,0.7554092191895477,0.46794871794871795
0.3442492012774054,0.7478833490108224,0.6292307692307693
0.3450479233221325,0.7469426152384818,0.6057692307692307
0.33706070287486095,0.7412982126044378,0.5256410256410257
0.34824281150104114,0.7431796801491192,0.5426923076923077
0.3314696485617708,0.7328316086533719,0.6282051282051282
0.6653354632577231,0.3998118532447793,0.5726923076923077
0.6813099041522663,0.4111006585128672,0.5585897435897434
0.6685303514366318,0.39604891815541665,0.5576923076923077
0.6797124600628119,0.41298212605754847,0.5624358974358975
0.6725239616602675,0.4063969896511639,0.5791025641025641
0.6717252396155404,0.40733772342350455,0.5952564102564103
0.6869009584653564,0.4195672624639331,0.5165384615384616
0.6876996805100836,0.41862652869159245,0.5346153846153846
0.6709265175708132,0.4082784571958452,0.6538461538461539
0.674920127794449,0.4035747883341419,0.5784615384615385
0.36102236421667566,0.7582314205065697,0.5833333333333334
0.6956869009573552,0.43932267168308686,0.5160256410256411
0.6892971245995378,0.4317968015043616,0.5
0.6741214057497219,0.40451552210648256,0.5726923076923077
0.3602236421719485,0.7591721542789103,0.6025641025641025
0.6924920127784465,0.428033866414999,0.5544871794871795
0.699680511180991,0.4346190028213836,0.6794871794871795
0.35782747603776704,0.7619943555959323,0.5128205128205128
0.35862619808249424,0.7610536218235916,0.5298717948717948
0.6940894568679008,0.4261523988703177,0.5567948717948719
0.6932907348231737,0.42709313264265836,0.5448717948717948
0.690095846644265,0.43085606773202095,0.6057692307692307
0.6972843450468095,0.4374412041384056,0.5076923076923077
0.6908945686889922,0.42991533395968035,0.4957692307692308
0.6884984025548108,0.4327375352767023,0.47435897435897434
0.35623003194831276,0.7638758231406136,0.5128205128205128
0.6861022364206293,0.4205079962362738,0.5939743589743589
0.6916932907337193,0.4289746001873397,0.5224358974358975
0.3570287539930399,0.7629350893682729,0.4974358974358974
0.6733226837049947,0.4054562558788232,0.6282051282051282
0.669329073481359,0.41015992474052654,0.5576923076923077
0.6789137380180849,0.41392285982988913,0.5705128205128205
0.6845047923311749,0.42238946378095504,0.5939743589743589
0.3650159744403115,0.7685794920023169,0.34615384615384615
0.6853035143759021,0.4214487300086144,0.4717948717948718
0.6837060702864478,0.4233301975532957,0.5512820512820513
0.6757188498391762,0.4176857949192518,0.532051282051282
0.6765175718839034,0.4167450611469111,0.559871794871795
0.6661341853024503,0.39887111947243864,0.5833333333333334
0.7060702875388082,0.36688617121285627,0.6410256410256411
0.6932907348231737,0.3819379115703068,0.6410256410256411
0.6829073482417206,0.3490122295383838,0.7115384615384616
0.6908945686889922,0.38476011288732875,0.5512820512820513
0.7052715654940811,0.36782690498519693,0.6794871794871795
0.6837060702864478,0.3480714957660431,0.5128205128205128
0.6924920127784465,0.3828786453426475,0.782051282051282
0.6733226837049947,0.3603010348064717,0.6733333333333332
0.6725239616602675,0.36124176857881235,0.6812820512820513
0.6821086261969934,0.34995296331072445,0.6256410256410256
0.6741214057497219,0.359360301034131,0.6825641025641025
0.690095846644265,0.3857008466596694,0.5641025641025641
0.6669329073471775,0.35277516462774644,0.6634615384615384
0.674920127794449,0.35841956726179036,0.6556410256410257
0.7068690095835354,0.3659454374405156,0.5192307692307693
0.7012779552704452,0.37253057384690025,0.5128205128205128
0.6629392971235416,0.3574788334894497,0.6666666666666666
0.6709265175708132,0.3631232361234937,0.69
0.669329073481359,0.365004703668175,0.7053846153846154
0.609424920126822,0.25493885230431806,0.5128205128205128
0.664536741212996,0.35559736594476843,0.6689743589743591
0.7124600638966255,0.3744120413915816,0.47435897435897434
0.6717252396155404,0.362182502351153,0.6666666666666666
0.6940894568679008,0.38099717779796616,0.625
0.6637380191682688,0.35653809971710904,0.6780769230769231
0.670127795526086,0.36406396989583434,0.7067948717948718
0.6661341853024503,0.3537158984000871,0.7069230769230769
0.7076677316282626,0.3800564440256255,0.5961538461538461
0.6972843450468095,0.39228598306605406,0.5993589743589743
0.6653354632577231,0.35465663217242777,0.6303846153846154
0.6916932907337193,0.3838193791149881,0.6538461538461539
0.7004792332257181,0.3885230479766914,0.4807692307692308
0.6884984025548108,0.38758231420435074,0.6721794871794873
0.6853035143759021,0.34619002822136186,0.5641025641025641
0.6677316293919046,0.3518344308554058,0.626025641025641
0.7036741214046267,0.36970837252987826,0.6794871794871795
0.6685303514366318,0.3508936970830651,0.6858974358974359
0.6892971245995378,0.3866415804320101,0.6708974358974359
0.04073482428108509,0.025399811853197743,0.2948717948717949
0.07987220447271585,0.06961429915320863,0.3782051282051282
0.08067092651744302,0.06867356538086797,0.4230769230769231
0.09664536741198619,0.08748824082768111,0.3333333333333333
0.09904153354616767,0.0921919096893844,0.21794871794871795
0.36421725239558433,0.7431796801491192,0.5
0.6581469648551787,0.3969896519277573,0.7051282051282052
0.6485623003184527,0.41580432737457046,0.5833333333333334
0.6565495207657244,0.39887111947243864,0.6474358974358975
0.36182108626140286,0.7535277516448664,0.4423076923076923
0.3658146964850386,0.7488240827831631,0.47435897435897434
0.6557507987209972,0.40733772342350455,0.25
0.6613418530340873,0.40075258701711997,0.23076923076923078
0.08706070287526028,0.034807149576604315,0.35641025641025637
0.08067092651744302,0.06208842897448337,0.5256410256410257
0.09584664536725904,0.034807149576604315,0.3717948717948718
0.09824281150144051,0.04139228598298891,0.33974358974358976
0.09424920127780471,0.03668861712128563,0.1858974358974359
0.09984025559089482,0.0395108184383076,0.3675641025641026
0.09744408945671335,0.04045155221064826,0.3717948717948718
0.09504792332253187,0.03762935089362628,0.4316666666666667
0.30031948881741166,0.7779868297257234,0.3269230769230769
0.8586261980816955,0.6444026340533502,0.4230769230769231
0.08146964856217018,0.07808090310427454,0.47435897435897434
0.09904153354616767,0.08748824082768111,0.2906410256410257
0.09824281150144051,0.09031044214470309,0.30448717948717946
0.09984025559089482,0.08842897460002178,0.30038461538461547
0.03833865814690361,0.023518344308516428,0.28846153846153844
0.6621405750788145,0.3518344308554058,0.6352564102564102
0.6429712460053627,0.34430856067668053,0.5961538461538461
0.6613418530340873,0.3508936970830651,0.6161538461538462
0.6605431309893601,0.3537158984000871,0.6233333333333334
0.6381789137369998,0.34995296331072445,0.4423076923076923
0.6477635782737257,0.33866415804263655,0.5416666666666666
0.6485623003184527,0.3358419567256146,0.5939743589743589
0.659744408944633,0.35277516462774644,0.6525641025641027
0.6493610223631799,0.3367826904979553,0.5541025641025641
0.6238019169319109,0.36688617121285627,0.47064102564102556
0.639776357826454,0.3480714957660431,0.5192307692307693
0.6230031948871837,0.3659454374405156,0.5138461538461538
0.6214057507977294,0.36782690498519693,0.47012820512820513
0.6373801916922726,0.3490122295383838,0.42948717948717946
0.6581469648551787,0.35465663217242777,0.6465384615384616
0.6589456868999058,0.35559736594476843,0.6307692307692309
0.6222044728424565,0.3687676387575376,0.4807692307692308
0.6453674121395442,0.3396048918149772,0.5298717948717948
0.6557507987209972,0.359360301034131,0.7243589743589743
0.6541533546315429,0.36124176857881235,0.7307692307692307
0.6525559105420886,0.3631232361234937,0.5555128205128205
0.6517571884973614,0.362182502351153,0.5205128205128204
0.12060702875380094,0.07337723424257125,0.3375641025641025
0.11661341853016516,0.06867356538086797,0.3333333333333333
0.115814696485438,0.06773283160852732,0.3173076923076923
0.10463258785925778,0.08466603951065914,0.2991025641025641
0.10702875399343925,0.08748824082768111,0.391025641025641
0.10543130990398493,0.0856067732829998,0.36538461538461536
0.10862619808289357,0.08936970837236242,0.3717948717948718
0.11900958466434663,0.07149576669788994,0.32051282051282054
0.1078274760381664,0.08842897460002178,0.32474358974358974
0.10383386581453062,0.08372530573831849,0.38230769230769224
0.10303514376980347,0.08278457196597783,0.36961538461538457
0.11501597444071084,0.06679209783618666,0.376025641025641
0.1062300319487121,0.08654750705534046,0.34192307692307694
0.11980830670907379,0.0724365004702306,0.34782051282051274
0.11741214057489231,0.06961429915320863,0.35038461538461535
0.9305111821071398,0.6660395108171853,0.4401282051282051
0.9337060702860485,0.6396989651916468,0.517051282051282
0.9345047923307755,0.6406396989639875,0.45974358974358975
0.9408945686885928,0.6481655691427127,0.6221794871794872
0.9193290734809596,0.6528692380044161,0.5384615384615384
0.9424920127780472,0.650047036687394,0.616025641025641
0.9432907348227743,0.6509877704597348,0.6444871794871795
0.936900958464957,0.6434619002810095,0.4506410256410257
0.9376996805096842,0.6444026340533502,0.5925641025641025
0.9384984025544114,0.6453433678256908,0.6025641025641025
0.9392971245991385,0.6462841015980315,0.6292307692307693
0.9361022364202299,0.6425211665086689,0.4499999999999999
0.9353035143755027,0.6415804327363281,0.47717948717948716
0.9400958466438657,0.6472248353703721,0.6444871794871795
0.94169329073332,0.6491063029150534,0.6161538461538462
0.2260383386577859,0.6274694261512184,0.5576923076923077
0.07987220447271585,0.0263405456255384,0.5897435897435898
0.09744408945671335,0.01693320790213183,0.4641025641025641
0.09824281150144051,0.01599247412979117,0.48717948717948717
0.09984025559089482,0.017873941674472486,0.48435897435897435
0.08466453674107881,0.03198494825958234,0.5384615384615384
0.08146964856217018,0.028222013170219714,0.5160256410256411
0.0830670926516245,0.03010348071490103,0.5855128205128205
0.08386581469635165,0.029162746942560373,0.5897435897435898
0.09904153354616767,0.01881467544681314,0.5128205128205128
0.08546325878580598,0.031044214487241685,0.5494871794871795
0.08706070287526028,0.032925682031923004,0.6314102564102564
0.7012779552704452,0.3508936970830651,0.6410256410256411
0.7044728434493539,0.35465663217242777,0.6132051282051282
0.7036741214046267,0.3537158984000871,0.5128205128205128
0.6988817891362638,0.3480714957660431,0.7051282051282052
0.7004792332257181,0.34995296331072445,0.5961538461538461
0.7052715654940811,0.35559736594476843,0.6128205128205128
0.6821086261969934,0.3885230479766914,0.6205128205128206
0.6829073482417206,0.38946378174903207,0.6274358974358974
0.6661341853024503,0.36970837252987826,0.7120512820512821
0.6669329073471775,0.3706491063022189,0.6879487179487179
0.6813099041522663,0.38758231420435074,0.6284615384615384
0.669329073481359,0.3734713076192409,0.6803846153846153
0.6845047923311749,0.3913452492937134,0.623076923076923
0.6781150159733577,0.3838193791149881,0.6780769230769231
0.6876996805100836,0.395108184383076,0.5564102564102564
0.6653354632577231,0.3687676387575376,0.6994871794871795
0.6677316293919046,0.3715898400745596,0.6887179487179487
0.6637380191682688,0.36688617121285627,0.6842307692307693
0.6773162939286305,0.3828786453426475,0.6944871794871795
0.6853035143759021,0.39228598306605406,0.6060256410256409
0.6741214057497219,0.37911571025328483,0.6623076923076923
0.664536741212996,0.36782690498519693,0.6976923076923077
0.6757188498391762,0.38099717779796616,0.660128205128205
0.670127795526086,0.3744120413915816,0.6703846153846155
0.6685303514366318,0.37253057384690025,0.6797435897435897
0.6629392971235416,0.3659454374405156,0.6837179487179487
0.6837060702864478,0.39040451552137273,0.6075641025641025
0.6789137380180849,0.38476011288732875,0.6647435897435897
0.6797124600628119,0.3857008466596694,0.6438461538461538
0.6869009584653564,0.3941674506107353,0.5728205128205129
0.6805111821075391,0.3866415804320101,0.6406410256410257
0.6725239616602675,0.3772342427086035,0.6741025641025641
0.6709265175708132,0.3753527751639222,0.6714102564102564
0.674920127794449,0.3800564440256255,0.6741025641025641
0.6861022364206293,0.39322671683839466,0.5702564102564103
0.6765175718839034,0.3819379115703068,0.6817948717948719
0.6717252396155404,0.37629350893626284,0.6814102564102564
0.6733226837049947,0.37817497648094417,0.6767948717948719
0.7028753993598996,0.35277516462774644,0.6367948717948718
0.6477635782737257,0.36688617121285627,0.6217948717948718
0.6605431309893601,0.3819379115703068,0.5025641025641026
0.6357827476028183,0.35277516462774644,0.42948717948717946
0.6565495207657244,0.38476011288732875,0.5128205128205128
0.6317891373791824,0.35559736594476843,0.45320512820512815
0.659744408944633,0.38099717779796616,0.6191025641025641
0.6541533546315429,0.38946378174903207,0.32051282051282054
0.6533546325868157,0.3885230479766914,0.5051282051282052
0.6581469648551787,0.3866415804320101,0.5256410256410257
0.6325878594239096,0.35653809971710904,0.4311538461538461
0.6301916932897281,0.36124176857881235,0.5032051282051282
0.6285942492002738,0.359360301034131,0.4982051282051282
0.6293929712450009,0.3603010348064717,0.5071794871794872
0.6573482428104516,0.3857008466596694,0.523076923076923
0.6253993610213652,0.3631232361234937,0.46705128205128216
0.6341853035133639,0.3508936970830651,0.42179487179487185
0.6269968051108195,0.365004703668175,0.482051282051282
0.6261980830660924,0.36406396989583434,0.4641025641025641
0.624600638976638,0.362182502351153,0.4566666666666667
0.6309904153344553,0.35465663217242777,0.4383333333333333
0.6333865814686368,0.3574788334894497,0.4638461538461539
0.6557507987209972,0.3913452492937134,0.5352564102564102
0.6589456868999058,0.38758231420435074,0.4891025641025642
0.6365814696475454,0.3537158984000871,0.4316666666666667
0.6549520766762701,0.39040451552137273,0.5214102564102564
0.6277955271555467,0.35841956726179036,0.4780769230769232
0.6613418530340873,0.3828786453426475,0.5762820512820513
0.6621405750788145,0.3838193791149881,0.530128205128205
0.6349840255580911,0.3518344308554058,0.4282051282051283
0.10862619808289357,0.05362182502341746,0.27564102564102566
0.1062300319487121,0.05832549388512075,0.36217948717948717
0.10942492012762073,0.054562558795758116,0.2774358974358974
0.11102236421707505,0.0526810912510768,0.2948717948717949
0.10702875399343925,0.05550329256809877,0.375
0.12460063897743674,0.034807149576604315,0.3932051282051282
0.1078274760381664,0.05644402634043943,0.33192307692307693
0.11022364217234788,0.05174035747873614,0.3114102564102565
0.9760383386565878,0.6622765757278226,0.4391025641025641
0.9744408945671335,0.6566321730937786,0.42051282051282046
0.9768370607013149,0.661335841955482,0.4470512820512821
0.9712460063882249,0.6528692380044161,0.41282051282051285
0.9784345047907693,0.6594543744108007,0.42628205128205127
0.9776357827460421,0.6603951081831413,0.358974358974359
0.9736421725224064,0.6575729068661194,0.4182051282051283
0.9440894568675015,0.6246472248341963,0.41025641025641024
0.9728434504776792,0.65851364063846,0.4241025641025641
0.9480830670911372,0.6274694261512184,0.46794871794871795
0.972044728432952,0.6519285042320754,0.4256410256410257
0.9472843450464101,0.628410159923559,0.3824358974358974
0.9696485622987705,0.6547507055490974,0.40461538461538465
0.9800319488802236,0.6650987770448447,0.4551282051282051
0.9704472843434977,0.6538099717767567,0.45641025641025634
0.9760383386565878,0.6538099717767567,0.4230769230769231
0.9488817891358644,0.6331138287852622,0.42948717948717946
0.972044728432952,0.6603951081831413,0.4337179487179487
0.9456869009569557,0.6293508936958996,0.4264102564102565
0.720447284343897,0.35277516462774644,0.3141025641025641
0.9712460063882249,0.6594543744108007,0.4230769230769231
0.9464856230016829,0.6302916274682403,0.4442307692307693
0.9440894568675015,0.6312323612405809,0.47320512820512817
0.9448881789122286,0.6321730950129216,0.4730769230769232
0.9472843450464101,0.6349952963299436,0.4791025641025642
0.9744408945671335,0.6632173095001633,0.41025641025641024
0.9696485622987705,0.661335841955482,0.4166666666666667
0.9480830670911372,0.6359360301022843,0.46794871794871795
0.9768370607013149,0.6547507055490974,0.44871794871794873
0.3194888178908634,0.7441204139214598,0.3269230769230769
0.31709265175668194,0.7412982126044378,0.42948717948717946
0.3282747603828622,0.754468485417207,0.5214102564102564
0.3290734824275893,0.7554092191895477,0.559871794871795
0.32747603833813504,0.7535277516448664,0.48717948717948717
0.3242811501592264,0.7497648165555038,0.5256410256410257
0.3258785942486807,0.7516462841001851,0.517948717948718
0.32507987220395357,0.7507055503278444,0.511025641025641
0.32348242811449923,0.7488240827831631,0.4982051282051282
0.31469648562250047,0.7384760112874159,0.5384615384615384
0.3218849840250449,0.7469426152384818,0.49461538461538457
0.3226837060697721,0.7478833490108224,0.4884615384615384
0.3298722044723165,0.7563499529618883,0.40705128205128205
0.32667731629340785,0.7525870178725257,0.532051282051282
0.32108626198031776,0.7460018814661411,0.4641025641025641
0.644568690094817,0.35277516462774644,0.5961538461538461
0.6501597444079071,0.34619002822136186,0.6153846153846154
0.6309904153344553,0.3687676387575376,0.45294871794871794
0.6325878594239096,0.36688617121285627,0.44974358974358974
0.6565495207657244,0.33866415804263655,0.5978205128205127
0.6621405750788145,0.3396048918149772,0.6039743589743589
0.6509584664526342,0.3452492944490212,0.5384615384615384
0.6581469648551787,0.3367826904979553,0.6216666666666666
0.6605431309893601,0.34148635935965854,0.622051282051282
0.6573482428104516,0.3377234242702959,0.5937179487179487
0.6549520766762701,0.3480714957660431,0.5076923076923077
0.6525559105420886,0.34336782690433987,0.5852564102564103
0.6557507987209972,0.34713076199370246,0.6398717948717948
0.6589456868999058,0.3358419567256146,0.6238461538461538
0.6333865814686368,0.3659454374405156,0.46153846153846156
0.6541533546315429,0.3490122295383838,0.6007692307692307
0.6613418530340873,0.3405456255873179,0.6082051282051282
0.6517571884973614,0.34430856067668053,0.6923076923076923
0.659744408944633,0.3424270931319992,0.611923076923077
0.6533546325868157,0.34995296331072445,0.6
0.6261980830660924,0.3744120413915816,0.48717948717948717
0.6317891373791824,0.36782690498519693,0.4435897435897435
0.6373801916922726,0.36124176857881235,0.47435897435897434
0.12220447284325527,0.06961429915320863,0.32474358974358974
0.1118210862618022,0.07996237064895585,0.34935897435897434
0.10702875399343925,0.0856067732829998,0.32474358974358974
0.11980830670907379,0.07055503292554928,0.34615384615384615
0.10543130990398493,0.08748824082768111,0.21794871794871795
0.11341853035125653,0.07808090310427454,0.34794871794871796
0.11900958466434663,0.07337723424257125,0.36089743589743595
0.1078274760381664,0.08654750705534046,0.34615384615384615
0.10383386581453062,0.08936970837236242,0.32051282051282054
0.11661341853016516,0.07431796801491192,0.358974358974359
0.12060702875380094,0.07149576669788994,0.33076923076923076
0.10942492012762073,0.08466603951065914,0.33115384615384613
0.12140575079852811,0.06867356538086797,0.33846153846153854
0.11102236421707505,0.08278457196597783,0.35717948717948717
0.11421725239598368,0.0790216368766152,0.40294871794871806
0.11261980830652936,0.08090310442129652,0.3835897435897436
0.115814696485438,0.07714016933193389,0.38461538461538464
0.11022364217234788,0.08184383819363718,0.3525641025641026
0.11741214057489231,0.07525870178725257,0.3675641025641026
0.11821086261961947,0.0724365004702306,0.32051282051282054
0.11501597444071084,0.07619943555959323,0.34243589743589736
0.639776357826454,0.3273753527745487,0.5228205128205128
0.6413738019159083,0.32173095014050473,0.5085897435897436
0.6485623003184527,0.33019755409157064,0.5946153846153845
0.6477635782737257,0.32925682031923,0.6067948717948718
0.6429712460053627,0.32361241768518606,0.5678205128205129
0.6405750798711812,0.32079021636816407,0.46153846153846156
0.6493610223631799,0.3311382878639113,0.6328205128205128
0.6469648562289985,0.3283160865468893,0.4971794871794872
0.6437699680500898,0.33207902163625197,0.5384615384615384
0.6453674121395442,0.3339604891809333,0.5512820512820513
0.6421725239606355,0.3226716839128454,0.5705128205128205
0.6461661341842713,0.33490122295327396,0.6
0.6389776357817268,0.32643461900220805,0.623974358974359
0.644568690094817,0.33301975540859263,0.5303846153846155
0.6381789137369998,0.3254938852298674,0.5307692307692309
0.33306709265122514,0.7365945437427346,0.5538461538461539
0.33626198083013376,0.7403574788320971,0.6923076923076923
0.33067092651704366,0.7356538099703939,0.6489743589743591
0.3258785942486807,0.7149576669788994,0.5641025641025641
0.332268370606498,0.7375352775150752,0.5641025641025641
0.3450479233221325,0.7525870178725257,0.5641025641025641
0.3434504792326782,0.7507055503278444,0.5184615384615384
0.3218849840250449,0.7234242709299653,0.5875641025641025
0.34664536741158686,0.754468485417207,0.5017948717948718
0.3226837060697721,0.7262464722469874,0.6364102564102564
0.3354632587854066,0.7412982126044378,0.5402564102564102
0.3338658146959523,0.7394167450597565,0.5675641025641025
0.3346645367406795,0.7384760112874159,0.5926923076923077
0.3514376996799498,0.7450611476938005,0.41448717948717945
0.3442492012774054,0.7497648165555038,0.6265384615384616
0.32348242811449923,0.7253057384746466,0.6296153846153846
0.34584664536685966,0.7516462841001851,0.5146153846153846
0.3314696485617708,0.7347130761980533,0.6506410256410257
0.347444089456314,0.7535277516448664,0.5576923076923077
0.41214057507921387,0.5371589840065152,0.5833333333333334
0.12300319488798242,0.07055503292554928,0.3525641025641026
0.11821086261961947,0.07619943555959323,0.38461538461538464
0.11261980830652936,0.08466603951065914,0.38038461538461543
0.11980830670907379,0.06679209783618666,0.38461538461538464
0.1022364217250763,0.08748824082768111,0.36538461538461536
0.1078274760381664,0.08278457196597783,0.3828205128205128
0.12220447284325527,0.06585136406384601,0.36538461538461536
0.11341853035125653,0.07431796801491192,0.38461538461538464
0.10063897763562199,0.08936970837236242,0.3692307692307692
0.11022364217234788,0.0856067732829998,0.376025641025641
0.1118210862618022,0.08372530573831849,0.34192307692307694
0.10702875399343925,0.08184383819363718,0.19230769230769232
0.11102236421707505,0.08654750705534046,0.36538461538461536
0.115814696485438,0.07337723424257125,0.36217948717948717
0.11661341853016516,0.07808090310427454,0.3806410256410256
0.11501597444071084,0.0724365004702306,0.3226923076923077
0.10862619808289357,0.07996237064895585,0.38884615384615384
0.10942492012762073,0.08090310442129652,0.3607692307692308
0.11421725239598368,0.07525870178725257,0.358974358974359
0.7004792332257181,0.3659454374405156,0.5726923076923077
0.6988817891362638,0.36782690498519693,0.6253846153846154
0.6869009584653564,0.3518344308554058,0.6282051282051282
0.6924920127784465,0.3753527751639222,0.6538461538461539
0.6916932907337193,0.37629350893626284,0.5641025641025641
0.6940894568679008,0.3734713076192409,0.6358974358974359
0.6837060702864478,0.35559736594476843,0.6841025641025641
0.7116613418518983,0.3828786453426475,0.6025641025641025
0.6908945686889922,0.3772342427086035,0.6880769230769231
0.6789137380180849,0.36124176857881235,0.6929487179487179
0.6892971245995378,0.37911571025328483,0.6128205128205128
0.6773162939286305,0.3631232361234937,0.7212820512820514
0.6805111821075391,0.359360301034131,0.6661538461538461
0.6797124600628119,0.3603010348064717,0.6735897435897437
0.6829073482417206,0.35653809971710904,0.6598717948717948
0.6765175718839034,0.36406396989583434,0.7071794871794871
0.6637380191682688,0.3490122295383838,0.6253846153846154
0.6956869009573552,0.3715898400745596,0.6410256410256411
0.694888178912628,0.37253057384690025,0.6367948717948718
0.6821086261969934,0.3574788334894497,0.6417948717948718
0.8642172523947856,0.4440263405447902,0.2692307692307692
0.6757188498391762,0.365004703668175,0.7003846153846153
0.6629392971235416,0.34995296331072445,0.6132051282051282
0.6653354632577231,0.34713076199370246,0.6923076923076923
0.6709265175708132,0.3405456255873179,0.6474358974358975
0.7092651757177169,0.3857008466596694,0.5085897435897436
0.6781150159733577,0.362182502351153,0.7137179487179487
0.6813099041522663,0.35841956726179036,0.6566666666666666
0.6845047923311749,0.35465663217242777,0.5791025641025641
0.6972843450468095,0.36970837252987826,0.5801282051282052
0.6861022364206293,0.35277516462774644,0.6324358974358975
0.6677316293919046,0.34430856067668053,0.6752564102564103
0.690095846644265,0.37817497648094417,0.623974358974359
0.6853035143759021,0.3537158984000871,0.623974358974359
0.6884984025548108,0.3800564440256255,0.5824358974358975
0.6964856230020823,0.3706491063022189,0.6282051282051282
0.6876996805100836,0.3508936970830651,0.6307692307692309
0.669329073481359,0.3424270931319992,0.5641025641025641
0.6932907348231737,0.3744120413915816,0.6378205128205128
0.6980830670915367,0.3687676387575376,0.6303846153846154
0.6669329073471775,0.3452492944490212,0.5564102564102564
0.7212460063886242,0.34336782690433987,0.38461538461538464
0.720447284343897,0.34430856067668053,0.28846153846153844
0.31469648562250047,0.6660395108171853,0.47435897435897434
0.33626198083013376,0.7441204139214598,0.4967948717948718
0.33306709265122514,0.7478833490108224,0.5720512820512821
0.332268370606498,0.7488240827831631,0.592948717948718
0.34025559105376957,0.7507055503278444,0.5688461538461539
0.3410543130984967,0.7497648165555038,0.5064102564102564
0.33706070287486095,0.754468485417207,0.5866666666666668
0.33945686900904243,0.7554092191895477,0.4792307692307692
0.3314696485617708,0.7460018814661411,0.5987179487179487
0.33067092651704366,0.7469426152384818,0.6587179487179486
0.3346645367406795,0.7422389463767785,0.5794871794871795
0.3338658146959523,0.7431796801491192,0.6337179487179488
0.3354632587854066,0.7450611476938005,0.6038461538461538
0.33865814696431523,0.7563499529618883,0.5892307692307691
0.34265175718795104,0.7516462841001851,0.5897435897435898
0.3418530351432239,0.7525870178725257,0.6047435897435898
0.3378594249195881,0.7535277516448664,0.5801282051282052
0.36341853035085714,0.7450611476938005,0.3974358974358974
0.36102236421667566,0.7535277516448664,0.4273076923076923
0.3666134185297658,0.7488240827831631,0.46794871794871795
0.3594249201272214,0.7554092191895477,0.5
0.36182108626140286,0.754468485417207,0.21371794871794875
0.6589456868999058,0.3969896519277573,0.6538461538461539
0.6621405750788145,0.40075258701711997,0.28846153846153844
